"Param","RowId","RowName","Field","Vanilla","Value"
"BonfireWarpParam","110504","","posX","-54.63","-40"
"BonfireWarpParam","110504","","posY","47.56","30"
"BonfireWarpParam","130011","","(new row)","",""
"BonfireWarpParam","130011","","disableParam_NT","(default)","1"
"BonfireWarpParam","130011","","eventflagId","(default)","71311"
"BonfireWarpParam","130011","","bonfireEntityId","(default)","13001961"
"BonfireWarpParam","130011","","bonfireSubCategorySortId","(default)","90"
"BonfireWarpParam","130011","","forbiddenIconId","(default)","2"
"BonfireWarpParam","130011","","bonfireSubCategoryId","(default)","13000"
"BonfireWarpParam","130011","","iconId","(default)","1"
"BonfireWarpParam","130011","","dispMask00","(default)","1"
"BonfireWarpParam","130011","","areaNo","(default)","13"
"BonfireWarpParam","130011","","posX","(default)","58.362"
"BonfireWarpParam","130011","","posY","(default)","-177.944"
"BonfireWarpParam","130011","","posZ","(default)","421.865"
"BonfireWarpParam","130011","","textId1","(default)","130011"
"BonfireWarpParam","130011","","noIgnitionSfxDmypolyId_0","(default)","100"
"BonfireWarpParam","130011","","noIgnitionSfxId_0","(default)","6411"
"BonfireWarpParam","130011","","altIconId","(default)","1"
"BonfireWarpParam","130011","","altForbiddenIconId","(default)","2"
"BonfireWarpSubCategoryParam","11050","","tabId","11000","11001"
"BonfireWarpSubCategoryParam","11050","","sortId","30","10"
"BonfireWarpSubCategoryParam","19000","","tabId","11000","11001"
"BonfireWarpSubCategoryParam","19000","","sortId","40","20"
"BonfireWarpTabParam","11001","","(new row)","",""
"BonfireWarpTabParam","11001","","disableParam_NT","(default)","1"
"BonfireWarpTabParam","11001","","textId","(default)","241303"
"BonfireWarpTabParam","11001","","sortId","(default)","3021"
"BonfireWarpTabParam","11001","","iconId","(default)","11"
"CharaInitParam","23263","","(new row)","",""
"CharaInitParam","23263","","equip_Armer","(default)","721100"
"CharaInitParam","23263","","equip_Gaunt","(default)","720200"
"CharaInitParam","23263","","equip_Leg","(default)","720300"
"CharaInitParam","23263","","equip_Spell_01","(default)","53260"
"CharaInitParam","23263","","equip_Spell_02","(default)","53261"
"CharaInitParam","23263","","item_01","(default)","50203"
"CharaInitParam","23263","","npcPlayerFaceGenId","(default)","23260"
"CharaInitParam","23263","","soulLv","(default)","29"
"CharaInitParam","23263","","baseVit","(default)","31"
"CharaInitParam","23263","","baseWil","(default)","9"
"CharaInitParam","23263","","baseEnd","(default)","11"
"CharaInitParam","23263","","baseStr","(default)","15"
"CharaInitParam","23263","","baseDex","(default)","10"
"CharaInitParam","23263","","baseMag","(default)","10"
"CharaInitParam","23263","","baseFai","(default)","13"
"CharaInitParam","23263","","baseLuc","(default)","9"
"CharaInitParam","23263","","itemNum_01","(default)","1"
"CharaInitParam","23263","","gestureId0","(default)","0"
"CharaInitParam","23263","","gestureId1","(default)","1"
"CharaInitParam","23263","","gestureId2","(default)","2"
"CharaInitParam","23263","","gestureId3","(default)","3"
"CharaInitParam","23263","","gestureId4","(default)","4"
"CharaInitParam","23263","","gestureId5","(default)","5"
"CharaInitParam","23263","","gestureId6","(default)","6"
"CharaInitParam","23263","","npcPlayerSex","(default)","1"
"CharaInitParam","23263","","HpEstMax","(default)","3"
"CharaInitParam","23263","","MpEstMax","(default)","3"
"CharaInitParam","23263","","voiceType","(default)","126"
"CharaInitParam","23264","","(new row)","",""
"CharaInitParam","23264","","equip_Wep_Right","(default)","3090000"
"CharaInitParam","23264","","equip_Helm","(default)","230000"
"CharaInitParam","23264","","equip_Armer","(default)","230100"
"CharaInitParam","23264","","equip_Gaunt","(default)","230200"
"CharaInitParam","23264","","equip_Leg","(default)","230300"
"CharaInitParam","23264","","equip_Spell_01","(default)","53260"
"CharaInitParam","23264","","equip_Spell_02","(default)","53261"
"CharaInitParam","23264","","item_01","(default)","50203"
"CharaInitParam","23264","","npcPlayerFaceGenId","(default)","23260"
"CharaInitParam","23264","","soulLv","(default)","29"
"CharaInitParam","23264","","baseVit","(default)","31"
"CharaInitParam","23264","","baseWil","(default)","9"
"CharaInitParam","23264","","baseEnd","(default)","11"
"CharaInitParam","23264","","baseStr","(default)","15"
"CharaInitParam","23264","","baseDex","(default)","10"
"CharaInitParam","23264","","baseMag","(default)","10"
"CharaInitParam","23264","","baseFai","(default)","13"
"CharaInitParam","23264","","baseLuc","(default)","9"
"CharaInitParam","23264","","itemNum_01","(default)","1"
"CharaInitParam","23264","","gestureId0","(default)","0"
"CharaInitParam","23264","","gestureId1","(default)","1"
"CharaInitParam","23264","","gestureId2","(default)","2"
"CharaInitParam","23264","","gestureId3","(default)","3"
"CharaInitParam","23264","","gestureId4","(default)","4"
"CharaInitParam","23264","","gestureId5","(default)","5"
"CharaInitParam","23264","","gestureId6","(default)","6"
"CharaInitParam","23264","","npcPlayerSex","(default)","1"
"CharaInitParam","23264","","HpEstMax","(default)","3"
"CharaInitParam","23264","","MpEstMax","(default)","3"
"CharaInitParam","23264","","voiceType","(default)","126"
"CharaInitParam","23265","","(new row)","",""
"CharaInitParam","23265","","equip_Wep_Right","(default)","7510000"
"CharaInitParam","23265","","equip_Helm","(default)","120000"
"CharaInitParam","23265","","equip_Armer","(default)","120100"
"CharaInitParam","23265","","equip_Gaunt","(default)","120200"
"CharaInitParam","23265","","equip_Leg","(default)","120300"
"CharaInitParam","23265","","equip_Spell_01","(default)","53260"
"CharaInitParam","23265","","equip_Spell_02","(default)","53261"
"CharaInitParam","23265","","item_01","(default)","50203"
"CharaInitParam","23265","","npcPlayerFaceGenId","(default)","23260"
"CharaInitParam","23265","","soulLv","(default)","29"
"CharaInitParam","23265","","baseVit","(default)","31"
"CharaInitParam","23265","","baseWil","(default)","9"
"CharaInitParam","23265","","baseEnd","(default)","11"
"CharaInitParam","23265","","baseStr","(default)","15"
"CharaInitParam","23265","","baseDex","(default)","10"
"CharaInitParam","23265","","baseMag","(default)","10"
"CharaInitParam","23265","","baseFai","(default)","13"
"CharaInitParam","23265","","baseLuc","(default)","9"
"CharaInitParam","23265","","itemNum_01","(default)","1"
"CharaInitParam","23265","","gestureId0","(default)","0"
"CharaInitParam","23265","","gestureId1","(default)","1"
"CharaInitParam","23265","","gestureId2","(default)","2"
"CharaInitParam","23265","","gestureId3","(default)","3"
"CharaInitParam","23265","","gestureId4","(default)","4"
"CharaInitParam","23265","","gestureId5","(default)","5"
"CharaInitParam","23265","","gestureId6","(default)","6"
"CharaInitParam","23265","","npcPlayerSex","(default)","1"
"CharaInitParam","23265","","HpEstMax","(default)","3"
"CharaInitParam","23265","","MpEstMax","(default)","3"
"CharaInitParam","23265","","voiceType","(default)","126"
"CharaInitParam","23266","","(new row)","",""
"CharaInitParam","23266","","equip_Wep_Right","(default)","8100000"
"CharaInitParam","23266","","equip_Helm","(default)","520000"
"CharaInitParam","23266","","equip_Armer","(default)","520100"
"CharaInitParam","23266","","equip_Gaunt","(default)","520200"
"CharaInitParam","23266","","equip_Leg","(default)","520300"
"CharaInitParam","23266","","equip_Spell_01","(default)","53260"
"CharaInitParam","23266","","equip_Spell_02","(default)","53261"
"CharaInitParam","23266","","item_01","(default)","50203"
"CharaInitParam","23266","","npcPlayerFaceGenId","(default)","23260"
"CharaInitParam","23266","","soulLv","(default)","29"
"CharaInitParam","23266","","baseVit","(default)","31"
"CharaInitParam","23266","","baseWil","(default)","9"
"CharaInitParam","23266","","baseEnd","(default)","11"
"CharaInitParam","23266","","baseStr","(default)","15"
"CharaInitParam","23266","","baseDex","(default)","10"
"CharaInitParam","23266","","baseMag","(default)","10"
"CharaInitParam","23266","","baseFai","(default)","13"
"CharaInitParam","23266","","baseLuc","(default)","9"
"CharaInitParam","23266","","itemNum_01","(default)","1"
"CharaInitParam","23266","","gestureId0","(default)","0"
"CharaInitParam","23266","","gestureId1","(default)","1"
"CharaInitParam","23266","","gestureId2","(default)","2"
"CharaInitParam","23266","","gestureId3","(default)","3"
"CharaInitParam","23266","","gestureId4","(default)","4"
"CharaInitParam","23266","","gestureId5","(default)","5"
"CharaInitParam","23266","","gestureId6","(default)","6"
"CharaInitParam","23266","","npcPlayerSex","(default)","1"
"CharaInitParam","23266","","HpEstMax","(default)","3"
"CharaInitParam","23266","","MpEstMax","(default)","3"
"CharaInitParam","23266","","voiceType","(default)","126"
"CharaInitParam","23267","","(new row)","",""
"CharaInitParam","23267","","equip_Wep_Right","(default)","3130000"
"CharaInitParam","23267","","equip_Helm","(default)","760000"
"CharaInitParam","23267","","equip_Armer","(default)","760100"
"CharaInitParam","23267","","equip_Gaunt","(default)","760200"
"CharaInitParam","23267","","equip_Leg","(default)","760300"
"CharaInitParam","23267","","equip_Spell_01","(default)","53260"
"CharaInitParam","23267","","equip_Spell_02","(default)","53261"
"CharaInitParam","23267","","item_01","(default)","50203"
"CharaInitParam","23267","","npcPlayerFaceGenId","(default)","23260"
"CharaInitParam","23267","","soulLv","(default)","29"
"CharaInitParam","23267","","baseVit","(default)","31"
"CharaInitParam","23267","","baseWil","(default)","9"
"CharaInitParam","23267","","baseEnd","(default)","11"
"CharaInitParam","23267","","baseStr","(default)","15"
"CharaInitParam","23267","","baseDex","(default)","10"
"CharaInitParam","23267","","baseMag","(default)","10"
"CharaInitParam","23267","","baseFai","(default)","13"
"CharaInitParam","23267","","baseLuc","(default)","9"
"CharaInitParam","23267","","itemNum_01","(default)","1"
"CharaInitParam","23267","","gestureId0","(default)","0"
"CharaInitParam","23267","","gestureId1","(default)","1"
"CharaInitParam","23267","","gestureId2","(default)","2"
"CharaInitParam","23267","","gestureId3","(default)","3"
"CharaInitParam","23267","","gestureId4","(default)","4"
"CharaInitParam","23267","","gestureId5","(default)","5"
"CharaInitParam","23267","","gestureId6","(default)","6"
"CharaInitParam","23267","","npcPlayerSex","(default)","1"
"CharaInitParam","23267","","HpEstMax","(default)","3"
"CharaInitParam","23267","","MpEstMax","(default)","3"
"CharaInitParam","23267","","voiceType","(default)","126"
"CharaInitParam","23268","","(new row)","",""
"CharaInitParam","23268","","equip_Wep_Left","(default)","24050000"
"CharaInitParam","23268","","equip_Armer","(default)","1960100"
"CharaInitParam","23268","","equip_Gaunt","(default)","1960200"
"CharaInitParam","23268","","equip_Leg","(default)","1950300"
"CharaInitParam","23268","","equip_Spell_01","(default)","53260"
"CharaInitParam","23268","","equip_Spell_02","(default)","53261"
"CharaInitParam","23268","","item_01","(default)","50203"
"CharaInitParam","23268","","npcPlayerFaceGenId","(default)","23480"
"CharaInitParam","23268","","soulLv","(default)","29"
"CharaInitParam","23268","","baseVit","(default)","31"
"CharaInitParam","23268","","baseWil","(default)","9"
"CharaInitParam","23268","","baseEnd","(default)","11"
"CharaInitParam","23268","","baseStr","(default)","15"
"CharaInitParam","23268","","baseDex","(default)","10"
"CharaInitParam","23268","","baseMag","(default)","10"
"CharaInitParam","23268","","baseFai","(default)","13"
"CharaInitParam","23268","","baseLuc","(default)","9"
"CharaInitParam","23268","","itemNum_01","(default)","1"
"CharaInitParam","23268","","gestureId0","(default)","0"
"CharaInitParam","23268","","gestureId1","(default)","1"
"CharaInitParam","23268","","gestureId2","(default)","2"
"CharaInitParam","23268","","gestureId3","(default)","3"
"CharaInitParam","23268","","gestureId4","(default)","4"
"CharaInitParam","23268","","gestureId5","(default)","5"
"CharaInitParam","23268","","gestureId6","(default)","6"
"CharaInitParam","23268","","HpEstMax","(default)","3"
"CharaInitParam","23268","","MpEstMax","(default)","3"
"CharaInitParam","23268","","voiceType","(default)","126"
"EquipMtrlSetParam","1","","itemNum01","2","1"
"EquipMtrlSetParam","2","","itemNum01","4","1"
"EquipMtrlSetParam","3","","itemNum01","6","1"
"EquipMtrlSetParam","4","","itemNum01","2","1"
"EquipMtrlSetParam","5","","itemNum01","4","1"
"EquipMtrlSetParam","6","","itemNum01","6","1"
"EquipMtrlSetParam","7","","itemNum01","2","1"
"EquipMtrlSetParam","8","","itemNum01","4","1"
"EquipMtrlSetParam","9","","itemNum01","6","1"
"EquipMtrlSetParam","10","","itemNum01","2","1"
"EquipMtrlSetParam","11","","itemNum01","4","1"
"EquipMtrlSetParam","12","","itemNum01","6","1"
"EquipMtrlSetParam","13","","itemNum01","2","1"
"EquipMtrlSetParam","14","","itemNum01","4","1"
"EquipMtrlSetParam","15","","itemNum01","6","1"
"EquipMtrlSetParam","16","","itemNum01","2","1"
"EquipMtrlSetParam","17","","itemNum01","4","1"
"EquipMtrlSetParam","18","","itemNum01","6","1"
"EquipMtrlSetParam","19","","itemNum01","2","1"
"EquipMtrlSetParam","20","","itemNum01","4","1"
"EquipMtrlSetParam","21","","itemNum01","6","1"
"EquipMtrlSetParam","22","","itemNum01","2","1"
"EquipMtrlSetParam","23","","itemNum01","4","1"
"EquipMtrlSetParam","24","","itemNum01","6","1"
"EquipParamAccessory","4111","","(new row)","",""
"EquipParamAccessory","4111","","disableParam_NT","(default)","1"
"EquipParamAccessory","4111","","refId","(default)","340120"
"EquipParamAccessory","4111","","weight","(default)","0.6"
"EquipParamAccessory","4111","","sellValue","(default)","1000"
"EquipParamAccessory","4111","","sortId","(default)","401060"
"EquipParamAccessory","4111","","qwcId","(default)","0"
"EquipParamAccessory","4111","","iconId","(default)","18502"
"EquipParamAccessory","4111","","shopLv","(default)","-1"
"EquipParamAccessory","4111","","refCategory","(default)","2"
"EquipParamAccessory","4111","","sortGroupId","(default)","20"
"EquipParamAccessory","4111","","vagrantItemLotId","(default)","-1"
"EquipParamAccessory","4111","","vagrantBonusEneDropItemLotId","(default)","-1"
"EquipParamAccessory","4111","","vagrantItemEneDropItemLotId","(default)","-1"
"EquipParamAccessory","4111","","isDeposit","(default)","1"
"EquipParamAccessory","4111","","isDiscard","(default)","1"
"EquipParamAccessory","4111","","isDrop","(default)","1"
"EquipParamAccessory","4111","","rarity","(default)","2"
"EquipParamAccessory","4111","","saleValue","(default)","0"
"EquipParamAccessory","4111","","accessoryGroup","(default)","4010"
"EquipParamAccessory","4112","","(new row)","",""
"EquipParamAccessory","4112","","disableParam_NT","(default)","1"
"EquipParamAccessory","4112","","refId","(default)","340420"
"EquipParamAccessory","4112","","weight","(default)","0.6"
"EquipParamAccessory","4112","","sellValue","(default)","1000"
"EquipParamAccessory","4112","","sortId","(default)","401150"
"EquipParamAccessory","4112","","qwcId","(default)","0"
"EquipParamAccessory","4112","","iconId","(default)","18532"
"EquipParamAccessory","4112","","shopLv","(default)","-1"
"EquipParamAccessory","4112","","refCategory","(default)","2"
"EquipParamAccessory","4112","","sortGroupId","(default)","20"
"EquipParamAccessory","4112","","vagrantItemLotId","(default)","-1"
"EquipParamAccessory","4112","","vagrantBonusEneDropItemLotId","(default)","-1"
"EquipParamAccessory","4112","","vagrantItemEneDropItemLotId","(default)","-1"
"EquipParamAccessory","4112","","isDeposit","(default)","1"
"EquipParamAccessory","4112","","isDiscard","(default)","1"
"EquipParamAccessory","4112","","isDrop","(default)","1"
"EquipParamAccessory","4112","","rarity","(default)","2"
"EquipParamAccessory","4112","","saleValue","(default)","0"
"EquipParamAccessory","4112","","accessoryGroup","(default)","4040"
"EquipParamAccessory","4113","","(new row)","",""
"EquipParamAccessory","4113","","disableParam_NT","(default)","1"
"EquipParamAccessory","4113","","refId","(default)","340220"
"EquipParamAccessory","4113","","weight","(default)","0.6"
"EquipParamAccessory","4113","","sellValue","(default)","1000"
"EquipParamAccessory","4113","","sortId","(default)","401090"
"EquipParamAccessory","4113","","qwcId","(default)","0"
"EquipParamAccessory","4113","","iconId","(default)","18512"
"EquipParamAccessory","4113","","shopLv","(default)","-1"
"EquipParamAccessory","4113","","refCategory","(default)","2"
"EquipParamAccessory","4113","","sortGroupId","(default)","20"
"EquipParamAccessory","4113","","vagrantItemLotId","(default)","-1"
"EquipParamAccessory","4113","","vagrantBonusEneDropItemLotId","(default)","-1"
"EquipParamAccessory","4113","","vagrantItemEneDropItemLotId","(default)","-1"
"EquipParamAccessory","4113","","isDeposit","(default)","1"
"EquipParamAccessory","4113","","isDiscard","(default)","1"
"EquipParamAccessory","4113","","isDrop","(default)","1"
"EquipParamAccessory","4113","","rarity","(default)","2"
"EquipParamAccessory","4113","","saleValue","(default)","0"
"EquipParamAccessory","4113","","accessoryGroup","(default)","4020"
"EquipParamAccessory","4114","","(new row)","",""
"EquipParamAccessory","4114","","disableParam_NT","(default)","1"
"EquipParamAccessory","4114","","refId","(default)","340320"
"EquipParamAccessory","4114","","weight","(default)","0.6"
"EquipParamAccessory","4114","","sellValue","(default)","1000"
"EquipParamAccessory","4114","","sortId","(default)","401120"
"EquipParamAccessory","4114","","qwcId","(default)","0"
"EquipParamAccessory","4114","","iconId","(default)","18522"
"EquipParamAccessory","4114","","shopLv","(default)","-1"
"EquipParamAccessory","4114","","refCategory","(default)","2"
"EquipParamAccessory","4114","","sortGroupId","(default)","20"
"EquipParamAccessory","4114","","vagrantItemLotId","(default)","-1"
"EquipParamAccessory","4114","","vagrantBonusEneDropItemLotId","(default)","-1"
"EquipParamAccessory","4114","","vagrantItemEneDropItemLotId","(default)","-1"
"EquipParamAccessory","4114","","isDeposit","(default)","1"
"EquipParamAccessory","4114","","isDiscard","(default)","1"
"EquipParamAccessory","4114","","isDrop","(default)","1"
"EquipParamAccessory","4114","","rarity","(default)","2"
"EquipParamAccessory","4114","","saleValue","(default)","0"
"EquipParamAccessory","4114","","accessoryGroup","(default)","4030"
"EquipParamAccessory","4115","","(new row)","",""
"EquipParamAccessory","4115","","disableParam_NT","(default)","1"
"EquipParamAccessory","4115","","refId","(default)","340520"
"EquipParamAccessory","4115","","weight","(default)","0.9"
"EquipParamAccessory","4115","","sellValue","(default)","1000"
"EquipParamAccessory","4115","","sortId","(default)","401180"
"EquipParamAccessory","4115","","qwcId","(default)","0"
"EquipParamAccessory","4115","","iconId","(default)","18542"
"EquipParamAccessory","4115","","shopLv","(default)","-1"
"EquipParamAccessory","4115","","refCategory","(default)","2"
"EquipParamAccessory","4115","","sortGroupId","(default)","20"
"EquipParamAccessory","4115","","vagrantItemLotId","(default)","-1"
"EquipParamAccessory","4115","","vagrantBonusEneDropItemLotId","(default)","-1"
"EquipParamAccessory","4115","","vagrantItemEneDropItemLotId","(default)","-1"
"EquipParamAccessory","4115","","isDeposit","(default)","1"
"EquipParamAccessory","4115","","isDiscard","(default)","1"
"EquipParamAccessory","4115","","isDrop","(default)","1"
"EquipParamAccessory","4115","","rarity","(default)","2"
"EquipParamAccessory","4115","","saleValue","(default)","0"
"EquipParamAccessory","4115","","accessoryGroup","(default)","4050"
"EquipParamProtector","200000","","sortId","509005","509000"
"EquipParamProtector","200100","","sortId","609005","609000"
"EquipParamProtector","200200","","sortId","708005","708000"
"EquipParamProtector","200300","","sortId","808005","808000"
"EquipParamProtector","5120000","","sortId","506135","506131"
"EquipParamProtector","5120100","","sortId","606085","606081"
"EquipParamProtector","5120200","","sortId","705135","705131"
"EquipParamProtector","5120300","","sortId","805125","805121"
"EquipParamProtector","5121100","","sortId","606086","606082"
"EquipParamWeapon","2530000","","attackBasePhysics","38","69"
"EquipParamWeapon","2530000","","attackElementCorrectId","20010800","10000"
"FaceParam","30081","","face_partsId","32","0"
"FaceParam","30081","","skin_color_R","90","205"
"FaceParam","30081","","skin_color_G","74","145"
"FaceParam","30081","","skin_color_B","69","130"
"FaceParam","30081","","skin_gloss","160","128"
"FaceParam","30081","","face_aroundEye","130","0"
"FaceParam","30081","","face_aroundEyeColor_R","20","50"
"FaceParam","30081","","face_aroundEyeColor_G","30","0"
"FaceParam","30081","","face_eyeShadowDown","100","0"
"FaceParam","30081","","face_eyeShadowUp","30","0"
"FaceParam","30081","","face_eyeShadowUpColor_R","40","50"
"FaceParam","30081","","face_eyeShadowUpColor_G","20","25"
"FaceParam","30081","","face_eyeShadowUpColor_B","30","0"
"FaceParam","30081","","face_lip","91","0"
"FaceParam","30081","","face_lipColor_R","90","102"
"FaceParam","30081","","face_lipColor_G","74","12"
"FaceParam","30081","","face_lipColor_B","69","12"
"FaceParam","30081","","body_hairColor_R","70","128"
"FaceParam","30081","","body_hairColor_G","48","128"
"FaceParam","30081","","body_hairColor_B","29","128"
"FaceParam","30081","","eyeR_irisColor_R","100","68"
"FaceParam","30081","","eyeR_irisColor_G","100","88"
"FaceParam","30081","","eyeR_irisColor_B","100","128"
"FaceParam","30081","","eyeR_irisScale","200","220"
"FaceParam","30081","","eyeR_cataract","255","0"
"FaceParam","30081","","eyeR_scleraColor_R","93","255"
"FaceParam","30081","","eyeR_scleraColor_G","93","255"
"FaceParam","30081","","eyeR_scleraColor_B","93","255"
"FaceParam","30081","","eyeR_irisDistance","138","128"
"FaceParam","30081","","eyeL_irisColor_R","100","68"
"FaceParam","30081","","eyeL_irisColor_G","100","88"
"FaceParam","30081","","eyeL_irisColor_B","100","128"
"FaceParam","30081","","eyeL_irisScale","200","220"
"FaceParam","30081","","eyeL_cataract","255","0"
"FaceParam","30081","","eyeL_scleraColor_R","93","255"
"FaceParam","30081","","eyeL_scleraColor_G","93","255"
"FaceParam","30081","","eyeL_scleraColor_B","93","255"
"FaceParam","30081","","eyeL_irisDistance","138","128"
"FaceParam","30081","","hair_partsId","0","5"
"FaceParam","30081","","hair_color_G","48","60"
"FaceParam","30081","","hair_color_B","29","45"
"FaceParam","30081","","hair_shininess","78","168"
"FaceParam","30081","","hair_rootBlack","128","200"
"FaceParam","30081","","hair_whiteDensity","80","0"
"FaceParam","30081","","beard_color_R","70","90"
"FaceParam","30081","","beard_color_G","48","80"
"FaceParam","30081","","beard_color_B","29","65"
"FaceParam","30081","","beard_shininess","78","168"
"FaceParam","30081","","beard_rootBlack","128","200"
"FaceParam","30081","","beard_whiteDensity","80","0"
"FaceParam","30081","","eyebrow_partsId","0","1"
"FaceParam","30081","","eyebrow_color_R","70","90"
"FaceParam","30081","","eyebrow_color_G","48","80"
"FaceParam","30081","","eyebrow_color_B","29","65"
"FaceParam","30081","","eyebrow_shininess","78","168"
"FaceParam","30081","","eyebrow_rootBlack","128","200"
"FaceParam","30081","","eyebrow_whiteDensity","80","0"
"FaceParam","30081","","eyelash_partsId","0","2"
"FaceParam","30081","","eyelash_color_R","0","30"
"FaceParam","30081","","eyelash_color_G","0","20"
"FaceParam","30081","","eyelash_color_B","0","5"
"FaceParam","30081","","decal_partsId","2","0"
"FaceParam","30081","","decal_posY","40","128"
"FaceParam","30081","","decal_angle","178","128"
"FaceParam","30081","","decal_scale","255","0"
"FaceParam","30081","","decal_color_R","59","128"
"FaceParam","30081","","decal_color_G","51","128"
"FaceParam","30081","","decal_color_B","48","128"
"FaceParam","30081","","decal_mirror","1","0"
"FaceParam","30081","","chrBodyScaleHead","40","128"
"FaceParam","30081","","age","195","128"
"FaceParam","30081","","gender","58","128"
"FaceParam","30081","","faceGeoData00","190","128"
"FaceParam","30081","","faceGeoData01","118","128"
"FaceParam","30081","","faceGeoData02","98","128"
"FaceParam","30081","","faceGeoData03","138","128"
"FaceParam","30081","","faceGeoData04","185","128"
"FaceParam","30081","","faceGeoData05","50","128"
"FaceParam","30081","","faceGeoData06","68","128"
"FaceParam","30081","","faceGeoData07","120","128"
"FaceParam","30081","","faceGeoData08","28","128"
"FaceParam","30081","","faceGeoData09","98","128"
"FaceParam","30081","","faceGeoData10","67","128"
"FaceParam","30081","","faceGeoData12","138","128"
"FaceParam","30081","","faceGeoData13","108","128"
"FaceParam","30081","","faceGeoData14","148","128"
"FaceParam","30081","","faceGeoData15","158","128"
"FaceParam","30081","","faceGeoData16","158","128"
"FaceParam","30081","","faceGeoData17","78","128"
"FaceParam","30081","","faceGeoData20","178","128"
"FaceParam","30081","","faceGeoData21","0","128"
"FaceParam","30081","","faceGeoData23","78","128"
"FaceParam","30081","","faceGeoData24","68","128"
"FaceParam","30081","","faceGeoData25","115","128"
"FaceParam","30081","","faceGeoData26","0","128"
"FaceParam","30081","","faceGeoData27","178","128"
"FaceParam","30081","","faceGeoData29","0","128"
"FaceParam","30081","","faceGeoData30","118","128"
"FaceParam","30081","","faceGeoData31","108","128"
"FaceParam","30081","","faceGeoData32","98","128"
"FaceParam","30081","","faceGeoData33","118","128"
"FaceParam","30081","","faceGeoData35","168","128"
"FaceParam","30081","","faceGeoData36","98","128"
"FaceParam","30081","","faceGeoData37","140","128"
"FaceParam","30081","","faceGeoData38","198","128"
"FaceParam","30081","","faceGeoData39","138","128"
"FaceParam","30081","","faceGeoData40","68","128"
"FaceParam","30081","","faceGeoData41","68","128"
"FaceParam","30081","","faceGeoData42","58","128"
"FaceParam","30081","","faceGeoData43","78","128"
"FaceParam","30081","","faceGeoData44","105","128"
"FaceParam","30081","","faceGeoData45","148","128"
"FaceParam","30081","","faceGeoData46","168","128"
"FaceParam","30081","","faceGeoData48","218","128"
"FaceParam","30081","","faceGeoData49","135","128"
"FaceParam","30081","","faceGeoData50","148","128"
"FaceParam","30081","","faceGeoData51","68","128"
"FaceParam","30081","","faceGeoData52","218","128"
"FaceParam","30081","","faceGeoData53","185","128"
"FaceParam","30081","","faceGeoData54","20","128"
"FaceParam","30081","","faceGeoData55","188","128"
"FaceParam","30081","","faceGeoData56","85","128"
"FaceParam","30081","","faceGeoData57","148","128"
"FaceParam","30081","","faceGeoData58","138","128"
"FaceParam","30081","","faceGeoData59","130","128"
"FaceParam","30081","","faceTexData00","0","128"
"FaceParam","30081","","faceTexData01","0","128"
"FaceParam","30081","","faceTexData02","0","128"
"FaceParam","30081","","faceTexData03","0","128"
"FaceParam","30081","","faceTexData09","0","128"
"FaceParam","30081","","faceTexData10","0","128"
"FaceParam","30081","","faceTexData11","0","128"
"FaceParam","30081","","faceTexData12","0","128"
"FaceParam","30081","","faceTexData13","0","128"
"FaceParam","30081","","faceTexData14","0","128"
"FaceParam","30081","","faceTexData15","0","128"
"FaceParam","30081","","faceTexData16","0","128"
"FaceParam","30081","","faceTexData17","0","128"
"FaceParam","30081","","faceTexData22","0","128"
"FaceParam","30081","","faceTexData23","0","128"
"FaceParam","30081","","faceTexData24","0","128"
"FaceParam","30081","","faceTexData25","0","128"
"FaceParam","30082","","face_partsId","110","0"
"FaceParam","30082","","skin_color_R","230","205"
"FaceParam","30082","","skin_color_G","194","145"
"FaceParam","30082","","skin_color_B","172","130"
"FaceParam","30082","","skin_gloss","215","128"
"FaceParam","30082","","skin_pores","135","255"
"FaceParam","30082","","face_aroundEye","50","0"
"FaceParam","30082","","face_aroundEyeColor_R","20","50"
"FaceParam","30082","","face_aroundEyeColor_G","30","0"
"FaceParam","30082","","face_eyeLine","30","0"
"FaceParam","30082","","face_eyeShadowDown","185","0"
"FaceParam","30082","","face_eyeShadowDownColor_R","15","50"
"FaceParam","30082","","face_eyeShadowDownColor_G","9","25"
"FaceParam","30082","","face_eyeShadowDownColor_B","3","0"
"FaceParam","30082","","face_eyeShadowUp","50","0"
"FaceParam","30082","","face_eyeShadowUpColor_R","40","50"
"FaceParam","30082","","face_eyeShadowUpColor_G","20","25"
"FaceParam","30082","","face_eyeShadowUpColor_B","30","0"
"FaceParam","30082","","face_lipColor_R","255","102"
"FaceParam","30082","","face_lipColor_G","87","12"
"FaceParam","30082","","face_lipColor_B","87","12"
"FaceParam","30082","","body_hairColor_R","100","128"
"FaceParam","30082","","body_hairColor_G","96","128"
"FaceParam","30082","","body_hairColor_B","79","128"
"FaceParam","30082","","eyeR_irisColor_R","122","68"
"FaceParam","30082","","eyeR_irisColor_G","189","88"
"FaceParam","30082","","eyeR_irisColor_B","255","128"
"FaceParam","30082","","eyeR_cataract","20","0"
"FaceParam","30082","","eyeR_cataractColor_R","122","100"
"FaceParam","30082","","eyeR_cataractColor_G","189","100"
"FaceParam","30082","","eyeR_cataractColor_B","255","100"
"FaceParam","30082","","eyeL_irisColor_R","122","68"
"FaceParam","30082","","eyeL_irisColor_G","189","88"
"FaceParam","30082","","eyeL_irisColor_B","255","128"
"FaceParam","30082","","eyeL_cataract","20","0"
"FaceParam","30082","","eyeL_cataractColor_R","122","100"
"FaceParam","30082","","eyeL_cataractColor_G","189","100"
"FaceParam","30082","","eyeL_cataractColor_B","255","100"
"FaceParam","30082","","hair_partsId","120","5"
"FaceParam","30082","","hair_color_R","100","70"
"FaceParam","30082","","hair_color_G","96","60"
"FaceParam","30082","","hair_color_B","79","45"
"FaceParam","30082","","hair_shininess","155","168"
"FaceParam","30082","","hair_rootBlack","85","200"
"FaceParam","30082","","beard_color_R","100","90"
"FaceParam","30082","","beard_color_G","96","80"
"FaceParam","30082","","beard_color_B","79","65"
"FaceParam","30082","","beard_shininess","155","168"
"FaceParam","30082","","beard_rootBlack","85","200"
"FaceParam","30082","","eyebrow_partsId","2","1"
"FaceParam","30082","","eyebrow_color_R","100","90"
"FaceParam","30082","","eyebrow_color_G","96","80"
"FaceParam","30082","","eyebrow_color_B","79","65"
"FaceParam","30082","","eyebrow_shininess","155","168"
"FaceParam","30082","","eyebrow_rootBlack","85","200"
"FaceParam","30082","","eyelash_partsId","3","2"
"FaceParam","30082","","eyelash_color_R","211","30"
"FaceParam","30082","","eyelash_color_G","195","20"
"FaceParam","30082","","eyelash_color_B","116","5"
"FaceParam","30082","","decal_partsId","2","0"
"FaceParam","30082","","decal_posX","66","128"
"FaceParam","30082","","decal_posY","190","128"
"FaceParam","30082","","decal_angle","145","128"
"FaceParam","30082","","decal_scale","208","0"
"FaceParam","30082","","decal_color_R","21","128"
"FaceParam","30082","","decal_color_G","33","128"
"FaceParam","30082","","decal_color_B","33","128"
"FaceParam","30082","","decal_mirror","1","0"
"FaceParam","30082","","chrBodyScaleHead","78","128"
"FaceParam","30082","","age","150","128"
"FaceParam","30082","","gender","145","128"
"FaceParam","30082","","faceGeoData00","170","128"
"FaceParam","30082","","faceGeoData01","168","128"
"FaceParam","30082","","faceGeoData02","168","128"
"FaceParam","30082","","faceGeoData03","120","128"
"FaceParam","30082","","faceGeoData04","135","128"
"FaceParam","30082","","faceGeoData05","88","128"
"FaceParam","30082","","faceGeoData06","108","128"
"FaceParam","30082","","faceGeoData07","120","128"
"FaceParam","30082","","faceGeoData09","198","128"
"FaceParam","30082","","faceGeoData14","108","128"
"FaceParam","30082","","faceGeoData16","168","128"
"FaceParam","30082","","faceGeoData17","215","128"
"FaceParam","30082","","faceGeoData18","78","128"
"FaceParam","30082","","faceGeoData20","118","128"
"FaceParam","30082","","faceGeoData21","0","128"
"FaceParam","30082","","faceGeoData24","130","128"
"FaceParam","30082","","faceGeoData25","132","128"
"FaceParam","30082","","faceGeoData26","0","128"
"FaceParam","30082","","faceGeoData27","118","128"
"FaceParam","30082","","faceGeoData28","120","128"
"FaceParam","30082","","faceGeoData29","0","128"
"FaceParam","30082","","faceGeoData32","120","128"
"FaceParam","30082","","faceGeoData34","190","128"
"FaceParam","30082","","faceGeoData35","98","128"
"FaceParam","30082","","faceGeoData36","85","128"
"FaceParam","30082","","faceGeoData37","95","128"
"FaceParam","30082","","faceGeoData38","98","128"
"FaceParam","30082","","faceGeoData39","88","128"
"FaceParam","30082","","faceGeoData40","178","128"
"FaceParam","30082","","faceGeoData41","130","128"
"FaceParam","30082","","faceGeoData42","98","128"
"FaceParam","30082","","faceGeoData43","155","128"
"FaceParam","30082","","faceGeoData44","95","128"
"FaceParam","30082","","faceGeoData45","225","128"
"FaceParam","30082","","faceGeoData48","195","128"
"FaceParam","30082","","faceGeoData49","145","128"
"FaceParam","30082","","faceGeoData51","80","128"
"FaceParam","30082","","faceGeoData52","148","128"
"FaceParam","30082","","faceGeoData53","150","128"
"FaceParam","30082","","faceGeoData55","135","128"
"FaceParam","30082","","faceGeoData56","130","128"
"FaceParam","30082","","faceGeoData57","188","128"
"FaceParam","30082","","faceGeoData58","165","128"
"FaceParam","30082","","faceGeoData59","160","128"
"FaceParam","30082","","faceTexData00","0","128"
"FaceParam","30082","","faceTexData01","0","128"
"FaceParam","30082","","faceTexData02","0","128"
"FaceParam","30082","","faceTexData03","0","128"
"FaceParam","30082","","faceTexData09","0","128"
"FaceParam","30082","","faceTexData10","0","128"
"FaceParam","30082","","faceTexData11","0","128"
"FaceParam","30082","","faceTexData12","0","128"
"FaceParam","30082","","faceTexData13","0","128"
"FaceParam","30082","","faceTexData14","0","128"
"FaceParam","30082","","faceTexData15","0","128"
"FaceParam","30082","","faceTexData16","0","128"
"FaceParam","30082","","faceTexData17","0","128"
"FaceParam","30082","","faceTexData22","0","128"
"FaceParam","30082","","faceTexData23","0","128"
"FaceParam","30082","","faceTexData24","0","128"
"FaceParam","30082","","faceTexData25","0","128"
"FaceParam","30083","","face_partsId","50","0"
"FaceParam","30083","","skin_color_R","230","205"
"FaceParam","30083","","skin_color_G","194","145"
"FaceParam","30083","","skin_color_B","172","130"
"FaceParam","30083","","skin_gloss","190","128"
"FaceParam","30083","","skin_pores","105","255"
"FaceParam","30083","","face_aroundEye","50","0"
"FaceParam","30083","","face_aroundEyeColor_R","20","50"
"FaceParam","30083","","face_aroundEyeColor_G","30","0"
"FaceParam","30083","","face_eyeLine","30","0"
"FaceParam","30083","","face_eyeShadowDown","65","0"
"FaceParam","30083","","face_eyeShadowDownColor_R","15","50"
"FaceParam","30083","","face_eyeShadowDownColor_G","9","25"
"FaceParam","30083","","face_eyeShadowDownColor_B","3","0"
"FaceParam","30083","","face_eyeShadowUp","40","0"
"FaceParam","30083","","face_eyeShadowUpColor_R","40","50"
"FaceParam","30083","","face_eyeShadowUpColor_G","20","25"
"FaceParam","30083","","face_eyeShadowUpColor_B","30","0"
"FaceParam","30083","","face_lipColor_R","255","102"
"FaceParam","30083","","face_lipColor_G","87","12"
"FaceParam","30083","","face_lipColor_B","87","12"
"FaceParam","30083","","body_hairColor_R","185","128"
"FaceParam","30083","","body_hairColor_G","162","128"
"FaceParam","30083","","body_hairColor_B","120","128"
"FaceParam","30083","","eyeR_irisColor_R","122","68"
"FaceParam","30083","","eyeR_irisColor_G","189","88"
"FaceParam","30083","","eyeR_irisColor_B","255","128"
"FaceParam","30083","","eyeR_cataract","20","0"
"FaceParam","30083","","eyeR_cataractColor_R","122","100"
"FaceParam","30083","","eyeR_cataractColor_G","189","100"
"FaceParam","30083","","eyeR_cataractColor_B","255","100"
"FaceParam","30083","","eyeL_irisColor_R","122","68"
"FaceParam","30083","","eyeL_irisColor_G","189","88"
"FaceParam","30083","","eyeL_irisColor_B","255","128"
"FaceParam","30083","","eyeL_cataract","20","0"
"FaceParam","30083","","eyeL_cataractColor_R","122","100"
"FaceParam","30083","","eyeL_cataractColor_G","189","100"
"FaceParam","30083","","eyeL_cataractColor_B","255","100"
"FaceParam","30083","","hair_partsId","106","5"
"FaceParam","30083","","hair_color_R","185","70"
"FaceParam","30083","","hair_color_G","162","60"
"FaceParam","30083","","hair_color_B","120","45"
"FaceParam","30083","","hair_shininess","155","168"
"FaceParam","30083","","hair_rootBlack","245","200"
"FaceParam","30083","","beard_color_R","185","90"
"FaceParam","30083","","beard_color_G","162","80"
"FaceParam","30083","","beard_color_B","120","65"
"FaceParam","30083","","beard_shininess","155","168"
"FaceParam","30083","","beard_rootBlack","245","200"
"FaceParam","30083","","eyebrow_partsId","2","1"
"FaceParam","30083","","eyebrow_color_R","123","90"
"FaceParam","30083","","eyebrow_color_G","95","80"
"FaceParam","30083","","eyebrow_color_B","68","65"
"FaceParam","30083","","eyebrow_shininess","155","168"
"FaceParam","30083","","eyebrow_rootBlack","245","200"
"FaceParam","30083","","eyelash_color_R","0","30"
"FaceParam","30083","","eyelash_color_G","0","20"
"FaceParam","30083","","eyelash_color_B","0","5"
"FaceParam","30083","","decal_partsId","2","0"
"FaceParam","30083","","decal_posX","66","128"
"FaceParam","30083","","decal_posY","190","128"
"FaceParam","30083","","decal_angle","145","128"
"FaceParam","30083","","decal_scale","208","0"
"FaceParam","30083","","decal_color_R","21","128"
"FaceParam","30083","","decal_color_G","33","128"
"FaceParam","30083","","decal_color_B","33","128"
"FaceParam","30083","","decal_mirror","1","0"
"FaceParam","30083","","chrBodyScaleHead","78","128"
"FaceParam","30083","","age","70","128"
"FaceParam","30083","","gender","185","128"
"FaceParam","30083","","faceGeoData00","170","128"
"FaceParam","30083","","faceGeoData01","105","128"
"FaceParam","30083","","faceGeoData02","198","128"
"FaceParam","30083","","faceGeoData03","150","128"
"FaceParam","30083","","faceGeoData04","75","128"
"FaceParam","30083","","faceGeoData05","108","128"
"FaceParam","30083","","faceGeoData06","108","128"
"FaceParam","30083","","faceGeoData07","130","128"
"FaceParam","30083","","faceGeoData16","148","128"
"FaceParam","30083","","faceGeoData17","235","128"
"FaceParam","30083","","faceGeoData18","88","128"
"FaceParam","30083","","faceGeoData20","118","128"
"FaceParam","30083","","faceGeoData21","0","128"
"FaceParam","30083","","faceGeoData24","130","128"
"FaceParam","30083","","faceGeoData25","132","128"
"FaceParam","30083","","faceGeoData26","0","128"
"FaceParam","30083","","faceGeoData27","118","128"
"FaceParam","30083","","faceGeoData28","120","128"
"FaceParam","30083","","faceGeoData29","0","128"
"FaceParam","30083","","faceGeoData32","120","128"
"FaceParam","30083","","faceGeoData34","195","128"
"FaceParam","30083","","faceGeoData35","68","128"
"FaceParam","30083","","faceGeoData36","65","128"
"FaceParam","30083","","faceGeoData37","205","128"
"FaceParam","30083","","faceGeoData38","98","128"
"FaceParam","30083","","faceGeoData39","108","128"
"FaceParam","30083","","faceGeoData40","178","128"
"FaceParam","30083","","faceGeoData41","130","128"
"FaceParam","30083","","faceGeoData42","98","128"
"FaceParam","30083","","faceGeoData43","155","128"
"FaceParam","30083","","faceGeoData44","115","128"
"FaceParam","30083","","faceGeoData45","185","128"
"FaceParam","30083","","faceGeoData48","175","128"
"FaceParam","30083","","faceGeoData49","145","128"
"FaceParam","30083","","faceGeoData51","80","128"
"FaceParam","30083","","faceGeoData52","148","128"
"FaceParam","30083","","faceGeoData53","150","128"
"FaceParam","30083","","faceGeoData55","141","128"
"FaceParam","30083","","faceGeoData56","70","128"
"FaceParam","30083","","faceGeoData57","148","128"
"FaceParam","30083","","faceGeoData58","165","128"
"FaceParam","30083","","faceGeoData59","160","128"
"FaceParam","30083","","faceTexData00","0","128"
"FaceParam","30083","","faceTexData01","0","128"
"FaceParam","30083","","faceTexData02","0","128"
"FaceParam","30083","","faceTexData03","0","128"
"FaceParam","30083","","faceTexData09","0","128"
"FaceParam","30083","","faceTexData10","0","128"
"FaceParam","30083","","faceTexData11","0","128"
"FaceParam","30083","","faceTexData12","0","128"
"FaceParam","30083","","faceTexData13","0","128"
"FaceParam","30083","","faceTexData14","0","128"
"FaceParam","30083","","faceTexData15","0","128"
"FaceParam","30083","","faceTexData16","0","128"
"FaceParam","30083","","faceTexData17","0","128"
"FaceParam","30083","","faceTexData22","0","128"
"FaceParam","30083","","faceTexData23","0","128"
"FaceParam","30083","","faceTexData24","0","128"
"FaceParam","30083","","faceTexData25","0","128"
"FaceParam","30084","","face_partsId","42","0"
"FaceParam","30084","","skin_color_R","125","205"
"FaceParam","30084","","skin_color_G","114","145"
"FaceParam","30084","","skin_color_B","111","130"
"FaceParam","30084","","skin_gloss","160","128"
"FaceParam","30084","","face_aroundEye","160","0"
"FaceParam","30084","","face_aroundEyeColor_R","23","50"
"FaceParam","30084","","face_aroundEyeColor_G","23","0"
"FaceParam","30084","","face_aroundEyeColor_B","23","25"
"FaceParam","30084","","face_eyeShadowDown","100","0"
"FaceParam","30084","","face_eyeShadowUp","30","0"
"FaceParam","30084","","face_eyeShadowUpColor_R","40","50"
"FaceParam","30084","","face_eyeShadowUpColor_G","20","25"
"FaceParam","30084","","face_eyeShadowUpColor_B","30","0"
"FaceParam","30084","","face_lip","91","0"
"FaceParam","30084","","face_lipColor_R","90","102"
"FaceParam","30084","","face_lipColor_G","74","12"
"FaceParam","30084","","face_lipColor_B","69","12"
"FaceParam","30084","","body_hairColor_R","70","128"
"FaceParam","30084","","body_hairColor_G","48","128"
"FaceParam","30084","","body_hairColor_B","29","128"
"FaceParam","30084","","eyeR_irisColor_R","0","68"
"FaceParam","30084","","eyeR_irisColor_G","0","88"
"FaceParam","30084","","eyeR_irisColor_B","0","128"
"FaceParam","30084","","eyeR_irisScale","255","220"
"FaceParam","30084","","eyeR_cataract","255","0"
"FaceParam","30084","","eyeR_cataractColor_R","0","100"
"FaceParam","30084","","eyeR_cataractColor_G","0","100"
"FaceParam","30084","","eyeR_cataractColor_B","0","100"
"FaceParam","30084","","eyeR_scleraColor_R","0","255"
"FaceParam","30084","","eyeR_scleraColor_G","0","255"
"FaceParam","30084","","eyeR_scleraColor_B","0","255"
"FaceParam","30084","","eyeR_irisDistance","138","128"
"FaceParam","30084","","eyeL_irisColor_R","0","68"
"FaceParam","30084","","eyeL_irisColor_G","0","88"
"FaceParam","30084","","eyeL_irisColor_B","0","128"
"FaceParam","30084","","eyeL_irisScale","255","220"
"FaceParam","30084","","eyeL_cataract","255","0"
"FaceParam","30084","","eyeL_cataractColor_R","0","100"
"FaceParam","30084","","eyeL_cataractColor_G","0","100"
"FaceParam","30084","","eyeL_cataractColor_B","0","100"
"FaceParam","30084","","eyeL_scleraColor_R","0","255"
"FaceParam","30084","","eyeL_scleraColor_G","0","255"
"FaceParam","30084","","eyeL_scleraColor_B","0","255"
"FaceParam","30084","","eyeL_irisDistance","138","128"
"FaceParam","30084","","hair_partsId","0","5"
"FaceParam","30084","","hair_color_G","48","60"
"FaceParam","30084","","hair_color_B","29","45"
"FaceParam","30084","","hair_shininess","78","168"
"FaceParam","30084","","hair_rootBlack","128","200"
"FaceParam","30084","","hair_whiteDensity","80","0"
"FaceParam","30084","","beard_color_R","70","90"
"FaceParam","30084","","beard_color_G","48","80"
"FaceParam","30084","","beard_color_B","29","65"
"FaceParam","30084","","beard_shininess","78","168"
"FaceParam","30084","","beard_rootBlack","128","200"
"FaceParam","30084","","beard_whiteDensity","80","0"
"FaceParam","30084","","eyebrow_partsId","0","1"
"FaceParam","30084","","eyebrow_color_R","70","90"
"FaceParam","30084","","eyebrow_color_G","48","80"
"FaceParam","30084","","eyebrow_color_B","29","65"
"FaceParam","30084","","eyebrow_shininess","78","168"
"FaceParam","30084","","eyebrow_rootBlack","128","200"
"FaceParam","30084","","eyebrow_whiteDensity","80","0"
"FaceParam","30084","","eyelash_partsId","0","2"
"FaceParam","30084","","eyelash_color_R","0","30"
"FaceParam","30084","","eyelash_color_G","0","20"
"FaceParam","30084","","eyelash_color_B","0","5"
"FaceParam","30084","","decal_partsId","2","0"
"FaceParam","30084","","decal_posY","40","128"
"FaceParam","30084","","decal_angle","178","128"
"FaceParam","30084","","decal_scale","255","0"
"FaceParam","30084","","decal_color_R","59","128"
"FaceParam","30084","","decal_color_G","51","128"
"FaceParam","30084","","decal_color_B","48","128"
"FaceParam","30084","","decal_mirror","1","0"
"FaceParam","30084","","chrBodyScaleHead","40","128"
"FaceParam","30084","","chrBodyScaleBreast","90","128"
"FaceParam","30084","","chrBodyScaleAbdomen","0","128"
"FaceParam","30084","","chrBodyScaleRArm","28","128"
"FaceParam","30084","","chrBodyScaleRLeg","0","128"
"FaceParam","30084","","chrBodyScaleLArm","28","128"
"FaceParam","30084","","chrBodyScaleLLeg","0","128"
"FaceParam","30084","","age","195","128"
"FaceParam","30084","","gender","58","128"
"FaceParam","30084","","faceGeoData00","190","128"
"FaceParam","30084","","faceGeoData01","198","128"
"FaceParam","30084","","faceGeoData02","118","128"
"FaceParam","30084","","faceGeoData03","115","128"
"FaceParam","30084","","faceGeoData04","195","128"
"FaceParam","30084","","faceGeoData05","50","128"
"FaceParam","30084","","faceGeoData06","70","128"
"FaceParam","30084","","faceGeoData07","70","128"
"FaceParam","30084","","faceGeoData08","118","128"
"FaceParam","30084","","faceGeoData09","98","128"
"FaceParam","30084","","faceGeoData10","67","128"
"FaceParam","30084","","faceGeoData12","138","128"
"FaceParam","30084","","faceGeoData13","108","128"
"FaceParam","30084","","faceGeoData14","148","128"
"FaceParam","30084","","faceGeoData15","135","128"
"FaceParam","30084","","faceGeoData16","150","128"
"FaceParam","30084","","faceGeoData17","78","128"
"FaceParam","30084","","faceGeoData20","178","128"
"FaceParam","30084","","faceGeoData21","0","128"
"FaceParam","30084","","faceGeoData24","70","128"
"FaceParam","30084","","faceGeoData25","115","128"
"FaceParam","30084","","faceGeoData26","0","128"
"FaceParam","30084","","faceGeoData27","178","128"
"FaceParam","30084","","faceGeoData28","228","128"
"FaceParam","30084","","faceGeoData29","0","128"
"FaceParam","30084","","faceGeoData30","118","128"
"FaceParam","30084","","faceGeoData31","108","128"
"FaceParam","30084","","faceGeoData32","98","128"
"FaceParam","30084","","faceGeoData33","118","128"
"FaceParam","30084","","faceGeoData34","170","128"
"FaceParam","30084","","faceGeoData35","98","128"
"FaceParam","30084","","faceGeoData36","98","128"
"FaceParam","30084","","faceGeoData37","255","128"
"FaceParam","30084","","faceGeoData38","20","128"
"FaceParam","30084","","faceGeoData39","138","128"
"FaceParam","30084","","faceGeoData40","50","128"
"FaceParam","30084","","faceGeoData42","38","128"
"FaceParam","30084","","faceGeoData43","0","128"
"FaceParam","30084","","faceGeoData44","85","128"
"FaceParam","30084","","faceGeoData45","138","128"
"FaceParam","30084","","faceGeoData46","168","128"
"FaceParam","30084","","faceGeoData48","218","128"
"FaceParam","30084","","faceGeoData49","135","128"
"FaceParam","30084","","faceGeoData50","145","128"
"FaceParam","30084","","faceGeoData51","68","128"
"FaceParam","30084","","faceGeoData52","188","128"
"FaceParam","30084","","faceGeoData53","185","128"
"FaceParam","30084","","faceGeoData54","120","128"
"FaceParam","30084","","faceGeoData55","188","128"
"FaceParam","30084","","faceGeoData56","85","128"
"FaceParam","30084","","faceGeoData57","148","128"
"FaceParam","30084","","faceGeoData58","138","128"
"FaceParam","30084","","faceGeoData59","130","128"
"FaceParam","30084","","faceTexData00","0","128"
"FaceParam","30084","","faceTexData01","0","128"
"FaceParam","30084","","faceTexData02","0","128"
"FaceParam","30084","","faceTexData03","0","128"
"FaceParam","30084","","faceTexData09","0","128"
"FaceParam","30084","","faceTexData10","0","128"
"FaceParam","30084","","faceTexData11","0","128"
"FaceParam","30084","","faceTexData12","0","128"
"FaceParam","30084","","faceTexData13","0","128"
"FaceParam","30084","","faceTexData14","0","128"
"FaceParam","30084","","faceTexData15","0","128"
"FaceParam","30084","","faceTexData16","0","128"
"FaceParam","30084","","faceTexData17","0","128"
"FaceParam","30084","","faceTexData22","0","128"
"FaceParam","30084","","faceTexData23","0","128"
"FaceParam","30084","","faceTexData24","0","128"
"FaceParam","30084","","faceTexData25","0","128"
"FaceParam","30085","","face_partsId","42","0"
"FaceParam","30085","","skin_color_R","125","205"
"FaceParam","30085","","skin_color_G","114","145"
"FaceParam","30085","","skin_color_B","111","130"
"FaceParam","30085","","skin_gloss","160","128"
"FaceParam","30085","","face_aroundEye","160","0"
"FaceParam","30085","","face_aroundEyeColor_R","23","50"
"FaceParam","30085","","face_aroundEyeColor_G","23","0"
"FaceParam","30085","","face_aroundEyeColor_B","23","25"
"FaceParam","30085","","face_eyeShadowDown","100","0"
"FaceParam","30085","","face_eyeShadowUp","30","0"
"FaceParam","30085","","face_eyeShadowUpColor_R","40","50"
"FaceParam","30085","","face_eyeShadowUpColor_G","20","25"
"FaceParam","30085","","face_eyeShadowUpColor_B","30","0"
"FaceParam","30085","","face_lip","91","0"
"FaceParam","30085","","face_lipColor_R","90","102"
"FaceParam","30085","","face_lipColor_G","74","12"
"FaceParam","30085","","face_lipColor_B","69","12"
"FaceParam","30085","","body_hairColor_R","70","128"
"FaceParam","30085","","body_hairColor_G","48","128"
"FaceParam","30085","","body_hairColor_B","29","128"
"FaceParam","30085","","eyeR_irisColor_R","0","68"
"FaceParam","30085","","eyeR_irisColor_G","0","88"
"FaceParam","30085","","eyeR_irisColor_B","0","128"
"FaceParam","30085","","eyeR_irisScale","255","220"
"FaceParam","30085","","eyeR_cataract","255","0"
"FaceParam","30085","","eyeR_cataractColor_R","0","100"
"FaceParam","30085","","eyeR_cataractColor_G","0","100"
"FaceParam","30085","","eyeR_cataractColor_B","0","100"
"FaceParam","30085","","eyeR_scleraColor_R","0","255"
"FaceParam","30085","","eyeR_scleraColor_G","0","255"
"FaceParam","30085","","eyeR_scleraColor_B","0","255"
"FaceParam","30085","","eyeR_irisDistance","138","128"
"FaceParam","30085","","eyeL_irisColor_R","0","68"
"FaceParam","30085","","eyeL_irisColor_G","0","88"
"FaceParam","30085","","eyeL_irisColor_B","0","128"
"FaceParam","30085","","eyeL_irisScale","255","220"
"FaceParam","30085","","eyeL_cataract","255","0"
"FaceParam","30085","","eyeL_cataractColor_R","0","100"
"FaceParam","30085","","eyeL_cataractColor_G","0","100"
"FaceParam","30085","","eyeL_cataractColor_B","0","100"
"FaceParam","30085","","eyeL_scleraColor_R","0","255"
"FaceParam","30085","","eyeL_scleraColor_G","0","255"
"FaceParam","30085","","eyeL_scleraColor_B","0","255"
"FaceParam","30085","","eyeL_irisDistance","138","128"
"FaceParam","30085","","hair_partsId","0","5"
"FaceParam","30085","","hair_color_G","48","60"
"FaceParam","30085","","hair_color_B","29","45"
"FaceParam","30085","","hair_shininess","78","168"
"FaceParam","30085","","hair_rootBlack","128","200"
"FaceParam","30085","","hair_whiteDensity","80","0"
"FaceParam","30085","","beard_color_R","70","90"
"FaceParam","30085","","beard_color_G","48","80"
"FaceParam","30085","","beard_color_B","29","65"
"FaceParam","30085","","beard_shininess","78","168"
"FaceParam","30085","","beard_rootBlack","128","200"
"FaceParam","30085","","beard_whiteDensity","80","0"
"FaceParam","30085","","eyebrow_partsId","0","1"
"FaceParam","30085","","eyebrow_color_R","70","90"
"FaceParam","30085","","eyebrow_color_G","48","80"
"FaceParam","30085","","eyebrow_color_B","29","65"
"FaceParam","30085","","eyebrow_shininess","78","168"
"FaceParam","30085","","eyebrow_rootBlack","128","200"
"FaceParam","30085","","eyebrow_whiteDensity","80","0"
"FaceParam","30085","","eyelash_partsId","0","2"
"FaceParam","30085","","eyelash_color_R","0","30"
"FaceParam","30085","","eyelash_color_G","0","20"
"FaceParam","30085","","eyelash_color_B","0","5"
"FaceParam","30085","","decal_partsId","2","0"
"FaceParam","30085","","decal_posY","40","128"
"FaceParam","30085","","decal_angle","178","128"
"FaceParam","30085","","decal_scale","255","0"
"FaceParam","30085","","decal_color_R","59","128"
"FaceParam","30085","","decal_color_G","51","128"
"FaceParam","30085","","decal_color_B","48","128"
"FaceParam","30085","","decal_mirror","1","0"
"FaceParam","30085","","chrBodyScaleHead","40","128"
"FaceParam","30085","","chrBodyScaleBreast","90","128"
"FaceParam","30085","","chrBodyScaleAbdomen","0","128"
"FaceParam","30085","","chrBodyScaleRArm","28","128"
"FaceParam","30085","","chrBodyScaleRLeg","0","128"
"FaceParam","30085","","chrBodyScaleLArm","28","128"
"FaceParam","30085","","chrBodyScaleLLeg","0","128"
"FaceParam","30085","","age","195","128"
"FaceParam","30085","","gender","58","128"
"FaceParam","30085","","faceGeoData00","190","128"
"FaceParam","30085","","faceGeoData01","198","128"
"FaceParam","30085","","faceGeoData02","118","128"
"FaceParam","30085","","faceGeoData03","125","128"
"FaceParam","30085","","faceGeoData04","115","128"
"FaceParam","30085","","faceGeoData05","50","128"
"FaceParam","30085","","faceGeoData06","180","128"
"FaceParam","30085","","faceGeoData07","0","128"
"FaceParam","30085","","faceGeoData08","118","128"
"FaceParam","30085","","faceGeoData09","98","128"
"FaceParam","30085","","faceGeoData10","167","128"
"FaceParam","30085","","faceGeoData12","138","128"
"FaceParam","30085","","faceGeoData13","108","128"
"FaceParam","30085","","faceGeoData14","118","128"
"FaceParam","30085","","faceGeoData15","135","128"
"FaceParam","30085","","faceGeoData16","85","128"
"FaceParam","30085","","faceGeoData17","78","128"
"FaceParam","30085","","faceGeoData18","158","128"
"FaceParam","30085","","faceGeoData20","178","128"
"FaceParam","30085","","faceGeoData21","0","128"
"FaceParam","30085","","faceGeoData24","70","128"
"FaceParam","30085","","faceGeoData25","115","128"
"FaceParam","30085","","faceGeoData26","0","128"
"FaceParam","30085","","faceGeoData27","178","128"
"FaceParam","30085","","faceGeoData28","228","128"
"FaceParam","30085","","faceGeoData29","0","128"
"FaceParam","30085","","faceGeoData30","118","128"
"FaceParam","30085","","faceGeoData31","108","128"
"FaceParam","30085","","faceGeoData32","98","128"
"FaceParam","30085","","faceGeoData33","118","128"
"FaceParam","30085","","faceGeoData34","255","128"
"FaceParam","30085","","faceGeoData36","10","128"
"FaceParam","30085","","faceGeoData37","235","128"
"FaceParam","30085","","faceGeoData38","0","128"
"FaceParam","30085","","faceGeoData39","165","128"
"FaceParam","30085","","faceGeoData40","160","128"
"FaceParam","30085","","faceGeoData41","135","128"
"FaceParam","30085","","faceGeoData42","0","128"
"FaceParam","30085","","faceGeoData43","0","128"
"FaceParam","30085","","faceGeoData44","0","128"
"FaceParam","30085","","faceGeoData45","168","128"
"FaceParam","30085","","faceGeoData46","168","128"
"FaceParam","30085","","faceGeoData48","218","128"
"FaceParam","30085","","faceGeoData49","135","128"
"FaceParam","30085","","faceGeoData50","215","128"
"FaceParam","30085","","faceGeoData51","50","128"
"FaceParam","30085","","faceGeoData52","185","128"
"FaceParam","30085","","faceGeoData53","185","128"
"FaceParam","30085","","faceGeoData54","120","128"
"FaceParam","30085","","faceGeoData55","188","128"
"FaceParam","30085","","faceGeoData56","85","128"
"FaceParam","30085","","faceGeoData57","148","128"
"FaceParam","30085","","faceGeoData58","138","128"
"FaceParam","30085","","faceGeoData59","130","128"
"FaceParam","30085","","faceTexData00","0","128"
"FaceParam","30085","","faceTexData01","0","128"
"FaceParam","30085","","faceTexData02","0","128"
"FaceParam","30085","","faceTexData03","0","128"
"FaceParam","30085","","faceTexData09","0","128"
"FaceParam","30085","","faceTexData10","0","128"
"FaceParam","30085","","faceTexData11","0","128"
"FaceParam","30085","","faceTexData12","0","128"
"FaceParam","30085","","faceTexData13","0","128"
"FaceParam","30085","","faceTexData14","0","128"
"FaceParam","30085","","faceTexData15","0","128"
"FaceParam","30085","","faceTexData16","0","128"
"FaceParam","30085","","faceTexData17","0","128"
"FaceParam","30085","","faceTexData22","0","128"
"FaceParam","30085","","faceTexData23","0","128"
"FaceParam","30085","","faceTexData24","0","128"
"FaceParam","30085","","faceTexData25","0","128"
"FaceParam","30087","","face_partsId","42","0"
"FaceParam","30087","","skin_color_R","125","205"
"FaceParam","30087","","skin_color_G","114","145"
"FaceParam","30087","","skin_color_B","111","130"
"FaceParam","30087","","skin_gloss","160","128"
"FaceParam","30087","","face_aroundEye","160","0"
"FaceParam","30087","","face_aroundEyeColor_R","23","50"
"FaceParam","30087","","face_aroundEyeColor_G","23","0"
"FaceParam","30087","","face_aroundEyeColor_B","23","25"
"FaceParam","30087","","face_eyeShadowDown","100","0"
"FaceParam","30087","","face_eyeShadowUp","30","0"
"FaceParam","30087","","face_eyeShadowUpColor_R","40","50"
"FaceParam","30087","","face_eyeShadowUpColor_G","20","25"
"FaceParam","30087","","face_eyeShadowUpColor_B","30","0"
"FaceParam","30087","","face_lip","91","0"
"FaceParam","30087","","face_lipColor_R","90","102"
"FaceParam","30087","","face_lipColor_G","74","12"
"FaceParam","30087","","face_lipColor_B","69","12"
"FaceParam","30087","","body_hairColor_R","70","128"
"FaceParam","30087","","body_hairColor_G","48","128"
"FaceParam","30087","","body_hairColor_B","29","128"
"FaceParam","30087","","eyeR_irisColor_R","0","68"
"FaceParam","30087","","eyeR_irisColor_G","0","88"
"FaceParam","30087","","eyeR_irisColor_B","0","128"
"FaceParam","30087","","eyeR_irisScale","255","220"
"FaceParam","30087","","eyeR_cataract","255","0"
"FaceParam","30087","","eyeR_cataractColor_R","0","100"
"FaceParam","30087","","eyeR_cataractColor_G","0","100"
"FaceParam","30087","","eyeR_cataractColor_B","0","100"
"FaceParam","30087","","eyeR_scleraColor_R","0","255"
"FaceParam","30087","","eyeR_scleraColor_G","0","255"
"FaceParam","30087","","eyeR_scleraColor_B","0","255"
"FaceParam","30087","","eyeR_irisDistance","138","128"
"FaceParam","30087","","eyeL_irisColor_R","0","68"
"FaceParam","30087","","eyeL_irisColor_G","0","88"
"FaceParam","30087","","eyeL_irisColor_B","0","128"
"FaceParam","30087","","eyeL_irisScale","255","220"
"FaceParam","30087","","eyeL_cataract","255","0"
"FaceParam","30087","","eyeL_cataractColor_R","0","100"
"FaceParam","30087","","eyeL_cataractColor_G","0","100"
"FaceParam","30087","","eyeL_cataractColor_B","0","100"
"FaceParam","30087","","eyeL_scleraColor_R","0","255"
"FaceParam","30087","","eyeL_scleraColor_G","0","255"
"FaceParam","30087","","eyeL_scleraColor_B","0","255"
"FaceParam","30087","","eyeL_irisDistance","138","128"
"FaceParam","30087","","hair_partsId","0","5"
"FaceParam","30087","","hair_color_G","48","60"
"FaceParam","30087","","hair_color_B","29","45"
"FaceParam","30087","","hair_shininess","78","168"
"FaceParam","30087","","hair_rootBlack","128","200"
"FaceParam","30087","","hair_whiteDensity","80","0"
"FaceParam","30087","","beard_color_R","70","90"
"FaceParam","30087","","beard_color_G","48","80"
"FaceParam","30087","","beard_color_B","29","65"
"FaceParam","30087","","beard_shininess","78","168"
"FaceParam","30087","","beard_rootBlack","128","200"
"FaceParam","30087","","beard_whiteDensity","80","0"
"FaceParam","30087","","eyebrow_partsId","0","1"
"FaceParam","30087","","eyebrow_color_R","70","90"
"FaceParam","30087","","eyebrow_color_G","48","80"
"FaceParam","30087","","eyebrow_color_B","29","65"
"FaceParam","30087","","eyebrow_shininess","78","168"
"FaceParam","30087","","eyebrow_rootBlack","128","200"
"FaceParam","30087","","eyebrow_whiteDensity","80","0"
"FaceParam","30087","","eyelash_partsId","0","2"
"FaceParam","30087","","eyelash_color_R","0","30"
"FaceParam","30087","","eyelash_color_G","0","20"
"FaceParam","30087","","eyelash_color_B","0","5"
"FaceParam","30087","","decal_partsId","2","0"
"FaceParam","30087","","decal_posY","190","128"
"FaceParam","30087","","decal_angle","178","128"
"FaceParam","30087","","decal_scale","255","0"
"FaceParam","30087","","decal_color_R","105","128"
"FaceParam","30087","","decal_color_G","91","128"
"FaceParam","30087","","decal_color_B","86","128"
"FaceParam","30087","","decal_mirror","1","0"
"FaceParam","30087","","chrBodyScaleHead","40","128"
"FaceParam","30087","","chrBodyScaleBreast","90","128"
"FaceParam","30087","","chrBodyScaleAbdomen","0","128"
"FaceParam","30087","","chrBodyScaleRArm","28","128"
"FaceParam","30087","","chrBodyScaleRLeg","0","128"
"FaceParam","30087","","chrBodyScaleLArm","28","128"
"FaceParam","30087","","chrBodyScaleLLeg","0","128"
"FaceParam","30087","","age","195","128"
"FaceParam","30087","","gender","58","128"
"FaceParam","30087","","faceGeoData00","190","128"
"FaceParam","30087","","faceGeoData01","198","128"
"FaceParam","30087","","faceGeoData02","118","128"
"FaceParam","30087","","faceGeoData03","125","128"
"FaceParam","30087","","faceGeoData04","115","128"
"FaceParam","30087","","faceGeoData05","50","128"
"FaceParam","30087","","faceGeoData06","180","128"
"FaceParam","30087","","faceGeoData07","0","128"
"FaceParam","30087","","faceGeoData08","118","128"
"FaceParam","30087","","faceGeoData09","98","128"
"FaceParam","30087","","faceGeoData10","167","128"
"FaceParam","30087","","faceGeoData12","138","128"
"FaceParam","30087","","faceGeoData13","108","128"
"FaceParam","30087","","faceGeoData14","118","128"
"FaceParam","30087","","faceGeoData15","135","128"
"FaceParam","30087","","faceGeoData16","85","128"
"FaceParam","30087","","faceGeoData17","78","128"
"FaceParam","30087","","faceGeoData18","158","128"
"FaceParam","30087","","faceGeoData20","178","128"
"FaceParam","30087","","faceGeoData21","0","128"
"FaceParam","30087","","faceGeoData24","70","128"
"FaceParam","30087","","faceGeoData25","115","128"
"FaceParam","30087","","faceGeoData26","0","128"
"FaceParam","30087","","faceGeoData27","178","128"
"FaceParam","30087","","faceGeoData28","228","128"
"FaceParam","30087","","faceGeoData29","0","128"
"FaceParam","30087","","faceGeoData30","118","128"
"FaceParam","30087","","faceGeoData31","108","128"
"FaceParam","30087","","faceGeoData32","98","128"
"FaceParam","30087","","faceGeoData33","118","128"
"FaceParam","30087","","faceGeoData34","255","128"
"FaceParam","30087","","faceGeoData36","10","128"
"FaceParam","30087","","faceGeoData37","235","128"
"FaceParam","30087","","faceGeoData38","0","128"
"FaceParam","30087","","faceGeoData39","165","128"
"FaceParam","30087","","faceGeoData40","160","128"
"FaceParam","30087","","faceGeoData41","135","128"
"FaceParam","30087","","faceGeoData42","0","128"
"FaceParam","30087","","faceGeoData43","0","128"
"FaceParam","30087","","faceGeoData44","0","128"
"FaceParam","30087","","faceGeoData45","168","128"
"FaceParam","30087","","faceGeoData46","168","128"
"FaceParam","30087","","faceGeoData48","218","128"
"FaceParam","30087","","faceGeoData49","135","128"
"FaceParam","30087","","faceGeoData50","215","128"
"FaceParam","30087","","faceGeoData51","50","128"
"FaceParam","30087","","faceGeoData52","185","128"
"FaceParam","30087","","faceGeoData53","185","128"
"FaceParam","30087","","faceGeoData54","120","128"
"FaceParam","30087","","faceGeoData55","188","128"
"FaceParam","30087","","faceGeoData56","85","128"
"FaceParam","30087","","faceGeoData57","148","128"
"FaceParam","30087","","faceGeoData58","138","128"
"FaceParam","30087","","faceGeoData59","130","128"
"FaceParam","30087","","faceTexData00","0","128"
"FaceParam","30087","","faceTexData01","0","128"
"FaceParam","30087","","faceTexData02","0","128"
"FaceParam","30087","","faceTexData03","0","128"
"FaceParam","30087","","faceTexData09","0","128"
"FaceParam","30087","","faceTexData10","0","128"
"FaceParam","30087","","faceTexData11","0","128"
"FaceParam","30087","","faceTexData12","0","128"
"FaceParam","30087","","faceTexData13","0","128"
"FaceParam","30087","","faceTexData14","0","128"
"FaceParam","30087","","faceTexData15","0","128"
"FaceParam","30087","","faceTexData16","0","128"
"FaceParam","30087","","faceTexData17","0","128"
"FaceParam","30087","","faceTexData22","0","128"
"FaceParam","30087","","faceTexData23","0","128"
"FaceParam","30087","","faceTexData24","0","128"
"FaceParam","30087","","faceTexData25","0","128"
"FaceParam","30088","","face_partsId","42","0"
"FaceParam","30088","","skin_color_R","79","205"
"FaceParam","30088","","skin_color_G","70","145"
"FaceParam","30088","","skin_color_B","70","130"
"FaceParam","30088","","skin_gloss","160","128"
"FaceParam","30088","","face_aroundEye","160","0"
"FaceParam","30088","","face_aroundEyeColor_R","23","50"
"FaceParam","30088","","face_aroundEyeColor_G","23","0"
"FaceParam","30088","","face_aroundEyeColor_B","23","25"
"FaceParam","30088","","face_eyeShadowDown","100","0"
"FaceParam","30088","","face_eyeShadowUp","30","0"
"FaceParam","30088","","face_eyeShadowUpColor_R","40","50"
"FaceParam","30088","","face_eyeShadowUpColor_G","20","25"
"FaceParam","30088","","face_eyeShadowUpColor_B","30","0"
"FaceParam","30088","","face_lip","91","0"
"FaceParam","30088","","face_lipColor_R","90","102"
"FaceParam","30088","","face_lipColor_G","74","12"
"FaceParam","30088","","face_lipColor_B","69","12"
"FaceParam","30088","","body_hairColor_R","70","128"
"FaceParam","30088","","body_hairColor_G","48","128"
"FaceParam","30088","","body_hairColor_B","29","128"
"FaceParam","30088","","eyeR_irisColor_R","0","68"
"FaceParam","30088","","eyeR_irisColor_G","0","88"
"FaceParam","30088","","eyeR_irisColor_B","0","128"
"FaceParam","30088","","eyeR_irisScale","255","220"
"FaceParam","30088","","eyeR_cataract","255","0"
"FaceParam","30088","","eyeR_cataractColor_R","0","100"
"FaceParam","30088","","eyeR_cataractColor_G","0","100"
"FaceParam","30088","","eyeR_cataractColor_B","0","100"
"FaceParam","30088","","eyeR_scleraColor_R","0","255"
"FaceParam","30088","","eyeR_scleraColor_G","0","255"
"FaceParam","30088","","eyeR_scleraColor_B","0","255"
"FaceParam","30088","","eyeR_irisDistance","138","128"
"FaceParam","30088","","eyeL_irisColor_R","0","68"
"FaceParam","30088","","eyeL_irisColor_G","0","88"
"FaceParam","30088","","eyeL_irisColor_B","0","128"
"FaceParam","30088","","eyeL_irisScale","255","220"
"FaceParam","30088","","eyeL_cataract","255","0"
"FaceParam","30088","","eyeL_cataractColor_R","0","100"
"FaceParam","30088","","eyeL_cataractColor_G","0","100"
"FaceParam","30088","","eyeL_cataractColor_B","0","100"
"FaceParam","30088","","eyeL_scleraColor_R","0","255"
"FaceParam","30088","","eyeL_scleraColor_G","0","255"
"FaceParam","30088","","eyeL_scleraColor_B","0","255"
"FaceParam","30088","","eyeL_irisDistance","138","128"
"FaceParam","30088","","hair_partsId","0","5"
"FaceParam","30088","","hair_color_G","48","60"
"FaceParam","30088","","hair_color_B","29","45"
"FaceParam","30088","","hair_shininess","78","168"
"FaceParam","30088","","hair_rootBlack","128","200"
"FaceParam","30088","","hair_whiteDensity","80","0"
"FaceParam","30088","","beard_color_R","70","90"
"FaceParam","30088","","beard_color_G","48","80"
"FaceParam","30088","","beard_color_B","29","65"
"FaceParam","30088","","beard_shininess","78","168"
"FaceParam","30088","","beard_rootBlack","128","200"
"FaceParam","30088","","beard_whiteDensity","80","0"
"FaceParam","30088","","eyebrow_partsId","0","1"
"FaceParam","30088","","eyebrow_color_R","70","90"
"FaceParam","30088","","eyebrow_color_G","48","80"
"FaceParam","30088","","eyebrow_color_B","29","65"
"FaceParam","30088","","eyebrow_shininess","78","168"
"FaceParam","30088","","eyebrow_rootBlack","128","200"
"FaceParam","30088","","eyebrow_whiteDensity","80","0"
"FaceParam","30088","","eyelash_partsId","0","2"
"FaceParam","30088","","eyelash_color_R","0","30"
"FaceParam","30088","","eyelash_color_G","0","20"
"FaceParam","30088","","eyelash_color_B","0","5"
"FaceParam","30088","","decal_partsId","2","0"
"FaceParam","30088","","decal_posY","190","128"
"FaceParam","30088","","decal_angle","178","128"
"FaceParam","30088","","decal_scale","255","0"
"FaceParam","30088","","decal_color_R","105","128"
"FaceParam","30088","","decal_color_G","91","128"
"FaceParam","30088","","decal_color_B","86","128"
"FaceParam","30088","","decal_mirror","1","0"
"FaceParam","30088","","chrBodyScaleBreast","100","128"
"FaceParam","30088","","chrBodyScaleAbdomen","90","128"
"FaceParam","30088","","chrBodyScaleRArm","50","128"
"FaceParam","30088","","chrBodyScaleRLeg","90","128"
"FaceParam","30088","","chrBodyScaleLArm","50","128"
"FaceParam","30088","","chrBodyScaleLLeg","90","128"
"FaceParam","30088","","age","195","128"
"FaceParam","30088","","gender","58","128"
"FaceParam","30088","","faceGeoData00","190","128"
"FaceParam","30088","","faceGeoData01","198","128"
"FaceParam","30088","","faceGeoData02","118","128"
"FaceParam","30088","","faceGeoData03","125","128"
"FaceParam","30088","","faceGeoData04","115","128"
"FaceParam","30088","","faceGeoData05","50","128"
"FaceParam","30088","","faceGeoData06","180","128"
"FaceParam","30088","","faceGeoData07","0","128"
"FaceParam","30088","","faceGeoData08","118","128"
"FaceParam","30088","","faceGeoData09","98","128"
"FaceParam","30088","","faceGeoData10","167","128"
"FaceParam","30088","","faceGeoData12","138","128"
"FaceParam","30088","","faceGeoData13","108","128"
"FaceParam","30088","","faceGeoData14","118","128"
"FaceParam","30088","","faceGeoData15","135","128"
"FaceParam","30088","","faceGeoData16","85","128"
"FaceParam","30088","","faceGeoData17","78","128"
"FaceParam","30088","","faceGeoData18","158","128"
"FaceParam","30088","","faceGeoData20","178","128"
"FaceParam","30088","","faceGeoData21","0","128"
"FaceParam","30088","","faceGeoData24","70","128"
"FaceParam","30088","","faceGeoData25","115","128"
"FaceParam","30088","","faceGeoData26","0","128"
"FaceParam","30088","","faceGeoData27","178","128"
"FaceParam","30088","","faceGeoData28","228","128"
"FaceParam","30088","","faceGeoData29","0","128"
"FaceParam","30088","","faceGeoData30","118","128"
"FaceParam","30088","","faceGeoData31","108","128"
"FaceParam","30088","","faceGeoData32","98","128"
"FaceParam","30088","","faceGeoData33","118","128"
"FaceParam","30088","","faceGeoData34","255","128"
"FaceParam","30088","","faceGeoData36","10","128"
"FaceParam","30088","","faceGeoData37","235","128"
"FaceParam","30088","","faceGeoData38","0","128"
"FaceParam","30088","","faceGeoData39","165","128"
"FaceParam","30088","","faceGeoData40","160","128"
"FaceParam","30088","","faceGeoData41","135","128"
"FaceParam","30088","","faceGeoData42","0","128"
"FaceParam","30088","","faceGeoData43","0","128"
"FaceParam","30088","","faceGeoData44","0","128"
"FaceParam","30088","","faceGeoData45","168","128"
"FaceParam","30088","","faceGeoData46","168","128"
"FaceParam","30088","","faceGeoData48","218","128"
"FaceParam","30088","","faceGeoData49","135","128"
"FaceParam","30088","","faceGeoData50","215","128"
"FaceParam","30088","","faceGeoData51","50","128"
"FaceParam","30088","","faceGeoData52","185","128"
"FaceParam","30088","","faceGeoData53","185","128"
"FaceParam","30088","","faceGeoData54","120","128"
"FaceParam","30088","","faceGeoData55","188","128"
"FaceParam","30088","","faceGeoData56","85","128"
"FaceParam","30088","","faceGeoData57","148","128"
"FaceParam","30088","","faceGeoData58","138","128"
"FaceParam","30088","","faceGeoData59","130","128"
"FaceParam","30088","","faceTexData00","0","128"
"FaceParam","30088","","faceTexData01","0","128"
"FaceParam","30088","","faceTexData02","0","128"
"FaceParam","30088","","faceTexData03","0","128"
"FaceParam","30088","","faceTexData09","0","128"
"FaceParam","30088","","faceTexData10","0","128"
"FaceParam","30088","","faceTexData11","0","128"
"FaceParam","30088","","faceTexData12","0","128"
"FaceParam","30088","","faceTexData13","0","128"
"FaceParam","30088","","faceTexData14","0","128"
"FaceParam","30088","","faceTexData15","0","128"
"FaceParam","30088","","faceTexData16","0","128"
"FaceParam","30088","","faceTexData17","0","128"
"FaceParam","30088","","faceTexData22","0","128"
"FaceParam","30088","","faceTexData23","0","128"
"FaceParam","30088","","faceTexData24","0","128"
"FaceParam","30088","","faceTexData25","0","128"
"FaceParam","30089","","face_partsId","42","0"
"FaceParam","30089","","skin_color_R","106","205"
"FaceParam","30089","","skin_color_G","96","145"
"FaceParam","30089","","skin_color_B","94","130"
"FaceParam","30089","","skin_gloss","235","128"
"FaceParam","30089","","skin_pores","235","255"
"FaceParam","30089","","face_aroundEye","160","0"
"FaceParam","30089","","face_aroundEyeColor_R","23","50"
"FaceParam","30089","","face_aroundEyeColor_G","23","0"
"FaceParam","30089","","face_aroundEyeColor_B","23","25"
"FaceParam","30089","","face_eyeShadowDown","100","0"
"FaceParam","30089","","face_eyeShadowUp","30","0"
"FaceParam","30089","","face_eyeShadowUpColor_R","40","50"
"FaceParam","30089","","face_eyeShadowUpColor_G","20","25"
"FaceParam","30089","","face_eyeShadowUpColor_B","30","0"
"FaceParam","30089","","face_lip","91","0"
"FaceParam","30089","","face_lipColor_R","90","102"
"FaceParam","30089","","face_lipColor_G","74","12"
"FaceParam","30089","","face_lipColor_B","69","12"
"FaceParam","30089","","body_hairColor_R","70","128"
"FaceParam","30089","","body_hairColor_G","48","128"
"FaceParam","30089","","body_hairColor_B","29","128"
"FaceParam","30089","","eyeR_irisColor_R","0","68"
"FaceParam","30089","","eyeR_irisColor_G","0","88"
"FaceParam","30089","","eyeR_irisColor_B","0","128"
"FaceParam","30089","","eyeR_irisScale","255","220"
"FaceParam","30089","","eyeR_cataract","255","0"
"FaceParam","30089","","eyeR_cataractColor_R","0","100"
"FaceParam","30089","","eyeR_cataractColor_G","0","100"
"FaceParam","30089","","eyeR_cataractColor_B","0","100"
"FaceParam","30089","","eyeR_scleraColor_R","0","255"
"FaceParam","30089","","eyeR_scleraColor_G","0","255"
"FaceParam","30089","","eyeR_scleraColor_B","0","255"
"FaceParam","30089","","eyeR_irisDistance","138","128"
"FaceParam","30089","","eyeL_irisColor_R","0","68"
"FaceParam","30089","","eyeL_irisColor_G","0","88"
"FaceParam","30089","","eyeL_irisColor_B","0","128"
"FaceParam","30089","","eyeL_irisScale","255","220"
"FaceParam","30089","","eyeL_cataract","255","0"
"FaceParam","30089","","eyeL_cataractColor_R","0","100"
"FaceParam","30089","","eyeL_cataractColor_G","0","100"
"FaceParam","30089","","eyeL_cataractColor_B","0","100"
"FaceParam","30089","","eyeL_scleraColor_R","0","255"
"FaceParam","30089","","eyeL_scleraColor_G","0","255"
"FaceParam","30089","","eyeL_scleraColor_B","0","255"
"FaceParam","30089","","eyeL_irisDistance","138","128"
"FaceParam","30089","","hair_partsId","0","5"
"FaceParam","30089","","hair_color_G","48","60"
"FaceParam","30089","","hair_color_B","29","45"
"FaceParam","30089","","hair_shininess","78","168"
"FaceParam","30089","","hair_rootBlack","128","200"
"FaceParam","30089","","hair_whiteDensity","80","0"
"FaceParam","30089","","beard_color_R","70","90"
"FaceParam","30089","","beard_color_G","48","80"
"FaceParam","30089","","beard_color_B","29","65"
"FaceParam","30089","","beard_shininess","78","168"
"FaceParam","30089","","beard_rootBlack","128","200"
"FaceParam","30089","","beard_whiteDensity","80","0"
"FaceParam","30089","","eyebrow_partsId","0","1"
"FaceParam","30089","","eyebrow_color_R","70","90"
"FaceParam","30089","","eyebrow_color_G","48","80"
"FaceParam","30089","","eyebrow_color_B","29","65"
"FaceParam","30089","","eyebrow_shininess","78","168"
"FaceParam","30089","","eyebrow_rootBlack","128","200"
"FaceParam","30089","","eyebrow_whiteDensity","80","0"
"FaceParam","30089","","eyelash_partsId","0","2"
"FaceParam","30089","","eyelash_color_R","0","30"
"FaceParam","30089","","eyelash_color_G","0","20"
"FaceParam","30089","","eyelash_color_B","0","5"
"FaceParam","30089","","decal_partsId","1","0"
"FaceParam","30089","","decal_posY","190","128"
"FaceParam","30089","","decal_angle","178","128"
"FaceParam","30089","","decal_scale","255","0"
"FaceParam","30089","","decal_color_R","105","128"
"FaceParam","30089","","decal_color_G","91","128"
"FaceParam","30089","","decal_color_B","86","128"
"FaceParam","30089","","decal_mirror","1","0"
"FaceParam","30089","","chrBodyScaleHead","40","128"
"FaceParam","30089","","chrBodyScaleBreast","90","128"
"FaceParam","30089","","chrBodyScaleAbdomen","0","128"
"FaceParam","30089","","chrBodyScaleRArm","28","128"
"FaceParam","30089","","chrBodyScaleRLeg","0","128"
"FaceParam","30089","","chrBodyScaleLArm","28","128"
"FaceParam","30089","","chrBodyScaleLLeg","0","128"
"FaceParam","30089","","age","195","128"
"FaceParam","30089","","gender","58","128"
"FaceParam","30089","","faceGeoData00","190","128"
"FaceParam","30089","","faceGeoData01","198","128"
"FaceParam","30089","","faceGeoData02","118","128"
"FaceParam","30089","","faceGeoData03","125","128"
"FaceParam","30089","","faceGeoData04","115","128"
"FaceParam","30089","","faceGeoData05","50","128"
"FaceParam","30089","","faceGeoData06","180","128"
"FaceParam","30089","","faceGeoData07","0","128"
"FaceParam","30089","","faceGeoData08","118","128"
"FaceParam","30089","","faceGeoData09","98","128"
"FaceParam","30089","","faceGeoData10","167","128"
"FaceParam","30089","","faceGeoData12","138","128"
"FaceParam","30089","","faceGeoData13","108","128"
"FaceParam","30089","","faceGeoData14","118","128"
"FaceParam","30089","","faceGeoData15","135","128"
"FaceParam","30089","","faceGeoData16","85","128"
"FaceParam","30089","","faceGeoData17","78","128"
"FaceParam","30089","","faceGeoData18","158","128"
"FaceParam","30089","","faceGeoData20","178","128"
"FaceParam","30089","","faceGeoData21","0","128"
"FaceParam","30089","","faceGeoData24","70","128"
"FaceParam","30089","","faceGeoData25","115","128"
"FaceParam","30089","","faceGeoData26","0","128"
"FaceParam","30089","","faceGeoData27","178","128"
"FaceParam","30089","","faceGeoData28","228","128"
"FaceParam","30089","","faceGeoData29","0","128"
"FaceParam","30089","","faceGeoData30","118","128"
"FaceParam","30089","","faceGeoData31","108","128"
"FaceParam","30089","","faceGeoData32","98","128"
"FaceParam","30089","","faceGeoData33","118","128"
"FaceParam","30089","","faceGeoData34","255","128"
"FaceParam","30089","","faceGeoData36","10","128"
"FaceParam","30089","","faceGeoData37","235","128"
"FaceParam","30089","","faceGeoData38","0","128"
"FaceParam","30089","","faceGeoData39","165","128"
"FaceParam","30089","","faceGeoData40","160","128"
"FaceParam","30089","","faceGeoData41","135","128"
"FaceParam","30089","","faceGeoData42","0","128"
"FaceParam","30089","","faceGeoData43","0","128"
"FaceParam","30089","","faceGeoData44","0","128"
"FaceParam","30089","","faceGeoData45","168","128"
"FaceParam","30089","","faceGeoData46","168","128"
"FaceParam","30089","","faceGeoData48","218","128"
"FaceParam","30089","","faceGeoData49","135","128"
"FaceParam","30089","","faceGeoData50","215","128"
"FaceParam","30089","","faceGeoData51","50","128"
"FaceParam","30089","","faceGeoData52","185","128"
"FaceParam","30089","","faceGeoData53","185","128"
"FaceParam","30089","","faceGeoData54","120","128"
"FaceParam","30089","","faceGeoData55","188","128"
"FaceParam","30089","","faceGeoData56","85","128"
"FaceParam","30089","","faceGeoData57","148","128"
"FaceParam","30089","","faceGeoData58","138","128"
"FaceParam","30089","","faceGeoData59","130","128"
"FaceParam","30089","","faceTexData00","0","128"
"FaceParam","30089","","faceTexData01","0","128"
"FaceParam","30089","","faceTexData02","0","128"
"FaceParam","30089","","faceTexData03","0","128"
"FaceParam","30089","","faceTexData09","0","128"
"FaceParam","30089","","faceTexData10","0","128"
"FaceParam","30089","","faceTexData11","0","128"
"FaceParam","30089","","faceTexData12","0","128"
"FaceParam","30089","","faceTexData13","0","128"
"FaceParam","30089","","faceTexData14","0","128"
"FaceParam","30089","","faceTexData15","0","128"
"FaceParam","30089","","faceTexData16","0","128"
"FaceParam","30089","","faceTexData17","0","128"
"FaceParam","30089","","faceTexData22","0","128"
"FaceParam","30089","","faceTexData23","0","128"
"FaceParam","30089","","faceTexData24","0","128"
"FaceParam","30089","","faceTexData25","0","128"
"FaceParam","30090","","face_partsId","42","0"
"FaceParam","30090","","skin_color_R","106","205"
"FaceParam","30090","","skin_color_G","96","145"
"FaceParam","30090","","skin_color_B","94","130"
"FaceParam","30090","","skin_gloss","235","128"
"FaceParam","30090","","skin_pores","235","255"
"FaceParam","30090","","face_aroundEye","160","0"
"FaceParam","30090","","face_aroundEyeColor_R","23","50"
"FaceParam","30090","","face_aroundEyeColor_G","23","0"
"FaceParam","30090","","face_aroundEyeColor_B","23","25"
"FaceParam","30090","","face_eyeShadowDown","100","0"
"FaceParam","30090","","face_eyeShadowUp","30","0"
"FaceParam","30090","","face_eyeShadowUpColor_R","40","50"
"FaceParam","30090","","face_eyeShadowUpColor_G","20","25"
"FaceParam","30090","","face_eyeShadowUpColor_B","30","0"
"FaceParam","30090","","face_lip","91","0"
"FaceParam","30090","","face_lipColor_R","90","102"
"FaceParam","30090","","face_lipColor_G","74","12"
"FaceParam","30090","","face_lipColor_B","69","12"
"FaceParam","30090","","body_hairColor_R","70","128"
"FaceParam","30090","","body_hairColor_G","48","128"
"FaceParam","30090","","body_hairColor_B","29","128"
"FaceParam","30090","","eyeR_irisColor_R","0","68"
"FaceParam","30090","","eyeR_irisColor_G","0","88"
"FaceParam","30090","","eyeR_irisColor_B","0","128"
"FaceParam","30090","","eyeR_irisScale","85","220"
"FaceParam","30090","","eyeR_cataract","255","0"
"FaceParam","30090","","eyeR_cataractColor_R","0","100"
"FaceParam","30090","","eyeR_cataractColor_G","0","100"
"FaceParam","30090","","eyeR_cataractColor_B","0","100"
"FaceParam","30090","","eyeR_scleraColor_R","139","255"
"FaceParam","30090","","eyeR_scleraColor_G","139","255"
"FaceParam","30090","","eyeR_scleraColor_B","139","255"
"FaceParam","30090","","eyeR_irisDistance","138","128"
"FaceParam","30090","","eyeL_irisColor_R","0","68"
"FaceParam","30090","","eyeL_irisColor_G","0","88"
"FaceParam","30090","","eyeL_irisColor_B","0","128"
"FaceParam","30090","","eyeL_irisScale","85","220"
"FaceParam","30090","","eyeL_cataract","255","0"
"FaceParam","30090","","eyeL_cataractColor_R","0","100"
"FaceParam","30090","","eyeL_cataractColor_G","0","100"
"FaceParam","30090","","eyeL_cataractColor_B","0","100"
"FaceParam","30090","","eyeL_scleraColor_R","139","255"
"FaceParam","30090","","eyeL_scleraColor_G","139","255"
"FaceParam","30090","","eyeL_scleraColor_B","139","255"
"FaceParam","30090","","eyeL_irisDistance","138","128"
"FaceParam","30090","","hair_partsId","0","5"
"FaceParam","30090","","hair_color_G","48","60"
"FaceParam","30090","","hair_color_B","29","45"
"FaceParam","30090","","hair_shininess","78","168"
"FaceParam","30090","","hair_rootBlack","128","200"
"FaceParam","30090","","hair_whiteDensity","80","0"
"FaceParam","30090","","beard_color_R","70","90"
"FaceParam","30090","","beard_color_G","48","80"
"FaceParam","30090","","beard_color_B","29","65"
"FaceParam","30090","","beard_shininess","78","168"
"FaceParam","30090","","beard_rootBlack","128","200"
"FaceParam","30090","","beard_whiteDensity","80","0"
"FaceParam","30090","","eyebrow_partsId","0","1"
"FaceParam","30090","","eyebrow_color_R","70","90"
"FaceParam","30090","","eyebrow_color_G","48","80"
"FaceParam","30090","","eyebrow_color_B","29","65"
"FaceParam","30090","","eyebrow_shininess","78","168"
"FaceParam","30090","","eyebrow_rootBlack","128","200"
"FaceParam","30090","","eyebrow_whiteDensity","80","0"
"FaceParam","30090","","eyelash_partsId","0","2"
"FaceParam","30090","","eyelash_color_R","0","30"
"FaceParam","30090","","eyelash_color_G","0","20"
"FaceParam","30090","","eyelash_color_B","0","5"
"FaceParam","30090","","decal_partsId","1","0"
"FaceParam","30090","","decal_posY","190","128"
"FaceParam","30090","","decal_angle","178","128"
"FaceParam","30090","","decal_scale","255","0"
"FaceParam","30090","","decal_color_R","105","128"
"FaceParam","30090","","decal_color_G","91","128"
"FaceParam","30090","","decal_color_B","86","128"
"FaceParam","30090","","decal_mirror","1","0"
"FaceParam","30090","","chrBodyScaleHead","40","128"
"FaceParam","30090","","chrBodyScaleBreast","90","128"
"FaceParam","30090","","chrBodyScaleAbdomen","0","128"
"FaceParam","30090","","chrBodyScaleRArm","28","128"
"FaceParam","30090","","chrBodyScaleRLeg","0","128"
"FaceParam","30090","","chrBodyScaleLArm","28","128"
"FaceParam","30090","","chrBodyScaleLLeg","0","128"
"FaceParam","30090","","age","195","128"
"FaceParam","30090","","gender","58","128"
"FaceParam","30090","","faceGeoData00","190","128"
"FaceParam","30090","","faceGeoData01","165","128"
"FaceParam","30090","","faceGeoData02","148","128"
"FaceParam","30090","","faceGeoData03","125","128"
"FaceParam","30090","","faceGeoData04","115","128"
"FaceParam","30090","","faceGeoData05","50","128"
"FaceParam","30090","","faceGeoData06","180","128"
"FaceParam","30090","","faceGeoData07","0","128"
"FaceParam","30090","","faceGeoData08","118","128"
"FaceParam","30090","","faceGeoData09","98","128"
"FaceParam","30090","","faceGeoData10","167","128"
"FaceParam","30090","","faceGeoData12","138","128"
"FaceParam","30090","","faceGeoData13","108","128"
"FaceParam","30090","","faceGeoData14","118","128"
"FaceParam","30090","","faceGeoData15","135","128"
"FaceParam","30090","","faceGeoData16","175","128"
"FaceParam","30090","","faceGeoData17","38","128"
"FaceParam","30090","","faceGeoData18","178","128"
"FaceParam","30090","","faceGeoData20","178","128"
"FaceParam","30090","","faceGeoData21","0","128"
"FaceParam","30090","","faceGeoData24","70","128"
"FaceParam","30090","","faceGeoData25","115","128"
"FaceParam","30090","","faceGeoData26","0","128"
"FaceParam","30090","","faceGeoData27","178","128"
"FaceParam","30090","","faceGeoData28","228","128"
"FaceParam","30090","","faceGeoData29","0","128"
"FaceParam","30090","","faceGeoData30","118","128"
"FaceParam","30090","","faceGeoData31","108","128"
"FaceParam","30090","","faceGeoData32","98","128"
"FaceParam","30090","","faceGeoData33","118","128"
"FaceParam","30090","","faceGeoData34","255","128"
"FaceParam","30090","","faceGeoData36","10","128"
"FaceParam","30090","","faceGeoData37","235","128"
"FaceParam","30090","","faceGeoData38","0","128"
"FaceParam","30090","","faceGeoData39","165","128"
"FaceParam","30090","","faceGeoData40","160","128"
"FaceParam","30090","","faceGeoData41","135","128"
"FaceParam","30090","","faceGeoData42","0","128"
"FaceParam","30090","","faceGeoData43","0","128"
"FaceParam","30090","","faceGeoData44","0","128"
"FaceParam","30090","","faceGeoData45","168","128"
"FaceParam","30090","","faceGeoData46","168","128"
"FaceParam","30090","","faceGeoData48","218","128"
"FaceParam","30090","","faceGeoData49","135","128"
"FaceParam","30090","","faceGeoData50","215","128"
"FaceParam","30090","","faceGeoData51","50","128"
"FaceParam","30090","","faceGeoData52","185","128"
"FaceParam","30090","","faceGeoData53","185","128"
"FaceParam","30090","","faceGeoData54","120","128"
"FaceParam","30090","","faceGeoData55","188","128"
"FaceParam","30090","","faceGeoData56","85","128"
"FaceParam","30090","","faceGeoData57","148","128"
"FaceParam","30090","","faceGeoData58","138","128"
"FaceParam","30090","","faceGeoData59","130","128"
"FaceParam","30090","","faceTexData00","0","128"
"FaceParam","30090","","faceTexData01","0","128"
"FaceParam","30090","","faceTexData02","0","128"
"FaceParam","30090","","faceTexData03","0","128"
"FaceParam","30090","","faceTexData09","0","128"
"FaceParam","30090","","faceTexData10","0","128"
"FaceParam","30090","","faceTexData11","0","128"
"FaceParam","30090","","faceTexData12","0","128"
"FaceParam","30090","","faceTexData13","0","128"
"FaceParam","30090","","faceTexData14","0","128"
"FaceParam","30090","","faceTexData15","0","128"
"FaceParam","30090","","faceTexData16","0","128"
"FaceParam","30090","","faceTexData17","0","128"
"FaceParam","30090","","faceTexData22","0","128"
"FaceParam","30090","","faceTexData23","0","128"
"FaceParam","30090","","faceTexData24","0","128"
"FaceParam","30090","","faceTexData25","0","128"
"FaceParam","30091","","face_partsId","42","0"
"FaceParam","30091","","skin_color_R","106","205"
"FaceParam","30091","","skin_color_G","96","145"
"FaceParam","30091","","skin_color_B","94","130"
"FaceParam","30091","","skin_gloss","235","128"
"FaceParam","30091","","skin_pores","235","255"
"FaceParam","30091","","face_aroundEye","160","0"
"FaceParam","30091","","face_aroundEyeColor_R","23","50"
"FaceParam","30091","","face_aroundEyeColor_G","23","0"
"FaceParam","30091","","face_aroundEyeColor_B","23","25"
"FaceParam","30091","","face_eyeShadowDown","100","0"
"FaceParam","30091","","face_eyeShadowUp","30","0"
"FaceParam","30091","","face_eyeShadowUpColor_R","40","50"
"FaceParam","30091","","face_eyeShadowUpColor_G","20","25"
"FaceParam","30091","","face_eyeShadowUpColor_B","30","0"
"FaceParam","30091","","face_lip","91","0"
"FaceParam","30091","","face_lipColor_R","90","102"
"FaceParam","30091","","face_lipColor_G","74","12"
"FaceParam","30091","","face_lipColor_B","69","12"
"FaceParam","30091","","body_hairColor_R","70","128"
"FaceParam","30091","","body_hairColor_G","48","128"
"FaceParam","30091","","body_hairColor_B","29","128"
"FaceParam","30091","","eyeR_irisColor_R","0","68"
"FaceParam","30091","","eyeR_irisColor_G","0","88"
"FaceParam","30091","","eyeR_irisColor_B","0","128"
"FaceParam","30091","","eyeR_irisScale","255","220"
"FaceParam","30091","","eyeR_cataract","255","0"
"FaceParam","30091","","eyeR_cataractColor_R","0","100"
"FaceParam","30091","","eyeR_cataractColor_G","0","100"
"FaceParam","30091","","eyeR_cataractColor_B","0","100"
"FaceParam","30091","","eyeR_scleraColor_R","0","255"
"FaceParam","30091","","eyeR_scleraColor_G","0","255"
"FaceParam","30091","","eyeR_scleraColor_B","0","255"
"FaceParam","30091","","eyeR_irisDistance","138","128"
"FaceParam","30091","","eyeL_irisColor_R","0","68"
"FaceParam","30091","","eyeL_irisColor_G","0","88"
"FaceParam","30091","","eyeL_irisColor_B","0","128"
"FaceParam","30091","","eyeL_irisScale","255","220"
"FaceParam","30091","","eyeL_cataract","255","0"
"FaceParam","30091","","eyeL_cataractColor_R","0","100"
"FaceParam","30091","","eyeL_cataractColor_G","0","100"
"FaceParam","30091","","eyeL_cataractColor_B","0","100"
"FaceParam","30091","","eyeL_scleraColor_R","0","255"
"FaceParam","30091","","eyeL_scleraColor_G","0","255"
"FaceParam","30091","","eyeL_scleraColor_B","0","255"
"FaceParam","30091","","eyeL_irisDistance","138","128"
"FaceParam","30091","","hair_partsId","0","5"
"FaceParam","30091","","hair_color_G","48","60"
"FaceParam","30091","","hair_color_B","29","45"
"FaceParam","30091","","hair_shininess","78","168"
"FaceParam","30091","","hair_rootBlack","128","200"
"FaceParam","30091","","hair_whiteDensity","80","0"
"FaceParam","30091","","beard_color_R","70","90"
"FaceParam","30091","","beard_color_G","48","80"
"FaceParam","30091","","beard_color_B","29","65"
"FaceParam","30091","","beard_shininess","78","168"
"FaceParam","30091","","beard_rootBlack","128","200"
"FaceParam","30091","","beard_whiteDensity","80","0"
"FaceParam","30091","","eyebrow_partsId","0","1"
"FaceParam","30091","","eyebrow_color_R","70","90"
"FaceParam","30091","","eyebrow_color_G","48","80"
"FaceParam","30091","","eyebrow_color_B","29","65"
"FaceParam","30091","","eyebrow_shininess","78","168"
"FaceParam","30091","","eyebrow_rootBlack","128","200"
"FaceParam","30091","","eyebrow_whiteDensity","80","0"
"FaceParam","30091","","eyelash_partsId","0","2"
"FaceParam","30091","","eyelash_color_R","0","30"
"FaceParam","30091","","eyelash_color_G","0","20"
"FaceParam","30091","","eyelash_color_B","0","5"
"FaceParam","30091","","decal_partsId","1","0"
"FaceParam","30091","","decal_posY","190","128"
"FaceParam","30091","","decal_angle","178","128"
"FaceParam","30091","","decal_scale","255","0"
"FaceParam","30091","","decal_color_R","105","128"
"FaceParam","30091","","decal_color_G","91","128"
"FaceParam","30091","","decal_color_B","86","128"
"FaceParam","30091","","decal_mirror","1","0"
"FaceParam","30091","","chrBodyScaleHead","40","128"
"FaceParam","30091","","chrBodyScaleBreast","90","128"
"FaceParam","30091","","chrBodyScaleAbdomen","0","128"
"FaceParam","30091","","chrBodyScaleRArm","28","128"
"FaceParam","30091","","chrBodyScaleRLeg","0","128"
"FaceParam","30091","","chrBodyScaleLArm","28","128"
"FaceParam","30091","","chrBodyScaleLLeg","0","128"
"FaceParam","30091","","age","195","128"
"FaceParam","30091","","gender","58","128"
"FaceParam","30091","","faceGeoData00","190","128"
"FaceParam","30091","","faceGeoData01","165","128"
"FaceParam","30091","","faceGeoData02","148","128"
"FaceParam","30091","","faceGeoData03","195","128"
"FaceParam","30091","","faceGeoData04","75","128"
"FaceParam","30091","","faceGeoData05","50","128"
"FaceParam","30091","","faceGeoData06","180","128"
"FaceParam","30091","","faceGeoData07","40","128"
"FaceParam","30091","","faceGeoData08","118","128"
"FaceParam","30091","","faceGeoData09","98","128"
"FaceParam","30091","","faceGeoData10","167","128"
"FaceParam","30091","","faceGeoData12","138","128"
"FaceParam","30091","","faceGeoData13","108","128"
"FaceParam","30091","","faceGeoData14","118","128"
"FaceParam","30091","","faceGeoData15","135","128"
"FaceParam","30091","","faceGeoData16","205","128"
"FaceParam","30091","","faceGeoData17","20","128"
"FaceParam","30091","","faceGeoData18","205","128"
"FaceParam","30091","","faceGeoData20","178","128"
"FaceParam","30091","","faceGeoData21","0","128"
"FaceParam","30091","","faceGeoData24","70","128"
"FaceParam","30091","","faceGeoData25","115","128"
"FaceParam","30091","","faceGeoData26","0","128"
"FaceParam","30091","","faceGeoData27","178","128"
"FaceParam","30091","","faceGeoData28","228","128"
"FaceParam","30091","","faceGeoData29","0","128"
"FaceParam","30091","","faceGeoData30","118","128"
"FaceParam","30091","","faceGeoData31","108","128"
"FaceParam","30091","","faceGeoData32","98","128"
"FaceParam","30091","","faceGeoData33","118","128"
"FaceParam","30091","","faceGeoData34","255","128"
"FaceParam","30091","","faceGeoData36","10","128"
"FaceParam","30091","","faceGeoData37","235","128"
"FaceParam","30091","","faceGeoData38","0","128"
"FaceParam","30091","","faceGeoData39","165","128"
"FaceParam","30091","","faceGeoData40","160","128"
"FaceParam","30091","","faceGeoData41","135","128"
"FaceParam","30091","","faceGeoData42","0","128"
"FaceParam","30091","","faceGeoData43","0","128"
"FaceParam","30091","","faceGeoData44","0","128"
"FaceParam","30091","","faceGeoData45","168","128"
"FaceParam","30091","","faceGeoData46","168","128"
"FaceParam","30091","","faceGeoData48","218","128"
"FaceParam","30091","","faceGeoData49","135","128"
"FaceParam","30091","","faceGeoData50","215","128"
"FaceParam","30091","","faceGeoData51","50","128"
"FaceParam","30091","","faceGeoData52","185","128"
"FaceParam","30091","","faceGeoData53","185","128"
"FaceParam","30091","","faceGeoData54","120","128"
"FaceParam","30091","","faceGeoData55","188","128"
"FaceParam","30091","","faceGeoData56","85","128"
"FaceParam","30091","","faceGeoData57","148","128"
"FaceParam","30091","","faceGeoData58","138","128"
"FaceParam","30091","","faceGeoData59","130","128"
"FaceParam","30091","","faceTexData00","0","128"
"FaceParam","30091","","faceTexData01","0","128"
"FaceParam","30091","","faceTexData02","0","128"
"FaceParam","30091","","faceTexData03","0","128"
"FaceParam","30091","","faceTexData09","0","128"
"FaceParam","30091","","faceTexData10","0","128"
"FaceParam","30091","","faceTexData11","0","128"
"FaceParam","30091","","faceTexData12","0","128"
"FaceParam","30091","","faceTexData13","0","128"
"FaceParam","30091","","faceTexData14","0","128"
"FaceParam","30091","","faceTexData15","0","128"
"FaceParam","30091","","faceTexData16","0","128"
"FaceParam","30091","","faceTexData17","0","128"
"FaceParam","30091","","faceTexData22","0","128"
"FaceParam","30091","","faceTexData23","0","128"
"FaceParam","30091","","faceTexData24","0","128"
"FaceParam","30091","","faceTexData25","0","128"
"FaceParam","30092","","face_partsId","42","0"
"FaceParam","30092","","skin_color_R","106","205"
"FaceParam","30092","","skin_color_G","96","145"
"FaceParam","30092","","skin_color_B","94","130"
"FaceParam","30092","","skin_gloss","235","128"
"FaceParam","30092","","skin_pores","235","255"
"FaceParam","30092","","face_aroundEye","160","0"
"FaceParam","30092","","face_aroundEyeColor_R","23","50"
"FaceParam","30092","","face_aroundEyeColor_G","23","0"
"FaceParam","30092","","face_aroundEyeColor_B","23","25"
"FaceParam","30092","","face_eyeShadowDown","5","0"
"FaceParam","30092","","face_eyeShadowUp","30","0"
"FaceParam","30092","","face_eyeShadowUpColor_R","40","50"
"FaceParam","30092","","face_eyeShadowUpColor_G","20","25"
"FaceParam","30092","","face_eyeShadowUpColor_B","30","0"
"FaceParam","30092","","face_lip","91","0"
"FaceParam","30092","","face_lipColor_R","90","102"
"FaceParam","30092","","face_lipColor_G","74","12"
"FaceParam","30092","","face_lipColor_B","69","12"
"FaceParam","30092","","body_hairColor_R","70","128"
"FaceParam","30092","","body_hairColor_G","48","128"
"FaceParam","30092","","body_hairColor_B","29","128"
"FaceParam","30092","","eyeR_irisColor_R","0","68"
"FaceParam","30092","","eyeR_irisColor_G","0","88"
"FaceParam","30092","","eyeR_irisColor_B","0","128"
"FaceParam","30092","","eyeR_irisScale","255","220"
"FaceParam","30092","","eyeR_cataract","255","0"
"FaceParam","30092","","eyeR_cataractColor_R","0","100"
"FaceParam","30092","","eyeR_cataractColor_G","0","100"
"FaceParam","30092","","eyeR_cataractColor_B","0","100"
"FaceParam","30092","","eyeR_scleraColor_R","0","255"
"FaceParam","30092","","eyeR_scleraColor_G","0","255"
"FaceParam","30092","","eyeR_scleraColor_B","0","255"
"FaceParam","30092","","eyeR_irisDistance","138","128"
"FaceParam","30092","","eyeL_irisColor_R","0","68"
"FaceParam","30092","","eyeL_irisColor_G","0","88"
"FaceParam","30092","","eyeL_irisColor_B","0","128"
"FaceParam","30092","","eyeL_irisScale","255","220"
"FaceParam","30092","","eyeL_cataract","255","0"
"FaceParam","30092","","eyeL_cataractColor_R","0","100"
"FaceParam","30092","","eyeL_cataractColor_G","0","100"
"FaceParam","30092","","eyeL_cataractColor_B","0","100"
"FaceParam","30092","","eyeL_scleraColor_R","0","255"
"FaceParam","30092","","eyeL_scleraColor_G","0","255"
"FaceParam","30092","","eyeL_scleraColor_B","0","255"
"FaceParam","30092","","eyeL_irisDistance","138","128"
"FaceParam","30092","","hair_partsId","0","5"
"FaceParam","30092","","hair_color_G","48","60"
"FaceParam","30092","","hair_color_B","29","45"
"FaceParam","30092","","hair_shininess","78","168"
"FaceParam","30092","","hair_rootBlack","128","200"
"FaceParam","30092","","hair_whiteDensity","80","0"
"FaceParam","30092","","beard_color_R","70","90"
"FaceParam","30092","","beard_color_G","48","80"
"FaceParam","30092","","beard_color_B","29","65"
"FaceParam","30092","","beard_shininess","78","168"
"FaceParam","30092","","beard_rootBlack","128","200"
"FaceParam","30092","","beard_whiteDensity","80","0"
"FaceParam","30092","","eyebrow_partsId","0","1"
"FaceParam","30092","","eyebrow_color_R","70","90"
"FaceParam","30092","","eyebrow_color_G","48","80"
"FaceParam","30092","","eyebrow_color_B","29","65"
"FaceParam","30092","","eyebrow_shininess","78","168"
"FaceParam","30092","","eyebrow_rootBlack","128","200"
"FaceParam","30092","","eyebrow_whiteDensity","80","0"
"FaceParam","30092","","eyelash_partsId","0","2"
"FaceParam","30092","","eyelash_color_R","0","30"
"FaceParam","30092","","eyelash_color_G","0","20"
"FaceParam","30092","","eyelash_color_B","0","5"
"FaceParam","30092","","decal_partsId","1","0"
"FaceParam","30092","","decal_posY","190","128"
"FaceParam","30092","","decal_angle","178","128"
"FaceParam","30092","","decal_scale","255","0"
"FaceParam","30092","","decal_color_R","105","128"
"FaceParam","30092","","decal_color_G","91","128"
"FaceParam","30092","","decal_color_B","86","128"
"FaceParam","30092","","decal_mirror","1","0"
"FaceParam","30092","","chrBodyScaleHead","40","128"
"FaceParam","30092","","chrBodyScaleBreast","90","128"
"FaceParam","30092","","chrBodyScaleAbdomen","0","128"
"FaceParam","30092","","chrBodyScaleRArm","28","128"
"FaceParam","30092","","chrBodyScaleRLeg","0","128"
"FaceParam","30092","","chrBodyScaleLArm","28","128"
"FaceParam","30092","","chrBodyScaleLLeg","0","128"
"FaceParam","30092","","age","195","128"
"FaceParam","30092","","gender","58","128"
"FaceParam","30092","","faceGeoData00","80","128"
"FaceParam","30092","","faceGeoData01","165","128"
"FaceParam","30092","","faceGeoData02","148","128"
"FaceParam","30092","","faceGeoData03","55","128"
"FaceParam","30092","","faceGeoData04","115","128"
"FaceParam","30092","","faceGeoData05","50","128"
"FaceParam","30092","","faceGeoData06","180","128"
"FaceParam","30092","","faceGeoData07","0","128"
"FaceParam","30092","","faceGeoData08","118","128"
"FaceParam","30092","","faceGeoData09","98","128"
"FaceParam","30092","","faceGeoData10","167","128"
"FaceParam","30092","","faceGeoData12","138","128"
"FaceParam","30092","","faceGeoData13","108","128"
"FaceParam","30092","","faceGeoData14","118","128"
"FaceParam","30092","","faceGeoData15","170","128"
"FaceParam","30092","","faceGeoData16","175","128"
"FaceParam","30092","","faceGeoData17","150","128"
"FaceParam","30092","","faceGeoData18","115","128"
"FaceParam","30092","","faceGeoData20","178","128"
"FaceParam","30092","","faceGeoData21","0","128"
"FaceParam","30092","","faceGeoData24","70","128"
"FaceParam","30092","","faceGeoData25","115","128"
"FaceParam","30092","","faceGeoData26","0","128"
"FaceParam","30092","","faceGeoData27","178","128"
"FaceParam","30092","","faceGeoData28","228","128"
"FaceParam","30092","","faceGeoData29","0","128"
"FaceParam","30092","","faceGeoData30","118","128"
"FaceParam","30092","","faceGeoData31","108","128"
"FaceParam","30092","","faceGeoData32","98","128"
"FaceParam","30092","","faceGeoData33","118","128"
"FaceParam","30092","","faceGeoData34","255","128"
"FaceParam","30092","","faceGeoData36","10","128"
"FaceParam","30092","","faceGeoData37","235","128"
"FaceParam","30092","","faceGeoData38","0","128"
"FaceParam","30092","","faceGeoData39","165","128"
"FaceParam","30092","","faceGeoData40","160","128"
"FaceParam","30092","","faceGeoData41","135","128"
"FaceParam","30092","","faceGeoData42","0","128"
"FaceParam","30092","","faceGeoData43","0","128"
"FaceParam","30092","","faceGeoData44","0","128"
"FaceParam","30092","","faceGeoData45","168","128"
"FaceParam","30092","","faceGeoData46","168","128"
"FaceParam","30092","","faceGeoData48","218","128"
"FaceParam","30092","","faceGeoData49","135","128"
"FaceParam","30092","","faceGeoData50","215","128"
"FaceParam","30092","","faceGeoData51","50","128"
"FaceParam","30092","","faceGeoData52","185","128"
"FaceParam","30092","","faceGeoData53","185","128"
"FaceParam","30092","","faceGeoData54","120","128"
"FaceParam","30092","","faceGeoData55","188","128"
"FaceParam","30092","","faceGeoData56","85","128"
"FaceParam","30092","","faceGeoData57","148","128"
"FaceParam","30092","","faceGeoData58","138","128"
"FaceParam","30092","","faceGeoData59","130","128"
"FaceParam","30092","","faceTexData00","0","128"
"FaceParam","30092","","faceTexData01","0","128"
"FaceParam","30092","","faceTexData02","0","128"
"FaceParam","30092","","faceTexData03","0","128"
"FaceParam","30092","","faceTexData09","0","128"
"FaceParam","30092","","faceTexData10","0","128"
"FaceParam","30092","","faceTexData11","0","128"
"FaceParam","30092","","faceTexData12","0","128"
"FaceParam","30092","","faceTexData13","0","128"
"FaceParam","30092","","faceTexData14","0","128"
"FaceParam","30092","","faceTexData15","0","128"
"FaceParam","30092","","faceTexData16","0","128"
"FaceParam","30092","","faceTexData17","0","128"
"FaceParam","30092","","faceTexData22","0","128"
"FaceParam","30092","","faceTexData23","0","128"
"FaceParam","30092","","faceTexData24","0","128"
"FaceParam","30092","","faceTexData25","0","128"
"FaceParam","30093","","face_partsId","42","0"
"FaceParam","30093","","skin_color_R","106","205"
"FaceParam","30093","","skin_color_G","96","145"
"FaceParam","30093","","skin_color_B","94","130"
"FaceParam","30093","","skin_gloss","235","128"
"FaceParam","30093","","skin_pores","235","255"
"FaceParam","30093","","face_aroundEye","160","0"
"FaceParam","30093","","face_aroundEyeColor_R","23","50"
"FaceParam","30093","","face_aroundEyeColor_G","23","0"
"FaceParam","30093","","face_aroundEyeColor_B","23","25"
"FaceParam","30093","","face_eyeShadowDown","5","0"
"FaceParam","30093","","face_eyeShadowUp","30","0"
"FaceParam","30093","","face_eyeShadowUpColor_R","40","50"
"FaceParam","30093","","face_eyeShadowUpColor_G","20","25"
"FaceParam","30093","","face_eyeShadowUpColor_B","30","0"
"FaceParam","30093","","face_lip","91","0"
"FaceParam","30093","","face_lipColor_R","90","102"
"FaceParam","30093","","face_lipColor_G","74","12"
"FaceParam","30093","","face_lipColor_B","69","12"
"FaceParam","30093","","body_hairColor_R","70","128"
"FaceParam","30093","","body_hairColor_G","48","128"
"FaceParam","30093","","body_hairColor_B","29","128"
"FaceParam","30093","","eyeR_irisColor_R","0","68"
"FaceParam","30093","","eyeR_irisColor_G","0","88"
"FaceParam","30093","","eyeR_irisColor_B","0","128"
"FaceParam","30093","","eyeR_irisScale","255","220"
"FaceParam","30093","","eyeR_cataract","255","0"
"FaceParam","30093","","eyeR_cataractColor_R","0","100"
"FaceParam","30093","","eyeR_cataractColor_G","0","100"
"FaceParam","30093","","eyeR_cataractColor_B","0","100"
"FaceParam","30093","","eyeR_scleraColor_R","0","255"
"FaceParam","30093","","eyeR_scleraColor_G","0","255"
"FaceParam","30093","","eyeR_scleraColor_B","0","255"
"FaceParam","30093","","eyeR_irisDistance","138","128"
"FaceParam","30093","","eyeL_irisColor_R","0","68"
"FaceParam","30093","","eyeL_irisColor_G","0","88"
"FaceParam","30093","","eyeL_irisColor_B","0","128"
"FaceParam","30093","","eyeL_irisScale","255","220"
"FaceParam","30093","","eyeL_cataract","255","0"
"FaceParam","30093","","eyeL_cataractColor_R","0","100"
"FaceParam","30093","","eyeL_cataractColor_G","0","100"
"FaceParam","30093","","eyeL_cataractColor_B","0","100"
"FaceParam","30093","","eyeL_scleraColor_R","0","255"
"FaceParam","30093","","eyeL_scleraColor_G","0","255"
"FaceParam","30093","","eyeL_scleraColor_B","0","255"
"FaceParam","30093","","eyeL_irisDistance","138","128"
"FaceParam","30093","","hair_partsId","0","5"
"FaceParam","30093","","hair_color_G","48","60"
"FaceParam","30093","","hair_color_B","29","45"
"FaceParam","30093","","hair_shininess","78","168"
"FaceParam","30093","","hair_rootBlack","128","200"
"FaceParam","30093","","hair_whiteDensity","80","0"
"FaceParam","30093","","beard_color_R","70","90"
"FaceParam","30093","","beard_color_G","48","80"
"FaceParam","30093","","beard_color_B","29","65"
"FaceParam","30093","","beard_shininess","78","168"
"FaceParam","30093","","beard_rootBlack","128","200"
"FaceParam","30093","","beard_whiteDensity","80","0"
"FaceParam","30093","","eyebrow_partsId","0","1"
"FaceParam","30093","","eyebrow_color_R","70","90"
"FaceParam","30093","","eyebrow_color_G","48","80"
"FaceParam","30093","","eyebrow_color_B","29","65"
"FaceParam","30093","","eyebrow_shininess","78","168"
"FaceParam","30093","","eyebrow_rootBlack","128","200"
"FaceParam","30093","","eyebrow_whiteDensity","80","0"
"FaceParam","30093","","eyelash_partsId","0","2"
"FaceParam","30093","","eyelash_color_R","0","30"
"FaceParam","30093","","eyelash_color_G","0","20"
"FaceParam","30093","","eyelash_color_B","0","5"
"FaceParam","30093","","decal_partsId","1","0"
"FaceParam","30093","","decal_posY","190","128"
"FaceParam","30093","","decal_angle","178","128"
"FaceParam","30093","","decal_scale","255","0"
"FaceParam","30093","","decal_color_R","105","128"
"FaceParam","30093","","decal_color_G","91","128"
"FaceParam","30093","","decal_color_B","86","128"
"FaceParam","30093","","decal_mirror","1","0"
"FaceParam","30093","","chrBodyScaleHead","40","128"
"FaceParam","30093","","chrBodyScaleBreast","90","128"
"FaceParam","30093","","chrBodyScaleAbdomen","0","128"
"FaceParam","30093","","chrBodyScaleRArm","28","128"
"FaceParam","30093","","chrBodyScaleRLeg","0","128"
"FaceParam","30093","","chrBodyScaleLArm","28","128"
"FaceParam","30093","","chrBodyScaleLLeg","0","128"
"FaceParam","30093","","age","195","128"
"FaceParam","30093","","gender","58","128"
"FaceParam","30093","","faceGeoData00","80","128"
"FaceParam","30093","","faceGeoData01","165","128"
"FaceParam","30093","","faceGeoData02","148","128"
"FaceParam","30093","","faceGeoData03","215","128"
"FaceParam","30093","","faceGeoData04","115","128"
"FaceParam","30093","","faceGeoData05","50","128"
"FaceParam","30093","","faceGeoData06","180","128"
"FaceParam","30093","","faceGeoData07","0","128"
"FaceParam","30093","","faceGeoData08","118","128"
"FaceParam","30093","","faceGeoData09","98","128"
"FaceParam","30093","","faceGeoData10","167","128"
"FaceParam","30093","","faceGeoData12","138","128"
"FaceParam","30093","","faceGeoData13","108","128"
"FaceParam","30093","","faceGeoData14","118","128"
"FaceParam","30093","","faceGeoData15","170","128"
"FaceParam","30093","","faceGeoData16","175","128"
"FaceParam","30093","","faceGeoData17","150","128"
"FaceParam","30093","","faceGeoData18","115","128"
"FaceParam","30093","","faceGeoData20","178","128"
"FaceParam","30093","","faceGeoData21","0","128"
"FaceParam","30093","","faceGeoData24","70","128"
"FaceParam","30093","","faceGeoData25","115","128"
"FaceParam","30093","","faceGeoData26","0","128"
"FaceParam","30093","","faceGeoData27","178","128"
"FaceParam","30093","","faceGeoData28","228","128"
"FaceParam","30093","","faceGeoData29","0","128"
"FaceParam","30093","","faceGeoData30","118","128"
"FaceParam","30093","","faceGeoData31","108","128"
"FaceParam","30093","","faceGeoData32","98","128"
"FaceParam","30093","","faceGeoData33","118","128"
"FaceParam","30093","","faceGeoData34","255","128"
"FaceParam","30093","","faceGeoData36","10","128"
"FaceParam","30093","","faceGeoData37","235","128"
"FaceParam","30093","","faceGeoData38","0","128"
"FaceParam","30093","","faceGeoData39","165","128"
"FaceParam","30093","","faceGeoData40","160","128"
"FaceParam","30093","","faceGeoData41","135","128"
"FaceParam","30093","","faceGeoData42","0","128"
"FaceParam","30093","","faceGeoData43","0","128"
"FaceParam","30093","","faceGeoData44","0","128"
"FaceParam","30093","","faceGeoData45","168","128"
"FaceParam","30093","","faceGeoData46","168","128"
"FaceParam","30093","","faceGeoData48","218","128"
"FaceParam","30093","","faceGeoData49","135","128"
"FaceParam","30093","","faceGeoData50","215","128"
"FaceParam","30093","","faceGeoData51","50","128"
"FaceParam","30093","","faceGeoData52","185","128"
"FaceParam","30093","","faceGeoData53","185","128"
"FaceParam","30093","","faceGeoData54","120","128"
"FaceParam","30093","","faceGeoData55","188","128"
"FaceParam","30093","","faceGeoData56","85","128"
"FaceParam","30093","","faceGeoData57","148","128"
"FaceParam","30093","","faceGeoData58","138","128"
"FaceParam","30093","","faceGeoData59","130","128"
"FaceParam","30093","","faceTexData00","0","128"
"FaceParam","30093","","faceTexData01","0","128"
"FaceParam","30093","","faceTexData02","0","128"
"FaceParam","30093","","faceTexData03","0","128"
"FaceParam","30093","","faceTexData09","0","128"
"FaceParam","30093","","faceTexData10","0","128"
"FaceParam","30093","","faceTexData11","0","128"
"FaceParam","30093","","faceTexData12","0","128"
"FaceParam","30093","","faceTexData13","0","128"
"FaceParam","30093","","faceTexData14","0","128"
"FaceParam","30093","","faceTexData15","0","128"
"FaceParam","30093","","faceTexData16","0","128"
"FaceParam","30093","","faceTexData17","0","128"
"FaceParam","30093","","faceTexData22","0","128"
"FaceParam","30093","","faceTexData23","0","128"
"FaceParam","30093","","faceTexData24","0","128"
"FaceParam","30093","","faceTexData25","0","128"
"FaceParam","30094","","face_partsId","42","0"
"FaceParam","30094","","skin_color_R","106","205"
"FaceParam","30094","","skin_color_G","96","145"
"FaceParam","30094","","skin_color_B","94","130"
"FaceParam","30094","","skin_gloss","235","128"
"FaceParam","30094","","skin_pores","235","255"
"FaceParam","30094","","face_aroundEye","160","0"
"FaceParam","30094","","face_aroundEyeColor_R","23","50"
"FaceParam","30094","","face_aroundEyeColor_G","23","0"
"FaceParam","30094","","face_aroundEyeColor_B","23","25"
"FaceParam","30094","","face_eyeLine","255","0"
"FaceParam","30094","","face_eyeShadowDown","145","0"
"FaceParam","30094","","face_eyeShadowUp","210","0"
"FaceParam","30094","","face_eyeShadowUpColor_R","40","50"
"FaceParam","30094","","face_eyeShadowUpColor_G","20","25"
"FaceParam","30094","","face_eyeShadowUpColor_B","30","0"
"FaceParam","30094","","face_lip","91","0"
"FaceParam","30094","","face_lipColor_R","90","102"
"FaceParam","30094","","face_lipColor_G","74","12"
"FaceParam","30094","","face_lipColor_B","69","12"
"FaceParam","30094","","body_hairColor_R","70","128"
"FaceParam","30094","","body_hairColor_G","48","128"
"FaceParam","30094","","body_hairColor_B","29","128"
"FaceParam","30094","","eyeR_irisColor_R","0","68"
"FaceParam","30094","","eyeR_irisColor_G","0","88"
"FaceParam","30094","","eyeR_irisColor_B","0","128"
"FaceParam","30094","","eyeR_irisScale","255","220"
"FaceParam","30094","","eyeR_cataract","255","0"
"FaceParam","30094","","eyeR_cataractColor_R","0","100"
"FaceParam","30094","","eyeR_cataractColor_G","0","100"
"FaceParam","30094","","eyeR_cataractColor_B","0","100"
"FaceParam","30094","","eyeR_scleraColor_R","0","255"
"FaceParam","30094","","eyeR_scleraColor_G","0","255"
"FaceParam","30094","","eyeR_scleraColor_B","0","255"
"FaceParam","30094","","eyeR_irisDistance","138","128"
"FaceParam","30094","","eyeL_irisColor_R","0","68"
"FaceParam","30094","","eyeL_irisColor_G","0","88"
"FaceParam","30094","","eyeL_irisColor_B","0","128"
"FaceParam","30094","","eyeL_irisScale","255","220"
"FaceParam","30094","","eyeL_cataract","255","0"
"FaceParam","30094","","eyeL_cataractColor_R","0","100"
"FaceParam","30094","","eyeL_cataractColor_G","0","100"
"FaceParam","30094","","eyeL_cataractColor_B","0","100"
"FaceParam","30094","","eyeL_scleraColor_R","0","255"
"FaceParam","30094","","eyeL_scleraColor_G","0","255"
"FaceParam","30094","","eyeL_scleraColor_B","0","255"
"FaceParam","30094","","eyeL_irisDistance","138","128"
"FaceParam","30094","","hair_partsId","0","5"
"FaceParam","30094","","hair_color_G","48","60"
"FaceParam","30094","","hair_color_B","29","45"
"FaceParam","30094","","hair_shininess","78","168"
"FaceParam","30094","","hair_rootBlack","128","200"
"FaceParam","30094","","hair_whiteDensity","80","0"
"FaceParam","30094","","beard_color_R","70","90"
"FaceParam","30094","","beard_color_G","48","80"
"FaceParam","30094","","beard_color_B","29","65"
"FaceParam","30094","","beard_shininess","78","168"
"FaceParam","30094","","beard_rootBlack","128","200"
"FaceParam","30094","","beard_whiteDensity","80","0"
"FaceParam","30094","","eyebrow_partsId","0","1"
"FaceParam","30094","","eyebrow_color_R","70","90"
"FaceParam","30094","","eyebrow_color_G","48","80"
"FaceParam","30094","","eyebrow_color_B","29","65"
"FaceParam","30094","","eyebrow_shininess","78","168"
"FaceParam","30094","","eyebrow_rootBlack","128","200"
"FaceParam","30094","","eyebrow_whiteDensity","80","0"
"FaceParam","30094","","eyelash_partsId","0","2"
"FaceParam","30094","","eyelash_color_R","0","30"
"FaceParam","30094","","eyelash_color_G","0","20"
"FaceParam","30094","","eyelash_color_B","0","5"
"FaceParam","30094","","decal_partsId","1","0"
"FaceParam","30094","","decal_posY","190","128"
"FaceParam","30094","","decal_angle","178","128"
"FaceParam","30094","","decal_scale","255","0"
"FaceParam","30094","","decal_color_R","105","128"
"FaceParam","30094","","decal_color_G","91","128"
"FaceParam","30094","","decal_color_B","86","128"
"FaceParam","30094","","decal_mirror","1","0"
"FaceParam","30094","","chrBodyScaleHead","40","128"
"FaceParam","30094","","chrBodyScaleBreast","90","128"
"FaceParam","30094","","chrBodyScaleAbdomen","0","128"
"FaceParam","30094","","chrBodyScaleRArm","28","128"
"FaceParam","30094","","chrBodyScaleRLeg","0","128"
"FaceParam","30094","","chrBodyScaleLArm","28","128"
"FaceParam","30094","","chrBodyScaleLLeg","0","128"
"FaceParam","30094","","age","195","128"
"FaceParam","30094","","gender","58","128"
"FaceParam","30094","","faceGeoData00","80","128"
"FaceParam","30094","","faceGeoData01","165","128"
"FaceParam","30094","","faceGeoData02","148","128"
"FaceParam","30094","","faceGeoData03","0","128"
"FaceParam","30094","","faceGeoData04","115","128"
"FaceParam","30094","","faceGeoData05","50","128"
"FaceParam","30094","","faceGeoData06","180","128"
"FaceParam","30094","","faceGeoData07","0","128"
"FaceParam","30094","","faceGeoData08","118","128"
"FaceParam","30094","","faceGeoData09","98","128"
"FaceParam","30094","","faceGeoData10","167","128"
"FaceParam","30094","","faceGeoData12","138","128"
"FaceParam","30094","","faceGeoData13","108","128"
"FaceParam","30094","","faceGeoData14","118","128"
"FaceParam","30094","","faceGeoData15","200","128"
"FaceParam","30094","","faceGeoData16","255","128"
"FaceParam","30094","","faceGeoData17","150","128"
"FaceParam","30094","","faceGeoData18","115","128"
"FaceParam","30094","","faceGeoData20","178","128"
"FaceParam","30094","","faceGeoData21","0","128"
"FaceParam","30094","","faceGeoData24","70","128"
"FaceParam","30094","","faceGeoData25","115","128"
"FaceParam","30094","","faceGeoData26","0","128"
"FaceParam","30094","","faceGeoData27","195","128"
"FaceParam","30094","","faceGeoData28","130","128"
"FaceParam","30094","","faceGeoData29","0","128"
"FaceParam","30094","","faceGeoData30","118","128"
"FaceParam","30094","","faceGeoData31","108","128"
"FaceParam","30094","","faceGeoData32","98","128"
"FaceParam","30094","","faceGeoData33","118","128"
"FaceParam","30094","","faceGeoData34","255","128"
"FaceParam","30094","","faceGeoData36","10","128"
"FaceParam","30094","","faceGeoData37","235","128"
"FaceParam","30094","","faceGeoData38","0","128"
"FaceParam","30094","","faceGeoData39","165","128"
"FaceParam","30094","","faceGeoData40","160","128"
"FaceParam","30094","","faceGeoData41","135","128"
"FaceParam","30094","","faceGeoData42","0","128"
"FaceParam","30094","","faceGeoData43","0","128"
"FaceParam","30094","","faceGeoData44","0","128"
"FaceParam","30094","","faceGeoData45","168","128"
"FaceParam","30094","","faceGeoData46","168","128"
"FaceParam","30094","","faceGeoData48","218","128"
"FaceParam","30094","","faceGeoData49","135","128"
"FaceParam","30094","","faceGeoData50","215","128"
"FaceParam","30094","","faceGeoData51","50","128"
"FaceParam","30094","","faceGeoData52","185","128"
"FaceParam","30094","","faceGeoData53","185","128"
"FaceParam","30094","","faceGeoData54","110","128"
"FaceParam","30094","","faceGeoData55","205","128"
"FaceParam","30094","","faceGeoData56","85","128"
"FaceParam","30094","","faceGeoData57","148","128"
"FaceParam","30094","","faceGeoData58","138","128"
"FaceParam","30094","","faceGeoData59","130","128"
"FaceParam","30094","","faceTexData00","0","128"
"FaceParam","30094","","faceTexData01","0","128"
"FaceParam","30094","","faceTexData02","0","128"
"FaceParam","30094","","faceTexData03","0","128"
"FaceParam","30094","","faceTexData09","0","128"
"FaceParam","30094","","faceTexData10","0","128"
"FaceParam","30094","","faceTexData11","0","128"
"FaceParam","30094","","faceTexData12","0","128"
"FaceParam","30094","","faceTexData13","0","128"
"FaceParam","30094","","faceTexData14","0","128"
"FaceParam","30094","","faceTexData15","0","128"
"FaceParam","30094","","faceTexData16","0","128"
"FaceParam","30094","","faceTexData17","0","128"
"FaceParam","30094","","faceTexData22","0","128"
"FaceParam","30094","","faceTexData23","0","128"
"FaceParam","30094","","faceTexData24","0","128"
"FaceParam","30094","","faceTexData25","0","128"
"FaceParam","30095","","face_partsId","42","0"
"FaceParam","30095","","skin_color_R","106","205"
"FaceParam","30095","","skin_color_G","96","145"
"FaceParam","30095","","skin_color_B","94","130"
"FaceParam","30095","","skin_gloss","235","128"
"FaceParam","30095","","skin_pores","235","255"
"FaceParam","30095","","face_aroundEye","160","0"
"FaceParam","30095","","face_aroundEyeColor_R","23","50"
"FaceParam","30095","","face_aroundEyeColor_G","23","0"
"FaceParam","30095","","face_aroundEyeColor_B","23","25"
"FaceParam","30095","","face_eyeShadowDown","5","0"
"FaceParam","30095","","face_eyeShadowUp","30","0"
"FaceParam","30095","","face_eyeShadowUpColor_R","40","50"
"FaceParam","30095","","face_eyeShadowUpColor_G","20","25"
"FaceParam","30095","","face_eyeShadowUpColor_B","30","0"
"FaceParam","30095","","face_lip","91","0"
"FaceParam","30095","","face_lipColor_R","90","102"
"FaceParam","30095","","face_lipColor_G","74","12"
"FaceParam","30095","","face_lipColor_B","69","12"
"FaceParam","30095","","body_hairColor_R","70","128"
"FaceParam","30095","","body_hairColor_G","48","128"
"FaceParam","30095","","body_hairColor_B","29","128"
"FaceParam","30095","","eyeR_irisColor_R","0","68"
"FaceParam","30095","","eyeR_irisColor_G","0","88"
"FaceParam","30095","","eyeR_irisColor_B","0","128"
"FaceParam","30095","","eyeR_irisScale","255","220"
"FaceParam","30095","","eyeR_cataract","255","0"
"FaceParam","30095","","eyeR_cataractColor_R","0","100"
"FaceParam","30095","","eyeR_cataractColor_G","0","100"
"FaceParam","30095","","eyeR_cataractColor_B","0","100"
"FaceParam","30095","","eyeR_scleraColor_R","0","255"
"FaceParam","30095","","eyeR_scleraColor_G","0","255"
"FaceParam","30095","","eyeR_scleraColor_B","0","255"
"FaceParam","30095","","eyeR_irisDistance","138","128"
"FaceParam","30095","","eyeL_irisColor_R","0","68"
"FaceParam","30095","","eyeL_irisColor_G","0","88"
"FaceParam","30095","","eyeL_irisColor_B","0","128"
"FaceParam","30095","","eyeL_irisScale","255","220"
"FaceParam","30095","","eyeL_cataract","255","0"
"FaceParam","30095","","eyeL_cataractColor_R","0","100"
"FaceParam","30095","","eyeL_cataractColor_G","0","100"
"FaceParam","30095","","eyeL_cataractColor_B","0","100"
"FaceParam","30095","","eyeL_scleraColor_R","0","255"
"FaceParam","30095","","eyeL_scleraColor_G","0","255"
"FaceParam","30095","","eyeL_scleraColor_B","0","255"
"FaceParam","30095","","eyeL_irisDistance","138","128"
"FaceParam","30095","","hair_partsId","0","5"
"FaceParam","30095","","hair_color_G","48","60"
"FaceParam","30095","","hair_color_B","29","45"
"FaceParam","30095","","hair_shininess","78","168"
"FaceParam","30095","","hair_rootBlack","128","200"
"FaceParam","30095","","hair_whiteDensity","80","0"
"FaceParam","30095","","beard_color_R","70","90"
"FaceParam","30095","","beard_color_G","48","80"
"FaceParam","30095","","beard_color_B","29","65"
"FaceParam","30095","","beard_shininess","78","168"
"FaceParam","30095","","beard_rootBlack","128","200"
"FaceParam","30095","","beard_whiteDensity","80","0"
"FaceParam","30095","","eyebrow_partsId","0","1"
"FaceParam","30095","","eyebrow_color_R","70","90"
"FaceParam","30095","","eyebrow_color_G","48","80"
"FaceParam","30095","","eyebrow_color_B","29","65"
"FaceParam","30095","","eyebrow_shininess","78","168"
"FaceParam","30095","","eyebrow_rootBlack","128","200"
"FaceParam","30095","","eyebrow_whiteDensity","80","0"
"FaceParam","30095","","eyelash_partsId","0","2"
"FaceParam","30095","","eyelash_color_R","0","30"
"FaceParam","30095","","eyelash_color_G","0","20"
"FaceParam","30095","","eyelash_color_B","0","5"
"FaceParam","30095","","decal_partsId","1","0"
"FaceParam","30095","","decal_posY","190","128"
"FaceParam","30095","","decal_angle","178","128"
"FaceParam","30095","","decal_scale","255","0"
"FaceParam","30095","","decal_color_R","105","128"
"FaceParam","30095","","decal_color_G","91","128"
"FaceParam","30095","","decal_color_B","86","128"
"FaceParam","30095","","decal_mirror","1","0"
"FaceParam","30095","","chrBodyScaleHead","40","128"
"FaceParam","30095","","chrBodyScaleBreast","90","128"
"FaceParam","30095","","chrBodyScaleAbdomen","0","128"
"FaceParam","30095","","chrBodyScaleRArm","28","128"
"FaceParam","30095","","chrBodyScaleRLeg","0","128"
"FaceParam","30095","","chrBodyScaleLArm","28","128"
"FaceParam","30095","","chrBodyScaleLLeg","0","128"
"FaceParam","30095","","age","195","128"
"FaceParam","30095","","gender","58","128"
"FaceParam","30095","","faceGeoData00","160","128"
"FaceParam","30095","","faceGeoData01","225","128"
"FaceParam","30095","","faceGeoData02","148","128"
"FaceParam","30095","","faceGeoData03","155","128"
"FaceParam","30095","","faceGeoData04","113","128"
"FaceParam","30095","","faceGeoData05","50","128"
"FaceParam","30095","","faceGeoData06","180","128"
"FaceParam","30095","","faceGeoData07","60","128"
"FaceParam","30095","","faceGeoData08","118","128"
"FaceParam","30095","","faceGeoData09","98","128"
"FaceParam","30095","","faceGeoData10","167","128"
"FaceParam","30095","","faceGeoData12","138","128"
"FaceParam","30095","","faceGeoData13","108","128"
"FaceParam","30095","","faceGeoData14","118","128"
"FaceParam","30095","","faceGeoData15","255","128"
"FaceParam","30095","","faceGeoData16","115","128"
"FaceParam","30095","","faceGeoData17","255","128"
"FaceParam","30095","","faceGeoData18","155","128"
"FaceParam","30095","","faceGeoData20","178","128"
"FaceParam","30095","","faceGeoData21","0","128"
"FaceParam","30095","","faceGeoData23","125","128"
"FaceParam","30095","","faceGeoData24","160","128"
"FaceParam","30095","","faceGeoData25","165","128"
"FaceParam","30095","","faceGeoData26","0","128"
"FaceParam","30095","","faceGeoData27","178","128"
"FaceParam","30095","","faceGeoData28","178","128"
"FaceParam","30095","","faceGeoData29","0","128"
"FaceParam","30095","","faceGeoData30","118","128"
"FaceParam","30095","","faceGeoData31","108","128"
"FaceParam","30095","","faceGeoData32","98","128"
"FaceParam","30095","","faceGeoData33","118","128"
"FaceParam","30095","","faceGeoData34","255","128"
"FaceParam","30095","","faceGeoData36","10","128"
"FaceParam","30095","","faceGeoData37","135","128"
"FaceParam","30095","","faceGeoData38","0","128"
"FaceParam","30095","","faceGeoData39","165","128"
"FaceParam","30095","","faceGeoData40","160","128"
"FaceParam","30095","","faceGeoData41","135","128"
"FaceParam","30095","","faceGeoData42","0","128"
"FaceParam","30095","","faceGeoData43","0","128"
"FaceParam","30095","","faceGeoData44","0","128"
"FaceParam","30095","","faceGeoData45","168","128"
"FaceParam","30095","","faceGeoData46","168","128"
"FaceParam","30095","","faceGeoData48","218","128"
"FaceParam","30095","","faceGeoData49","135","128"
"FaceParam","30095","","faceGeoData50","215","128"
"FaceParam","30095","","faceGeoData51","50","128"
"FaceParam","30095","","faceGeoData52","185","128"
"FaceParam","30095","","faceGeoData53","185","128"
"FaceParam","30095","","faceGeoData54","120","128"
"FaceParam","30095","","faceGeoData55","188","128"
"FaceParam","30095","","faceGeoData56","125","128"
"FaceParam","30095","","faceGeoData57","148","128"
"FaceParam","30095","","faceGeoData58","138","128"
"FaceParam","30095","","faceGeoData59","130","128"
"FaceParam","30095","","faceTexData00","0","128"
"FaceParam","30095","","faceTexData01","0","128"
"FaceParam","30095","","faceTexData02","0","128"
"FaceParam","30095","","faceTexData03","0","128"
"FaceParam","30095","","faceTexData09","0","128"
"FaceParam","30095","","faceTexData10","0","128"
"FaceParam","30095","","faceTexData11","0","128"
"FaceParam","30095","","faceTexData12","0","128"
"FaceParam","30095","","faceTexData13","0","128"
"FaceParam","30095","","faceTexData14","0","128"
"FaceParam","30095","","faceTexData15","0","128"
"FaceParam","30095","","faceTexData16","0","128"
"FaceParam","30095","","faceTexData17","0","128"
"FaceParam","30095","","faceTexData22","0","128"
"FaceParam","30095","","faceTexData23","0","128"
"FaceParam","30095","","faceTexData24","0","128"
"FaceParam","30095","","faceTexData25","0","128"
"FaceParam","30096","","face_partsId","42","0"
"FaceParam","30096","","skin_color_R","106","205"
"FaceParam","30096","","skin_color_G","96","145"
"FaceParam","30096","","skin_color_B","94","130"
"FaceParam","30096","","skin_gloss","235","128"
"FaceParam","30096","","skin_pores","235","255"
"FaceParam","30096","","face_aroundEye","160","0"
"FaceParam","30096","","face_aroundEyeColor_R","23","50"
"FaceParam","30096","","face_aroundEyeColor_G","23","0"
"FaceParam","30096","","face_aroundEyeColor_B","23","25"
"FaceParam","30096","","face_eyeShadowDown","100","0"
"FaceParam","30096","","face_eyeShadowUp","30","0"
"FaceParam","30096","","face_eyeShadowUpColor_R","40","50"
"FaceParam","30096","","face_eyeShadowUpColor_G","20","25"
"FaceParam","30096","","face_eyeShadowUpColor_B","30","0"
"FaceParam","30096","","face_lip","91","0"
"FaceParam","30096","","face_lipColor_R","90","102"
"FaceParam","30096","","face_lipColor_G","74","12"
"FaceParam","30096","","face_lipColor_B","69","12"
"FaceParam","30096","","body_hairColor_R","70","128"
"FaceParam","30096","","body_hairColor_G","48","128"
"FaceParam","30096","","body_hairColor_B","29","128"
"FaceParam","30096","","eyeR_irisColor_R","0","68"
"FaceParam","30096","","eyeR_irisColor_G","0","88"
"FaceParam","30096","","eyeR_irisColor_B","0","128"
"FaceParam","30096","","eyeR_irisScale","0","220"
"FaceParam","30096","","eyeR_cataract","125","0"
"FaceParam","30096","","eyeR_cataractColor_R","255","100"
"FaceParam","30096","","eyeR_cataractColor_G","171","100"
"FaceParam","30096","","eyeR_cataractColor_B","87","100"
"FaceParam","30096","","eyeR_scleraColor_R","0","255"
"FaceParam","30096","","eyeR_scleraColor_G","0","255"
"FaceParam","30096","","eyeR_scleraColor_B","0","255"
"FaceParam","30096","","eyeR_irisDistance","98","128"
"FaceParam","30096","","eyeL_irisColor_R","0","68"
"FaceParam","30096","","eyeL_irisColor_G","0","88"
"FaceParam","30096","","eyeL_irisColor_B","0","128"
"FaceParam","30096","","eyeL_irisScale","0","220"
"FaceParam","30096","","eyeL_cataract","125","0"
"FaceParam","30096","","eyeL_cataractColor_R","255","100"
"FaceParam","30096","","eyeL_cataractColor_G","171","100"
"FaceParam","30096","","eyeL_cataractColor_B","87","100"
"FaceParam","30096","","eyeL_scleraColor_R","0","255"
"FaceParam","30096","","eyeL_scleraColor_G","0","255"
"FaceParam","30096","","eyeL_scleraColor_B","0","255"
"FaceParam","30096","","eyeL_irisDistance","98","128"
"FaceParam","30096","","hair_partsId","0","5"
"FaceParam","30096","","hair_color_G","48","60"
"FaceParam","30096","","hair_color_B","29","45"
"FaceParam","30096","","hair_shininess","78","168"
"FaceParam","30096","","hair_rootBlack","128","200"
"FaceParam","30096","","hair_whiteDensity","80","0"
"FaceParam","30096","","beard_color_R","70","90"
"FaceParam","30096","","beard_color_G","48","80"
"FaceParam","30096","","beard_color_B","29","65"
"FaceParam","30096","","beard_shininess","78","168"
"FaceParam","30096","","beard_rootBlack","128","200"
"FaceParam","30096","","beard_whiteDensity","80","0"
"FaceParam","30096","","eyebrow_partsId","0","1"
"FaceParam","30096","","eyebrow_color_R","70","90"
"FaceParam","30096","","eyebrow_color_G","48","80"
"FaceParam","30096","","eyebrow_color_B","29","65"
"FaceParam","30096","","eyebrow_shininess","78","168"
"FaceParam","30096","","eyebrow_rootBlack","128","200"
"FaceParam","30096","","eyebrow_whiteDensity","80","0"
"FaceParam","30096","","eyelash_partsId","0","2"
"FaceParam","30096","","eyelash_color_R","0","30"
"FaceParam","30096","","eyelash_color_G","0","20"
"FaceParam","30096","","eyelash_color_B","0","5"
"FaceParam","30096","","decal_partsId","1","0"
"FaceParam","30096","","decal_posY","190","128"
"FaceParam","30096","","decal_angle","178","128"
"FaceParam","30096","","decal_scale","255","0"
"FaceParam","30096","","decal_color_R","105","128"
"FaceParam","30096","","decal_color_G","91","128"
"FaceParam","30096","","decal_color_B","86","128"
"FaceParam","30096","","decal_mirror","1","0"
"FaceParam","30096","","chrBodyScaleHead","40","128"
"FaceParam","30096","","chrBodyScaleBreast","90","128"
"FaceParam","30096","","chrBodyScaleAbdomen","0","128"
"FaceParam","30096","","chrBodyScaleRArm","28","128"
"FaceParam","30096","","chrBodyScaleRLeg","0","128"
"FaceParam","30096","","chrBodyScaleLArm","28","128"
"FaceParam","30096","","chrBodyScaleLLeg","0","128"
"FaceParam","30096","","age","195","128"
"FaceParam","30096","","gender","58","128"
"FaceParam","30096","","faceGeoData00","190","128"
"FaceParam","30096","","faceGeoData01","165","128"
"FaceParam","30096","","faceGeoData02","148","128"
"FaceParam","30096","","faceGeoData03","195","128"
"FaceParam","30096","","faceGeoData04","75","128"
"FaceParam","30096","","faceGeoData05","50","128"
"FaceParam","30096","","faceGeoData06","180","128"
"FaceParam","30096","","faceGeoData07","40","128"
"FaceParam","30096","","faceGeoData08","118","128"
"FaceParam","30096","","faceGeoData09","98","128"
"FaceParam","30096","","faceGeoData10","167","128"
"FaceParam","30096","","faceGeoData12","138","128"
"FaceParam","30096","","faceGeoData13","108","128"
"FaceParam","30096","","faceGeoData14","118","128"
"FaceParam","30096","","faceGeoData15","135","128"
"FaceParam","30096","","faceGeoData16","205","128"
"FaceParam","30096","","faceGeoData17","20","128"
"FaceParam","30096","","faceGeoData18","205","128"
"FaceParam","30096","","faceGeoData20","178","128"
"FaceParam","30096","","faceGeoData21","0","128"
"FaceParam","30096","","faceGeoData24","70","128"
"FaceParam","30096","","faceGeoData25","115","128"
"FaceParam","30096","","faceGeoData26","0","128"
"FaceParam","30096","","faceGeoData27","178","128"
"FaceParam","30096","","faceGeoData28","228","128"
"FaceParam","30096","","faceGeoData29","0","128"
"FaceParam","30096","","faceGeoData30","118","128"
"FaceParam","30096","","faceGeoData31","108","128"
"FaceParam","30096","","faceGeoData32","98","128"
"FaceParam","30096","","faceGeoData33","118","128"
"FaceParam","30096","","faceGeoData34","255","128"
"FaceParam","30096","","faceGeoData36","10","128"
"FaceParam","30096","","faceGeoData37","235","128"
"FaceParam","30096","","faceGeoData38","0","128"
"FaceParam","30096","","faceGeoData39","165","128"
"FaceParam","30096","","faceGeoData40","160","128"
"FaceParam","30096","","faceGeoData41","135","128"
"FaceParam","30096","","faceGeoData42","0","128"
"FaceParam","30096","","faceGeoData43","0","128"
"FaceParam","30096","","faceGeoData44","0","128"
"FaceParam","30096","","faceGeoData45","168","128"
"FaceParam","30096","","faceGeoData46","168","128"
"FaceParam","30096","","faceGeoData48","218","128"
"FaceParam","30096","","faceGeoData49","135","128"
"FaceParam","30096","","faceGeoData50","215","128"
"FaceParam","30096","","faceGeoData51","50","128"
"FaceParam","30096","","faceGeoData52","185","128"
"FaceParam","30096","","faceGeoData53","185","128"
"FaceParam","30096","","faceGeoData54","120","128"
"FaceParam","30096","","faceGeoData55","188","128"
"FaceParam","30096","","faceGeoData56","85","128"
"FaceParam","30096","","faceGeoData57","148","128"
"FaceParam","30096","","faceGeoData58","138","128"
"FaceParam","30096","","faceGeoData59","130","128"
"FaceParam","30096","","faceTexData00","0","128"
"FaceParam","30096","","faceTexData01","0","128"
"FaceParam","30096","","faceTexData02","0","128"
"FaceParam","30096","","faceTexData03","0","128"
"FaceParam","30096","","faceTexData09","0","128"
"FaceParam","30096","","faceTexData10","0","128"
"FaceParam","30096","","faceTexData11","0","128"
"FaceParam","30096","","faceTexData12","0","128"
"FaceParam","30096","","faceTexData13","0","128"
"FaceParam","30096","","faceTexData14","0","128"
"FaceParam","30096","","faceTexData15","0","128"
"FaceParam","30096","","faceTexData16","0","128"
"FaceParam","30096","","faceTexData17","0","128"
"FaceParam","30096","","faceTexData22","0","128"
"FaceParam","30096","","faceTexData23","0","128"
"FaceParam","30096","","faceTexData24","0","128"
"FaceParam","30096","","faceTexData25","0","128"
"ItemLotParam_map","5300","","(new row)","",""
"ItemLotParam_map","5300","","lotItemId01","(default)","10010"
"ItemLotParam_map","5300","","lotItemCategory01","(default)","1"
"ItemLotParam_map","5300","","lotItemBasePoint01","(default)","1000"
"ItemLotParam_map","5300","","getItemFlagId","(default)","11109000"
"ItemLotParam_map","5300","","lotItemNum01","(default)","5"
"ItemLotParam_map","5301","","(new row)","",""
"ItemLotParam_map","5301","","lotItemId01","(default)","10020"
"ItemLotParam_map","5301","","lotItemCategory01","(default)","1"
"ItemLotParam_map","5301","","lotItemBasePoint01","(default)","1000"
"ItemLotParam_map","5301","","getItemFlagId","(default)","11109000"
"ItemLotParam_map","5301","","lotItemNum01","(default)","5"
"ItemLotParam_map","5310","","(new row)","",""
"ItemLotParam_map","5310","","lotItemId01","(default)","10020"
"ItemLotParam_map","5310","","lotItemCategory01","(default)","1"
"ItemLotParam_map","5310","","lotItemBasePoint01","(default)","1000"
"ItemLotParam_map","5310","","getItemFlagId","(default)","11107000"
"ItemLotParam_map","5310","","lotItemNum01","(default)","3"
"ItemLotParam_map","5320","","(new row)","",""
"ItemLotParam_map","5320","","lotItemId01","(default)","4113"
"ItemLotParam_map","5320","","lotItemCategory01","(default)","4"
"ItemLotParam_map","5320","","lotItemBasePoint01","(default)","1000"
"ItemLotParam_map","5320","","getItemFlagId","(default)","1043630000"
"ItemLotParam_map","5320","","lotItemNum01","(default)","1"
"ItemLotParam_map","5330","","(new row)","",""
"ItemLotParam_map","5330","","lotItemId01","(default)","11030"
"ItemLotParam_map","5330","","lotItemCategory01","(default)","1"
"ItemLotParam_map","5330","","lotItemBasePoint01","(default)","1000"
"ItemLotParam_map","5330","","getItemFlagId","(default)","1043630050"
"ItemLotParam_map","5330","","lotItemNum01","(default)","1"
"ItemLotParam_map","5340","","(new row)","",""
"ItemLotParam_map","5340","","lotItemId01","(default)","11031"
"ItemLotParam_map","5340","","lotItemCategory01","(default)","1"
"ItemLotParam_map","5340","","lotItemBasePoint01","(default)","1000"
"ItemLotParam_map","5340","","getItemFlagId","(default)","1043630060"
"ItemLotParam_map","5340","","lotItemNum01","(default)","1"
"ItemLotParam_map","5350","","(new row)","",""
"ItemLotParam_map","5350","","lotItemId01","(default)","11028"
"ItemLotParam_map","5350","","lotItemCategory01","(default)","1"
"ItemLotParam_map","5350","","lotItemBasePoint01","(default)","1000"
"ItemLotParam_map","5350","","getItemFlagId","(default)","1043630070"
"ItemLotParam_map","5350","","lotItemNum01","(default)","1"
"ItemLotParam_map","5360","","(new row)","",""
"ItemLotParam_map","5360","","lotItemId01","(default)","4112"
"ItemLotParam_map","5360","","lotItemCategory01","(default)","4"
"ItemLotParam_map","5360","","lotItemBasePoint01","(default)","1000"
"ItemLotParam_map","5360","","getItemFlagId","(default)","1043630010"
"ItemLotParam_map","5360","","lotItemNum01","(default)","1"
"ItemLotParam_map","5360","","GameClearOffset","(default)","0"
"ItemLotParam_map","5370","","(new row)","",""
"ItemLotParam_map","5370","","lotItemId01","(default)","4114"
"ItemLotParam_map","5370","","lotItemCategory01","(default)","4"
"ItemLotParam_map","5370","","lotItemBasePoint01","(default)","1000"
"ItemLotParam_map","5370","","getItemFlagId","(default)","1043630020"
"ItemLotParam_map","5370","","lotItemNum01","(default)","1"
"ItemLotParam_map","5370","","GameClearOffset","(default)","0"
"ItemLotParam_map","5380","","(new row)","",""
"ItemLotParam_map","5380","","lotItemId01","(default)","4115"
"ItemLotParam_map","5380","","lotItemCategory01","(default)","4"
"ItemLotParam_map","5380","","lotItemBasePoint01","(default)","1000"
"ItemLotParam_map","5380","","getItemFlagId","(default)","1043630030"
"ItemLotParam_map","5380","","lotItemNum01","(default)","1"
"ItemLotParam_map","5380","","GameClearOffset","(default)","0"
"ItemLotParam_map","5390","","(new row)","",""
"ItemLotParam_map","5390","","lotItemId01","(default)","4111"
"ItemLotParam_map","5390","","lotItemCategory01","(default)","4"
"ItemLotParam_map","5390","","lotItemBasePoint01","(default)","1000"
"ItemLotParam_map","5390","","getItemFlagId","(default)","1043630040"
"ItemLotParam_map","5390","","lotItemNum01","(default)","1"
"ItemLotParam_map","5390","","GameClearOffset","(default)","0"
"ItemLotParam_map","5395","","(new row)","",""
"ItemLotParam_map","5395","","lotItemId01","(default)","2180"
"ItemLotParam_map","5395","","lotItemCategory01","(default)","4"
"ItemLotParam_map","5395","","lotItemBasePoint01","(default)","1000"
"ItemLotParam_map","5395","","getItemFlagId","(default)","1043630080"
"ItemLotParam_map","5395","","lotItemNum01","(default)","1"
"ItemLotParam_map","5395","","GameClearOffset","(default)","0"
"ItemLotParam_map","5398","","(new row)","",""
"ItemLotParam_map","5398","","lotItemId01","(default)","2060"
"ItemLotParam_map","5398","","lotItemCategory01","(default)","4"
"ItemLotParam_map","5398","","lotItemBasePoint01","(default)","1000"
"ItemLotParam_map","5398","","getItemFlagId","(default)","1043630090"
"ItemLotParam_map","5398","","lotItemNum01","(default)","1"
"ItemLotParam_map","5398","","GameClearOffset","(default)","0"
"ItemLotParam_map","20000060","","lotItemId01","10164","10162"
"ItemLotParam_map","20000110","","lotItemId01","2001220","10163"
"ItemLotParam_map","20000110","","lotItemNum01","2","1"
"ItemLotParam_map","20000210","","lotItemId01","10105","10101"
"ItemLotParam_map","20000210","","lotItemNum01","4","2"
"ItemLotParam_map","20000250","","lotItemId01","10104","10102"
"ItemLotParam_map","20000250","","lotItemNum01","2","1"
"ItemLotParam_map","20000530","","lotItemId01","10105","10101"
"ItemLotParam_map","20000530","","lotItemNum01","2","3"
"ItemLotParam_map","20000710","","lotItemId01","10164","10160"
"ItemLotParam_map","20010040","","lotItemId01","10167","10164"
"ItemLotParam_map","20010380","","lotItemNum01","5","2"
"ItemLotParam_map","20010490","","lotItemId01","10166","10165"
"ItemLotParam_map","20010630","","lotItemNum01","3","2"
"ItemLotParam_map","20010650","","lotItemId01","10167","10164"
"ItemLotParam_map","21000010","","lotItemId01","10106","10100"
"ItemLotParam_map","21000010","","lotItemNum01","3","6"
"ItemLotParam_map","21000060","","lotItemId01","10107","10104"
"ItemLotParam_map","21000060","","lotItemNum01","3","5"
"ItemLotParam_map","21000100","","lotItemId01","10107","10100"
"ItemLotParam_map","21000100","","lotItemNum01","2","4"
"ItemLotParam_map","21000180","","lotItemId01","10106","10101"
"ItemLotParam_map","21000180","","lotItemNum01","2","8"
"ItemLotParam_map","21000550","","lotItemId01","10200","10164"
"ItemLotParam_map","21000580","","lotItemId01","10916","10910"
"ItemLotParam_map","21000590","","lotItemId01","10166","10164"
"ItemLotParam_map","21000620","","lotItemId01","10107","10103"
"ItemLotParam_map","21000620","","lotItemNum01","5","4"
"ItemLotParam_map","21010090","","lotItemId01","10106","10104"
"ItemLotParam_map","21010090","","lotItemNum01","4","3"
"ItemLotParam_map","21010400","","lotItemId01","10106","10105"
"ItemLotParam_map","21010400","","lotItemNum01","4","2"
"ItemLotParam_map","21010420","","lotItemId01","10107","10106"
"ItemLotParam_map","21010640","","lotItemId01","10916","10912"
"ItemLotParam_map","21010760","","lotItemId01","10107","10106"
"ItemLotParam_map","21020200","","lotItemId01","10106","10102"
"ItemLotParam_map","21020200","","lotItemNum01","3","1"
"ItemLotParam_map","21020230","","lotItemId01","10106","10103"
"ItemLotParam_map","21020230","","lotItemNum01","3","2"
"ItemLotParam_map","21020260","","lotItemId01","10165","10161"
"ItemLotParam_map","22000160","","lotItemId01","10907","10902"
"ItemLotParam_map","22000170","","lotItemId01","10904","10901"
"ItemLotParam_map","22000190","","lotItemNum01","3","2"
"ItemLotParam_map","22000240","","lotItemId01","10906","10905"
"ItemLotParam_map","40000000","","lotItemId01","10904","10900"
"ItemLotParam_map","40000050","","lotItemId01","10905","10901"
"ItemLotParam_map","40000080","","lotItemId01","10914","10913"
"ItemLotParam_map","40000100","","lotItemId01","10915","10914"
"ItemLotParam_map","40010010","","lotItemId01","10906","10902"
"ItemLotParam_map","40010030","","lotItemId01","10916","10914"
"ItemLotParam_map","40010040","","lotItemId01","10915","10912"
"ItemLotParam_map","40010060","","lotItemId01","10918","10915"
"ItemLotParam_map","40010100","","lotItemId01","10906","10903"
"ItemLotParam_map","40020000","","lotItemId01","10905","10904"
"ItemLotParam_map","40020010","","lotItemId01","10906","10900"
"ItemLotParam_map","40020100","","lotItemId01","10916","10911"
"ItemLotParam_map","40020210","","lotItemId01","10919","10913"
"ItemLotParam_map","41000200","","lotItemNum01","3","2"
"ItemLotParam_map","41000260","","lotItemId01","10105","10102"
"ItemLotParam_map","41000260","","lotItemNum01","4","2"
"ItemLotParam_map","41010110","","lotItemId01","10107","10101"
"ItemLotParam_map","41010110","","lotItemNum01","2","4"
"ItemLotParam_map","42000100","","lotItemId01","10105","10104"
"ItemLotParam_map","42000100","","lotItemNum01","6","4"
"ItemLotParam_map","42000110","","lotItemId01","10104","10101"
"ItemLotParam_map","42000110","","lotItemNum01","4","7"
"ItemLotParam_map","42000130","","lotItemId01","10106","10103"
"ItemLotParam_map","42000130","","lotItemNum01","5","2"
"ItemLotParam_map","42000160","","lotItemId01","10166","10165"
"ItemLotParam_map","42000170","","lotItemId01","10164","10161"
"ItemLotParam_map","42020020","","lotItemId01","10167","10166"
"ItemLotParam_map","42020070","","lotItemId01","10105","10102"
"ItemLotParam_map","42020080","","lotItemNum01","3","2"
"ItemLotParam_map","42030130","","lotItemId01","10200","10162"
"ItemLotParam_map","42030170","","lotItemId01","10107","10103"
"ItemLotParam_map","42030170","","lotItemNum01","2","5"
"ItemLotParam_map","43010000","","lotItemId01","10106","10100"
"ItemLotParam_map","43010000","","lotItemNum01","4","6"
"ItemLotParam_map","43010030","","lotItemNum01","3","2"
"ItemLotParam_map","43010040","","lotItemId01","10106","10103"
"ItemLotParam_map","43010040","","lotItemNum01","3","2"
"ItemLotParam_map","2044410000","","lotItemId01","10914","10913"
"ItemLotParam_map","2044460060","","lotItemId01","10107","10101"
"ItemLotParam_map","2044460060","","lotItemNum01","6","8"
"ItemLotParam_map","2044470000","","lotItemId01","10915","10911"
"ItemLotParam_map","2044470050","","lotItemId01","10200","10160"
"ItemLotParam_map","2045410030","","lotItemId01","10165","10163"
"ItemLotParam_map","2045410040","","lotItemId01","2001210","10103"
"ItemLotParam_map","2045410040","","lotItemNum01","2","4"
"ItemLotParam_map","2045410041","","lotItemId01","10104","1760"
"ItemLotParam_map","2045410041","","lotItemNum01","4","1"
"ItemLotParam_map","2045420000","","lotItemId01","10104","10102"
"ItemLotParam_map","2045420000","","lotItemNum01","4","3"
"ItemLotParam_map","2045450010","","lotItemId01","10907","10904"
"ItemLotParam_map","2045460020","","lotItemNum01","3","2"
"ItemLotParam_map","2045460060","","lotItemNum01","3","2"
"ItemLotParam_map","2046380050","","lotItemId01","10165","10163"
"ItemLotParam_map","2046390000","","lotItemId01","10905","10901"
"ItemLotParam_map","2046400050","","lotItemId01","10917","10916"
"ItemLotParam_map","2046450060","","lotItemId01","10165","10162"
"ItemLotParam_map","2046450070","","lotItemId01","10104","10102"
"ItemLotParam_map","2046450070","","lotItemNum01","6","2"
"ItemLotParam_map","2046470070","","lotItemId01","10167","10165"
"ItemLotParam_map","2047390090","","lotItemNum01","4","3"
"ItemLotParam_map","2047420000","","lotItemId01","10904","10902"
"ItemLotParam_map","2047420030","","lotItemId01","10165","10163"
"ItemLotParam_map","2047420040","","lotItemId01","10168","10165"
"ItemLotParam_map","2047430020","","lotItemId01","10105","10104"
"ItemLotParam_map","2047440020","","lotItemId01","10164","10160"
"ItemLotParam_map","2047440070","","lotItemId01","10165","10162"
"ItemLotParam_map","2047440080","","lotItemId01","10166","10165"
"ItemLotParam_map","2047440100","","lotItemId01","10167","10161"
"ItemLotParam_map","2047440130","","lotItemId01","10164","10160"
"ItemLotParam_map","2047440180","","lotItemId01","10907","10903"
"ItemLotParam_map","2047450010","","lotItemId01","2001400","10102"
"ItemLotParam_map","2047450010","","lotItemNum01","1","3"
"ItemLotParam_map","2047450011","","lotItemId01","10106","2001400"
"ItemLotParam_map","2047450020","","lotItemId01","10166","10161"
"ItemLotParam_map","2047450920","","lotItemId01","2020031","10106"
"ItemLotParam_map","2047450920","","lotItemNum01","3","8"
"ItemLotParam_map","2047450921","","lotItemId01","10107","1760"
"ItemLotParam_map","2047450921","","lotItemNum01","6","1"
"ItemLotParam_map","2047470000","","lotItemId01","2001210","10167"
"ItemLotParam_map","2047470000","","lotItemNum01","3","1"
"ItemLotParam_map","2047470050","","lotItemId01","2001210","10106"
"ItemLotParam_map","2047470050","","lotItemNum01","3","4"
"ItemLotParam_map","2048390040","","lotItemId01","10908","10906"
"ItemLotParam_map","2048410030","","lotItemId01","10105","10101"
"ItemLotParam_map","2048410030","","lotItemNum01","4","3"
"ItemLotParam_map","2048440050","","lotItemId01","10166","10164"
"ItemLotParam_map","2048440070","","lotItemId01","10166","10163"
"ItemLotParam_map","2048460030","","lotItemId01","52020000","10165"
"ItemLotParam_map","2048460030","","lotItemCategory01","2","1"
"ItemLotParam_map","2048460030","","lotItemNum01","20","1"
"ItemLotParam_map","2048460031","","lotItemId01","10166","1760"
"ItemLotParam_map","2048460060","","lotItemId01","10106","10102"
"ItemLotParam_map","2048460060","","lotItemNum01","2","5"
"ItemLotParam_map","2049380060","","lotItemId01","10105","10101"
"ItemLotParam_map","2049380060","","lotItemNum01","3","6"
"ItemLotParam_map","2049420010","","lotItemId01","10909","10166"
"ItemLotParam_map","2049430330","","lotItemId01","10915","10910"
"ItemLotParam_map","2049430500","","lotItemId01","2003310","10105"
"ItemLotParam_map","2049430500","","lotItemNum01","3","8"
"ItemLotParam_map","2049430501","","lotItemId01","10106","2003310"
"ItemLotParam_map","2049430501","","lotItemNum01","6","1"
"ItemLotParam_map","2049430520","","lotItemId01","10140","10107"
"ItemLotParam_map","2049430520","","lotItemNum01","1","4"
"ItemLotParam_map","2049430600","","lotItemId01","10105","10104"
"ItemLotParam_map","2049430600","","lotItemNum01","6","7"
"ItemLotParam_map","2049440070","","lotItemId01","10106","10100"
"ItemLotParam_map","2049440070","","lotItemNum01","2","4"
"ItemLotParam_map","2050430040","","lotItemId01","1130","10106"
"ItemLotParam_map","2050430041","","lotItemId01","10106","1760"
"ItemLotParam_map","2050440000","","lotItemId01","10106","10102"
"ItemLotParam_map","2050470010","","lotItemId01","10906","10905"
"ItemLotParam_map","2051410000","","lotItemId01","1130","10916"
"ItemLotParam_map","2051410000","","lotItemNum01","2","1"
"ItemLotParam_map","2051440020","","lotItemId01","10107","10100"
"ItemLotParam_map","2051440020","","lotItemNum01","4","6"
"ItemLotParam_map","2052400010","","lotItemId01","2003160","10165"
"ItemLotParam_map","2052400011","","lotItemId01","10200","1760"
"NpcParam","21000000","","spEffectID15","5261","-1"
"NpcParam","21000034","","spEffectID15","5261","-1"
"NpcParam","21000052","","spEffectID15","5261","-1"
"NpcParam","21001000","","spEffectID15","5261","-1"
"NpcParam","21002000","","spEffectID15","5261","-1"
"NpcParam","21400000","","spEffectID15","5261","-1"
"NpcParam","21400012","","spEffectID15","5261","-1"
"NpcParam","21400030","","spEffectID15","5261","-1"
"NpcParam","21400034","","spEffectID15","5261","-1"
"NpcParam","21400035","","spEffectID15","5261","-1"
"NpcParam","21400090","","spEffectID15","5261","-1"
"NpcParam","21400100","","spEffectID15","5261","-1"
"NpcParam","21400120","","spEffectID15","5261","-1"
"NpcParam","21400130","","spEffectID15","5261","-1"
"NpcParam","21400135","","spEffectID15","5261","-1"
"NpcParam","21400200","","spEffectID15","5261","-1"
"NpcParam","21400235","","spEffectID15","5261","-1"
"NpcParam","21400300","","spEffectID15","5261","-1"
"NpcParam","21400335","","spEffectID15","5261","-1"
"NpcParam","21400400","","spEffectID15","5261","-1"
"NpcParam","21400435","","spEffectID15","5261","-1"
"NpcParam","21400600","","spEffectID15","5261","-1"
"NpcParam","21400633","","spEffectID15","5261","-1"
"NpcParam","21400900","","spEffectID15","5261","-1"
"NpcParam","21400930","","spEffectID15","5261","-1"
"NpcParam","21401000","","spEffectID15","5261","-1"
"NpcParam","21401030","","spEffectID15","5261","-1"
"NpcParam","21401035","","spEffectID15","5261","-1"
"NpcParam","21401100","","spEffectID15","5261","-1"
"NpcParam","21401120","","spEffectID15","5261","-1"
"NpcParam","21401130","","spEffectID15","5261","-1"
"NpcParam","21401135","","spEffectID15","5261","-1"
"NpcParam","21401200","","spEffectID15","5261","-1"
"NpcParam","21401235","","spEffectID15","5261","-1"
"NpcParam","21401300","","spEffectID15","5261","-1"
"NpcParam","21401335","","spEffectID15","5261","-1"
"NpcParam","21401400","","spEffectID15","5261","-1"
"NpcParam","21401435","","spEffectID15","5261","-1"
"NpcParam","21401600","","spEffectID15","5261","-1"
"NpcParam","21401900","","spEffectID15","5261","-1"
"NpcParam","21401930","","spEffectID15","5261","-1"
"NpcParam","21403000","","spEffectID15","5261","-1"
"NpcParam","21403100","","spEffectID15","5261","-1"
"NpcParam","22700000","","spEffectID15","5262","-1"
"NpcParam","22700010","","spEffectID15","5262","-1"
"NpcParam","22700012","","spEffectID15","5262","-1"
"NpcParam","22700013","","spEffectID15","5262","-1"
"NpcParam","22700030","","spEffectID15","5262","-1"
"NpcParam","22700032","","spEffectID15","5262","-1"
"NpcParam","22700033","","spEffectID15","5262","-1"
"NpcParam","22700064","","spEffectID15","5262","-1"
"NpcParam","22700100","","spEffectID15","5262","-1"
"NpcParam","22700210","","spEffectID15","5262","-1"
"NpcParam","22710000","","spEffectID15","5261","-1"
"NpcParam","22710012","","spEffectID15","5261","-1"
"NpcParam","22710013","","spEffectID15","5261","-1"
"NpcParam","22710030","","spEffectID15","5261","-1"
"NpcParam","22710032","","spEffectID15","5261","-1"
"NpcParam","22710033","","spEffectID15","5261","-1"
"NpcParam","22710040","","spEffectID15","5261","-1"
"NpcParam","22710060","","spEffectID15","5261","-1"
"NpcParam","22710064","","spEffectID15","5261","-1"
"NpcParam","22710065","","spEffectID15","5261","-1"
"NpcParam","22720000","","spEffectID15","5262","-1"
"NpcParam","22720020","","spEffectID15","5262","-1"
"NpcParam","22720100","","spEffectID15","5262","-1"
"NpcParam","22720112","","spEffectID15","5262","-1"
"NpcParam","22730000","","spEffectID15","5261","-1"
"NpcParam","22730020","","spEffectID15","5261","-1"
"NpcParam","22740000","","spEffectID15","5262","-1"
"NpcParam","22740020","","spEffectID15","5262","-1"
"NpcParam","22740021","","spEffectID15","5262","-1"
"NpcParam","22740024","","spEffectID15","5262","-1"
"NpcParam","22740052","","spEffectID15","5262","-1"
"NpcParam","22740120","","spEffectID15","5262","-1"
"NpcParam","22750000","","spEffectID15","5261","-1"
"NpcParam","22750020","","spEffectID15","5261","-1"
"NpcParam","22750024","","spEffectID15","5261","-1"
"NpcParam","22750052","","spEffectID15","5261","-1"
"NpcParam","22750120","","spEffectID15","5261","-1"
"NpcParam","22751000","","spEffectID15","5261","-1"
"NpcParam","22751024","","spEffectID15","5261","-1"
"NpcParam","22760000","","spEffectID15","5262","-1"
"NpcParam","22760020","","spEffectID15","5262","-1"
"NpcParam","22760033","","spEffectID15","5262","-1"
"NpcParam","22770000","","spEffectID15","5261","-1"
"NpcParam","22770020","","spEffectID15","5261","-1"
"NpcParam","22770033","","spEffectID15","5261","-1"
"NpcParam","25000000","","spEffectID15","5262","-1"
"NpcParam","25000030","","spEffectID15","5262","-1"
"NpcParam","25000034","","spEffectID15","5262","-1"
"NpcParam","25000065","","spEffectID15","5262","-1"
"NpcParam","25000100","","spEffectID15","5262","-1"
"NpcParam","25000165","","spEffectID15","5262","-1"
"NpcParam","25000172","","spEffectID15","5262","-1"
"NpcParam","25000865","","spEffectID15","5262","-1"
"NpcParam","25001000","","spEffectID15","5262","-1"
"NpcParam","25001034","","spEffectID15","5262","-1"
"NpcParam","25001065","","spEffectID15","5262","-1"
"NpcParam","25001100","","spEffectID15","5262","-1"
"NpcParam","25001134","","spEffectID15","5262","-1"
"NpcParam","25001165","","spEffectID15","5262","-1"
"NpcParam","30000000","","spEffectID15","5261","-1"
"NpcParam","30000014","","spEffectID15","5261","-1"
"NpcParam","30000034","","spEffectID15","5261","-1"
"NpcParam","30000100","","spEffectID15","5261","-1"
"NpcParam","30000114","","spEffectID15","5261","-1"
"NpcParam","30000134","","spEffectID15","5261","-1"
"NpcParam","30000200","","spEffectID15","5261","-1"
"NpcParam","30000214","","spEffectID15","5261","-1"
"NpcParam","30000300","","spEffectID15","5261","-1"
"NpcParam","30000600","","spEffectID15","5261","-1"
"NpcParam","30000614","","spEffectID15","5261","-1"
"NpcParam","30000700","","spEffectID15","5261","-1"
"NpcParam","30000714","","spEffectID15","5261","-1"
"NpcParam","30000800","","spEffectID15","5261","-1"
"NpcParam","30000814","","spEffectID15","5261","-1"
"NpcParam","30000834","","spEffectID15","5261","-1"
"NpcParam","30001000","","spEffectID15","5261","-1"
"NpcParam","30001014","","spEffectID15","5261","-1"
"NpcParam","30001034","","spEffectID15","5261","-1"
"NpcParam","30001100","","spEffectID15","5261","-1"
"NpcParam","30001114","","spEffectID15","5261","-1"
"NpcParam","30001200","","spEffectID15","5261","-1"
"NpcParam","30001214","","spEffectID15","5261","-1"
"NpcParam","30001300","","spEffectID15","5261","-1"
"NpcParam","30001314","","spEffectID15","5261","-1"
"NpcParam","30002000","","spEffectID15","5261","-1"
"NpcParam","30002014","","spEffectID15","5261","-1"
"NpcParam","30002034","","spEffectID15","5261","-1"
"NpcParam","30003000","","spEffectID15","5261","-1"
"NpcParam","30003014","","spEffectID15","5261","-1"
"NpcParam","30003034","","spEffectID15","5261","-1"
"NpcParam","30003200","","spEffectID15","5261","-1"
"NpcParam","30003214","","spEffectID15","5261","-1"
"NpcParam","30003500","","spEffectID15","5261","-1"
"NpcParam","30003514","","spEffectID15","5261","-1"
"NpcParam","30004000","","spEffectID15","5261","-1"
"NpcParam","30004007","","spEffectID15","5261","-1"
"NpcParam","30004051","","spEffectID15","5261","-1"
"NpcParam","30004100","","spEffectID15","5261","-1"
"NpcParam","30004107","","spEffectID15","5261","-1"
"NpcParam","30004151","","spEffectID15","5261","-1"
"NpcParam","30004200","","spEffectID15","5261","-1"
"NpcParam","30004251","","spEffectID15","5261","-1"
"NpcParam","30004300","","spEffectID15","5261","-1"
"NpcParam","30004351","","spEffectID15","5261","-1"
"NpcParam","30005000","","spEffectID15","5261","-1"
"NpcParam","30005007","","spEffectID15","5261","-1"
"NpcParam","30005051","","spEffectID15","5261","-1"
"NpcParam","30006000","","spEffectID15","5261","-1"
"NpcParam","30006051","","spEffectID15","5261","-1"
"NpcParam","30007000","","spEffectID15","5261","-1"
"NpcParam","30007051","","spEffectID15","5261","-1"
"NpcParam","30008000","","spEffectID15","5261","-1"
"NpcParam","30100000","","spEffectID15","5262","-1"
"NpcParam","30100014","","spEffectID15","5262","-1"
"NpcParam","30100034","","spEffectID15","5262","-1"
"NpcParam","30100100","","spEffectID15","5262","-1"
"NpcParam","30100114","","spEffectID15","5262","-1"
"NpcParam","30100134","","spEffectID15","5262","-1"
"NpcParam","30100140","","spEffectID15","5262","-1"
"NpcParam","30100172","","spEffectID15","5262","-1"
"NpcParam","30100200","","spEffectID15","5262","-1"
"NpcParam","30100214","","spEffectID15","5262","-1"
"NpcParam","30100234","","spEffectID15","5262","-1"
"NpcParam","30100400","","spEffectID15","5262","-1"
"NpcParam","30100451","","spEffectID15","5262","-1"
"NpcParam","30100500","","spEffectID15","5262","-1"
"NpcParam","30100507","","spEffectID15","5262","-1"
"NpcParam","30100600","","spEffectID15","5262","-1"
"NpcParam","30100651","","spEffectID15","5262","-1"
"NpcParam","30100800","","spEffectID15","5262","-1"
"NpcParam","30100814","","spEffectID15","5262","-1"
"NpcParam","30101000","","spEffectID15","5262","-1"
"NpcParam","30101034","","spEffectID15","5262","-1"
"NpcParam","30101100","","spEffectID15","5262","-1"
"NpcParam","30101134","","spEffectID15","5262","-1"
"NpcParam","30101140","","spEffectID15","5262","-1"
"NpcParam","30101172","","spEffectID15","5262","-1"
"NpcParam","30101200","","spEffectID15","5262","-1"
"NpcParam","30101234","","spEffectID15","5262","-1"
"NpcParam","30101400","","spEffectID15","5262","-1"
"NpcParam","30101451","","spEffectID15","5262","-1"
"NpcParam","30101500","","spEffectID15","5262","-1"
"NpcParam","30101600","","spEffectID15","5262","-1"
"NpcParam","30101651","","spEffectID15","5262","-1"
"NpcParam","30102000","","spEffectID15","5262","-1"
"NpcParam","30102014","","spEffectID15","5262","-1"
"NpcParam","30102034","","spEffectID15","5262","-1"
"NpcParam","30102100","","spEffectID15","5262","-1"
"NpcParam","30102134","","spEffectID15","5262","-1"
"NpcParam","30102172","","spEffectID15","5262","-1"
"NpcParam","30102200","","spEffectID15","5262","-1"
"NpcParam","30102234","","spEffectID15","5262","-1"
"NpcParam","30102400","","spEffectID15","5262","-1"
"NpcParam","30102451","","spEffectID15","5262","-1"
"NpcParam","30102500","","spEffectID15","5262","-1"
"NpcParam","30102507","","spEffectID15","5262","-1"
"NpcParam","30102600","","spEffectID15","5262","-1"
"NpcParam","30102651","","spEffectID15","5262","-1"
"NpcParam","30106000","","spEffectID15","5262","-1"
"NpcParam","30107000","","spEffectID15","5262","-1"
"NpcParam","30108000","","spEffectID15","5262","-1"
"NpcParam","30200000","","spEffectID15","5261","-1"
"NpcParam","30200014","","spEffectID15","5261","-1"
"NpcParam","30200034","","spEffectID15","5261","-1"
"NpcParam","30200100","","spEffectID15","5261","-1"
"NpcParam","30200151","","spEffectID15","5261","-1"
"NpcParam","30208000","","spEffectID15","5261","-1"
"NpcParam","30600000","","spEffectID15","5261","-1"
"NpcParam","30600020","","spEffectID15","5261","-1"
"NpcParam","30600030","","spEffectID15","5261","-1"
"NpcParam","30600040","","spEffectID15","5261","-1"
"NpcParam","30600050","","spEffectID15","5261","-1"
"NpcParam","30601000","","spEffectID15","5261","-1"
"NpcParam","30601020","","spEffectID15","5261","-1"
"NpcParam","30601030","","spEffectID15","5261","-1"
"NpcParam","30601040","","spEffectID15","5261","-1"
"NpcParam","30601050","","spEffectID15","5261","-1"
"NpcParam","30610000","","spEffectID15","5261","-1"
"NpcParam","30610072","","spEffectID15","5261","-1"
"NpcParam","30611000","","spEffectID15","5261","-1"
"NpcParam","30611072","","spEffectID15","5261","-1"
"NpcParam","30700000","","spEffectID15","5261","-1"
"NpcParam","30700030","","spEffectID15","5261","-1"
"NpcParam","30700032","","spEffectID15","5261","-1"
"NpcParam","30701000","","spEffectID15","5261","-1"
"NpcParam","30701030","","spEffectID15","5261","-1"
"NpcParam","30701032","","spEffectID15","5261","-1"
"NpcParam","30702000","","spEffectID15","5261","-1"
"NpcParam","30702030","","spEffectID15","5261","-1"
"NpcParam","30703000","","spEffectID15","5261","-1"
"NpcParam","30703030","","spEffectID15","5261","-1"
"NpcParam","30704000","","spEffectID15","5261","-1"
"NpcParam","30704030","","spEffectID15","5261","-1"
"NpcParam","30800000","","spEffectID15","5261","-1"
"NpcParam","30800007","","spEffectID15","5261","-1"
"NpcParam","30800010","","spEffectID15","5261","-1"
"NpcParam","30800012","","spEffectID15","5261","-1"
"NpcParam","30800020","","spEffectID15","5261","-1"
"NpcParam","30800030","","spEffectID15","5261","-1"
"NpcParam","30800032","","spEffectID15","5261","-1"
"NpcParam","30800033","","spEffectID15","5261","-1"
"NpcParam","30800034","","spEffectID15","5261","-1"
"NpcParam","30800035","","spEffectID15","5261","-1"
"NpcParam","30800040","","spEffectID15","5261","-1"
"NpcParam","30800042","","spEffectID15","5261","-1"
"NpcParam","30800050","","spEffectID15","5261","-1"
"NpcParam","30800052","","spEffectID15","5261","-1"
"NpcParam","30800100","","spEffectID15","5261","-1"
"NpcParam","30800110","","spEffectID15","5261","-1"
"NpcParam","30800830","","spEffectID15","5261","-1"
"NpcParam","30800852","","spEffectID15","5261","-1"
"NpcParam","30801000","","spEffectID15","5261","-1"
"NpcParam","30801010","","spEffectID15","5261","-1"
"NpcParam","30801012","","spEffectID15","5261","-1"
"NpcParam","30801020","","spEffectID15","5261","-1"
"NpcParam","30801032","","spEffectID15","5261","-1"
"NpcParam","30801033","","spEffectID15","5261","-1"
"NpcParam","30801034","","spEffectID15","5261","-1"
"NpcParam","30801035","","spEffectID15","5261","-1"
"NpcParam","30801040","","spEffectID15","5261","-1"
"NpcParam","30801042","","spEffectID15","5261","-1"
"NpcParam","30801100","","spEffectID15","5261","-1"
"NpcParam","30801120","","spEffectID15","5261","-1"
"NpcParam","30801133","","spEffectID15","5261","-1"
"NpcParam","30801150","","spEffectID15","5261","-1"
"NpcParam","30801200","","spEffectID15","5261","-1"
"NpcParam","30801232","","spEffectID15","5261","-1"
"NpcParam","30801233","","spEffectID15","5261","-1"
"NpcParam","30802000","","spEffectID15","5261","-1"
"NpcParam","30802010","","spEffectID15","5261","-1"
"NpcParam","30802012","","spEffectID15","5261","-1"
"NpcParam","30802030","","spEffectID15","5261","-1"
"NpcParam","30802032","","spEffectID15","5261","-1"
"NpcParam","30802033","","spEffectID15","5261","-1"
"NpcParam","30802034","","spEffectID15","5261","-1"
"NpcParam","30802035","","spEffectID15","5261","-1"
"NpcParam","30806000","","spEffectID15","5261","-1"
"NpcParam","30806007","","spEffectID15","5261","-1"
"NpcParam","30806012","","spEffectID15","5261","-1"
"NpcParam","30806020","","spEffectID15","5261","-1"
"NpcParam","30806030","","spEffectID15","5261","-1"
"NpcParam","30806032","","spEffectID15","5261","-1"
"NpcParam","30806033","","spEffectID15","5261","-1"
"NpcParam","30806034","","spEffectID15","5261","-1"
"NpcParam","30806035","","spEffectID15","5261","-1"
"NpcParam","30806040","","spEffectID15","5261","-1"
"NpcParam","30806042","","spEffectID15","5261","-1"
"NpcParam","30806050","","spEffectID15","5261","-1"
"NpcParam","30806052","","spEffectID15","5261","-1"
"NpcParam","30807000","","spEffectID15","5261","-1"
"NpcParam","30808000","","spEffectID15","5261","-1"
"NpcParam","31000000","","spEffectID15","5262","-1"
"NpcParam","31500000","","spEffectID15","5262","-1"
"NpcParam","31500032","","spEffectID15","5262","-1"
"NpcParam","31500040","","spEffectID15","5262","-1"
"NpcParam","31501000","","spEffectID15","5262","-1"
"NpcParam","31700000","","spEffectID15","5262","-1"
"NpcParam","31700052","","spEffectID15","5262","-1"
"NpcParam","31701000","","spEffectID15","5262","-1"
"NpcParam","31701052","","spEffectID15","5262","-1"
"NpcParam","31810000","","spEffectID15","5262","-1"
"NpcParam","31810020","","spEffectID15","5262","-1"
"NpcParam","31810022","","spEffectID15","5262","-1"
"NpcParam","31810052","","spEffectID15","5262","-1"
"NpcParam","31810065","","spEffectID15","5262","-1"
"NpcParam","31811000","","spEffectID15","5262","-1"
"NpcParam","31811052","","spEffectID15","5262","-1"
"NpcParam","33000000","","spEffectID15","5261","-1"
"NpcParam","33000062","","spEffectID15","5261","-1"
"NpcParam","33000820","","spEffectID15","5261","-1"
"NpcParam","33000900","","spEffectID15","5261","-1"
"NpcParam","33001000","","spEffectID15","5261","-1"
"NpcParam","33001062","","spEffectID15","5261","-1"
"NpcParam","33001065","","spEffectID15","5261","-1"
"NpcParam","33001100","","spEffectID15","5261","-1"
"NpcParam","33002000","","spEffectID15","5261","-1"
"NpcParam","33002062","","spEffectID15","5261","-1"
"NpcParam","33002065","","spEffectID15","5261","-1"
"NpcParam","33200000","","spEffectID15","5261","-1"
"NpcParam","33200062","","spEffectID15","5261","-1"
"NpcParam","33200100","","spEffectID15","5261","-1"
"NpcParam","33200162","","spEffectID15","5261","-1"
"NpcParam","33200200","","spEffectID15","5261","-1"
"NpcParam","33200262","","spEffectID15","5261","-1"
"NpcParam","33200265","","spEffectID15","5261","-1"
"NpcParam","33202000","","spEffectID15","5261","-1"
"NpcParam","33202062","","spEffectID15","5261","-1"
"NpcParam","33202100","","spEffectID15","5261","-1"
"NpcParam","33202200","","spEffectID15","5261","-1"
"NpcParam","33202262","","spEffectID15","5261","-1"
"NpcParam","33300000","","spEffectID15","5261","-1"
"NpcParam","33300040","","spEffectID15","5261","-1"
"NpcParam","33300042","","spEffectID15","5261","-1"
"NpcParam","33300062","","spEffectID15","5261","-1"
"NpcParam","33300065","","spEffectID15","5261","-1"
"NpcParam","33300100","","spEffectID15","5261","-1"
"NpcParam","33300162","","spEffectID15","5261","-1"
"NpcParam","33300262","","spEffectID15","5261","-1"
"NpcParam","33300600","","spEffectID15","5261","-1"
"NpcParam","33300662","","spEffectID15","5261","-1"
"NpcParam","33300665","","spEffectID15","5261","-1"
"NpcParam","33300700","","spEffectID15","5261","-1"
"NpcParam","33300762","","spEffectID15","5261","-1"
"NpcParam","33300800","","spEffectID15","5261","-1"
"NpcParam","33300862","","spEffectID15","5261","-1"
"NpcParam","33500000","","spEffectID15","5261","-1"
"NpcParam","33500022","","spEffectID15","5261","-1"
"NpcParam","33500500","","spEffectID15","5261","-1"
"NpcParam","33500556","","spEffectID15","5261","-1"
"NpcParam","33501000","","spEffectID15","5261","-1"
"NpcParam","33501020","","spEffectID15","5261","-1"
"NpcParam","33501022","","spEffectID15","5261","-1"
"NpcParam","33501500","","spEffectID15","5261","-1"
"NpcParam","33501556","","spEffectID15","5261","-1"
"NpcParam","33502000","","spEffectID15","5261","-1"
"NpcParam","33502500","","spEffectID15","5261","-1"
"NpcParam","33502556","","spEffectID15","5261","-1"
"NpcParam","33509000","","spEffectID15","5261","-1"
"NpcParam","33509161","","spEffectID15","5261","-1"
"NpcParam","33509264","","spEffectID15","5261","-1"
"NpcParam","33600000","","spEffectID15","5261","-1"
"NpcParam","33600020","","spEffectID15","5261","-1"
"NpcParam","33600062","","spEffectID15","5261","-1"
"NpcParam","33600064","","spEffectID15","5261","-1"
"NpcParam","33600065","","spEffectID15","5261","-1"
"NpcParam","33600100","","spEffectID15","5261","-1"
"NpcParam","33600200","","spEffectID15","5261","-1"
"NpcParam","33600264","","spEffectID15","5261","-1"
"NpcParam","33600265","","spEffectID15","5261","-1"
"NpcParam","33600300","","spEffectID15","5261","-1"
"NpcParam","33600500","","spEffectID15","5261","-1"
"NpcParam","33600520","","spEffectID15","5261","-1"
"NpcParam","33600564","","spEffectID15","5261","-1"
"NpcParam","33600565","","spEffectID15","5261","-1"
"NpcParam","33600600","","spEffectID15","5261","-1"
"NpcParam","33600700","","spEffectID15","5261","-1"
"NpcParam","33600764","","spEffectID15","5261","-1"
"NpcParam","33600765","","spEffectID15","5261","-1"
"NpcParam","33601000","","spEffectID15","5261","-1"
"NpcParam","33601064","","spEffectID15","5261","-1"
"NpcParam","33601065","","spEffectID15","5261","-1"
"NpcParam","33601100","","spEffectID15","5261","-1"
"NpcParam","33601200","","spEffectID15","5261","-1"
"NpcParam","33601264","","spEffectID15","5261","-1"
"NpcParam","33601265","","spEffectID15","5261","-1"
"NpcParam","33601300","","spEffectID15","5261","-1"
"NpcParam","33601365","","spEffectID15","5261","-1"
"NpcParam","33602000","","spEffectID15","5261","-1"
"NpcParam","33602064","","spEffectID15","5261","-1"
"NpcParam","33602065","","spEffectID15","5261","-1"
"NpcParam","33602100","","spEffectID15","5261","-1"
"NpcParam","33602200","","spEffectID15","5261","-1"
"NpcParam","33602264","","spEffectID15","5261","-1"
"NpcParam","33602265","","spEffectID15","5261","-1"
"NpcParam","33602300","","spEffectID15","5261","-1"
"NpcParam","33602352","","spEffectID15","5261","-1"
"NpcParam","33602365","","spEffectID15","5261","-1"
"NpcParam","33605000","","spEffectID15","5261","-1"
"NpcParam","33605064","","spEffectID15","5261","-1"
"NpcParam","33605200","","spEffectID15","5261","-1"
"NpcParam","33605264","","spEffectID15","5261","-1"
"NpcParam","33605500","","spEffectID15","5261","-1"
"NpcParam","33605564","","spEffectID15","5261","-1"
"NpcParam","33605700","","spEffectID15","5261","-1"
"NpcParam","33605764","","spEffectID15","5261","-1"
"NpcParam","33606000","","spEffectID15","5261","-1"
"NpcParam","33606064","","spEffectID15","5261","-1"
"NpcParam","33606200","","spEffectID15","5261","-1"
"NpcParam","33606264","","spEffectID15","5261","-1"
"NpcParam","33607000","","spEffectID15","5261","-1"
"NpcParam","33607064","","spEffectID15","5261","-1"
"NpcParam","33607200","","spEffectID15","5261","-1"
"NpcParam","33607264","","spEffectID15","5261","-1"
"NpcParam","33610000","","spEffectID15","5261","-1"
"NpcParam","33610062","","spEffectID15","5261","-1"
"NpcParam","33610200","","spEffectID15","5261","-1"
"NpcParam","33610300","","spEffectID15","5261","-1"
"NpcParam","33610500","","spEffectID15","5261","-1"
"NpcParam","33610562","","spEffectID15","5261","-1"
"NpcParam","33610700","","spEffectID15","5261","-1"
"NpcParam","33611000","","spEffectID15","5261","-1"
"NpcParam","33611062","","spEffectID15","5261","-1"
"NpcParam","33611200","","spEffectID15","5261","-1"
"NpcParam","33611300","","spEffectID15","5261","-1"
"NpcParam","33612000","","spEffectID15","5261","-1"
"NpcParam","33612062","","spEffectID15","5261","-1"
"NpcParam","33612200","","spEffectID15","5261","-1"
"NpcParam","33612300","","spEffectID15","5261","-1"
"NpcParam","33700000","","spEffectID15","5261","-1"
"NpcParam","33700052","","spEffectID15","5261","-1"
"NpcParam","33700064","","spEffectID15","5261","-1"
"NpcParam","33700065","","spEffectID15","5261","-1"
"NpcParam","33700100","","spEffectID15","5261","-1"
"NpcParam","33700200","","spEffectID15","5261","-1"
"NpcParam","33700265","","spEffectID15","5261","-1"
"NpcParam","33700865","","spEffectID15","5261","-1"
"NpcParam","33710000","","spEffectID15","5261","-1"
"NpcParam","33710062","","spEffectID15","5261","-1"
"NpcParam","33710100","","spEffectID15","5261","-1"
"NpcParam","34000000","","spEffectID15","5262","-1"
"NpcParam","34000030","","spEffectID15","5262","-1"
"NpcParam","34000034","","spEffectID15","5262","-1"
"NpcParam","34000040","","spEffectID15","5262","-1"
"NpcParam","34000100","","spEffectID15","5262","-1"
"NpcParam","34000200","","spEffectID15","5262","-1"
"NpcParam","34000252","","spEffectID15","5262","-1"
"NpcParam","34000254","","spEffectID15","5262","-1"
"NpcParam","34000256","","spEffectID15","5262","-1"
"NpcParam","34000300","","spEffectID15","5262","-1"
"NpcParam","34000800","","spEffectID15","5262","-1"
"NpcParam","34000852","","spEffectID15","5262","-1"
"NpcParam","34000900","","spEffectID15","5262","-1"
"NpcParam","34001000","","spEffectID15","5262","-1"
"NpcParam","34001034","","spEffectID15","5262","-1"
"NpcParam","34001100","","spEffectID15","5262","-1"
"NpcParam","34001200","","spEffectID15","5262","-1"
"NpcParam","34001252","","spEffectID15","5262","-1"
"NpcParam","34001254","","spEffectID15","5262","-1"
"NpcParam","34001256","","spEffectID15","5262","-1"
"NpcParam","34001300","","spEffectID15","5262","-1"
"NpcParam","34001800","","spEffectID15","5262","-1"
"NpcParam","34001852","","spEffectID15","5262","-1"
"NpcParam","34500000","","spEffectID15","5261","-1"
"NpcParam","34500012","","spEffectID15","5261","-1"
"NpcParam","34500013","","spEffectID15","5261","-1"
"NpcParam","34500030","","spEffectID15","5261","-1"
"NpcParam","34500034","","spEffectID15","5261","-1"
"NpcParam","34500054","","spEffectID15","5261","-1"
"NpcParam","34500100","","spEffectID15","5261","-1"
"NpcParam","34501000","","spEffectID15","5261","-1"
"NpcParam","34501012","","spEffectID15","5261","-1"
"NpcParam","34501013","","spEffectID15","5261","-1"
"NpcParam","34501020","","spEffectID15","5261","-1"
"NpcParam","34501030","","spEffectID15","5261","-1"
"NpcParam","34501034","","spEffectID15","5261","-1"
"NpcParam","34501052","","spEffectID15","5261","-1"
"NpcParam","34501054","","spEffectID15","5261","-1"
"NpcParam","34501100","","spEffectID15","5261","-1"
"NpcParam","34501354","","spEffectID15","5261","-1"
"NpcParam","34502000","","spEffectID15","5261","-1"
"NpcParam","34502012","","spEffectID15","5261","-1"
"NpcParam","34502030","","spEffectID15","5261","-1"
"NpcParam","34502054","","spEffectID15","5261","-1"
"NpcParam","34502100","","spEffectID15","5261","-1"
"NpcParam","34502354","","spEffectID15","5261","-1"
"NpcParam","34510000","","spEffectID15","5261","-1"
"NpcParam","34510012","","spEffectID15","5261","-1"
"NpcParam","34510013","","spEffectID15","5261","-1"
"NpcParam","34510030","","spEffectID15","5261","-1"
"NpcParam","34510034","","spEffectID15","5261","-1"
"NpcParam","34510052","","spEffectID15","5261","-1"
"NpcParam","34510054","","spEffectID15","5261","-1"
"NpcParam","34510200","","spEffectID15","5261","-1"
"NpcParam","34510354","","spEffectID15","5261","-1"
"NpcParam","34600000","","spEffectID15","5261","-1"
"NpcParam","34600012","","spEffectID15","5261","-1"
"NpcParam","34600034","","spEffectID15","5261","-1"
"NpcParam","34600054","","spEffectID15","5261","-1"
"NpcParam","34600354","","spEffectID15","5261","-1"
"NpcParam","34601000","","spEffectID15","5261","-1"
"NpcParam","34700000","","spEffectID15","5261","-1"
"NpcParam","34700020","","spEffectID15","5261","-1"
"NpcParam","34700100","","spEffectID15","5261","-1"
"NpcParam","34700120","","spEffectID15","5261","-1"
"NpcParam","34700200","","spEffectID15","5261","-1"
"NpcParam","34700268","","spEffectID15","5261","-1"
"NpcParam","34700300","","spEffectID15","5261","-1"
"NpcParam","34700352","","spEffectID15","5261","-1"
"NpcParam","34700400","","spEffectID15","5261","-1"
"NpcParam","34700452","","spEffectID15","5261","-1"
"NpcParam","34701000","","spEffectID15","5261","-1"
"NpcParam","34701020","","spEffectID15","5261","-1"
"NpcParam","34701100","","spEffectID15","5261","-1"
"NpcParam","34701120","","spEffectID15","5261","-1"
"NpcParam","34701200","","spEffectID15","5261","-1"
"NpcParam","34701300","","spEffectID15","5261","-1"
"NpcParam","34701400","","spEffectID15","5261","-1"
"NpcParam","34701468","","spEffectID15","5261","-1"
"NpcParam","34701500","","spEffectID15","5261","-1"
"NpcParam","34701552","","spEffectID15","5261","-1"
"NpcParam","34701600","","spEffectID15","5261","-1"
"NpcParam","34701652","","spEffectID15","5261","-1"
"NpcParam","34702000","","spEffectID15","5261","-1"
"NpcParam","34702100","","spEffectID15","5261","-1"
"NpcParam","34702120","","spEffectID15","5261","-1"
"NpcParam","34702200","","spEffectID15","5261","-1"
"NpcParam","34702300","","spEffectID15","5261","-1"
"NpcParam","34702320","","spEffectID15","5261","-1"
"NpcParam","34702400","","spEffectID15","5261","-1"
"NpcParam","34702468","","spEffectID15","5261","-1"
"NpcParam","34702500","","spEffectID15","5261","-1"
"NpcParam","34702552","","spEffectID15","5261","-1"
"NpcParam","34703000","","spEffectID15","5261","-1"
"NpcParam","34703020","","spEffectID15","5261","-1"
"NpcParam","34703068","","spEffectID15","5261","-1"
"NpcParam","34703100","","spEffectID15","5261","-1"
"NpcParam","34703200","","spEffectID15","5261","-1"
"NpcParam","34703252","","spEffectID15","5261","-1"
"NpcParam","34704000","","spEffectID15","5261","-1"
"NpcParam","34704020","","spEffectID15","5261","-1"
"NpcParam","34704100","","spEffectID15","5261","-1"
"NpcParam","34704120","","spEffectID15","5261","-1"
"NpcParam","34704200","","spEffectID15","5261","-1"
"NpcParam","34704268","","spEffectID15","5261","-1"
"NpcParam","34704300","","spEffectID15","5261","-1"
"NpcParam","34704352","","spEffectID15","5261","-1"
"NpcParam","34715000","","spEffectID15","5261","-1"
"NpcParam","34715100","","spEffectID15","5261","-1"
"NpcParam","34715120","","spEffectID15","5261","-1"
"NpcParam","34715200","","spEffectID15","5261","-1"
"NpcParam","34715268","","spEffectID15","5261","-1"
"NpcParam","34715300","","spEffectID15","5261","-1"
"NpcParam","34715352","","spEffectID15","5261","-1"
"NpcParam","35000000","","spEffectID15","5261","-1"
"NpcParam","35000010","","spEffectID15","5261","-1"
"NpcParam","35000012","","spEffectID15","5261","-1"
"NpcParam","35000014","","spEffectID15","5261","-1"
"NpcParam","35000020","","spEffectID15","5261","-1"
"NpcParam","35000030","","spEffectID15","5261","-1"
"NpcParam","35000032","","spEffectID15","5261","-1"
"NpcParam","35000034","","spEffectID15","5261","-1"
"NpcParam","35000040","","spEffectID15","5261","-1"
"NpcParam","35000050","","spEffectID15","5261","-1"
"NpcParam","35000100","","spEffectID15","5261","-1"
"NpcParam","35000172","","spEffectID15","5261","-1"
"NpcParam","35000300","","spEffectID15","5261","-1"
"NpcParam","35000330","","spEffectID15","5261","-1"
"NpcParam","35000400","","spEffectID15","5261","-1"
"NpcParam","35000500","","spEffectID15","5261","-1"
"NpcParam","35000700","","spEffectID15","5261","-1"
"NpcParam","35000733","","spEffectID15","5261","-1"
"NpcParam","35001000","","spEffectID15","5261","-1"
"NpcParam","35001010","","spEffectID15","5261","-1"
"NpcParam","35001012","","spEffectID15","5261","-1"
"NpcParam","35001014","","spEffectID15","5261","-1"
"NpcParam","35001030","","spEffectID15","5261","-1"
"NpcParam","35001032","","spEffectID15","5261","-1"
"NpcParam","35001040","","spEffectID15","5261","-1"
"NpcParam","35001050","","spEffectID15","5261","-1"
"NpcParam","35001100","","spEffectID15","5261","-1"
"NpcParam","35001172","","spEffectID15","5261","-1"
"NpcParam","35001700","","spEffectID15","5261","-1"
"NpcParam","35001733","","spEffectID15","5261","-1"
"NpcParam","35002000","","spEffectID15","5261","-1"
"NpcParam","35002010","","spEffectID15","5261","-1"
"NpcParam","35002012","","spEffectID15","5261","-1"
"NpcParam","35002020","","spEffectID15","5261","-1"
"NpcParam","35002032","","spEffectID15","5261","-1"
"NpcParam","35002040","","spEffectID15","5261","-1"
"NpcParam","35002050","","spEffectID15","5261","-1"
"NpcParam","35002100","","spEffectID15","5261","-1"
"NpcParam","35002172","","spEffectID15","5261","-1"
"NpcParam","35002700","","spEffectID15","5261","-1"
"NpcParam","35002733","","spEffectID15","5261","-1"
"NpcParam","35003000","","spEffectID15","5261","-1"
"NpcParam","35003010","","spEffectID15","5261","-1"
"NpcParam","35003012","","spEffectID15","5261","-1"
"NpcParam","35003014","","spEffectID15","5261","-1"
"NpcParam","35003032","","spEffectID15","5261","-1"
"NpcParam","35003040","","spEffectID15","5261","-1"
"NpcParam","35003050","","spEffectID15","5261","-1"
"NpcParam","35003100","","spEffectID15","5261","-1"
"NpcParam","35003172","","spEffectID15","5261","-1"
"NpcParam","35003700","","spEffectID15","5261","-1"
"NpcParam","35003733","","spEffectID15","5261","-1"
"NpcParam","35004000","","spEffectID15","5261","-1"
"NpcParam","35004010","","spEffectID15","5261","-1"
"NpcParam","35004012","","spEffectID15","5261","-1"
"NpcParam","35004020","","spEffectID15","5261","-1"
"NpcParam","35004030","","spEffectID15","5261","-1"
"NpcParam","35004032","","spEffectID15","5261","-1"
"NpcParam","35004040","","spEffectID15","5261","-1"
"NpcParam","35004050","","spEffectID15","5261","-1"
"NpcParam","35004100","","spEffectID15","5261","-1"
"NpcParam","35004172","","spEffectID15","5261","-1"
"NpcParam","35004700","","spEffectID15","5261","-1"
"NpcParam","35004733","","spEffectID15","5261","-1"
"NpcParam","35100000","","spEffectID15","5261","-1"
"NpcParam","35100010","","spEffectID15","5261","-1"
"NpcParam","35100012","","spEffectID15","5261","-1"
"NpcParam","35100020","","spEffectID15","5261","-1"
"NpcParam","35100032","","spEffectID15","5261","-1"
"NpcParam","35100033","","spEffectID15","5261","-1"
"NpcParam","35100040","","spEffectID15","5261","-1"
"NpcParam","35100100","","spEffectID15","5261","-1"
"NpcParam","35100110","","spEffectID15","5261","-1"
"NpcParam","35100112","","spEffectID15","5261","-1"
"NpcParam","35100120","","spEffectID15","5261","-1"
"NpcParam","35100132","","spEffectID15","5261","-1"
"NpcParam","35100133","","spEffectID15","5261","-1"
"NpcParam","35100200","","spEffectID15","5261","-1"
"NpcParam","35100210","","spEffectID15","5261","-1"
"NpcParam","35101000","","spEffectID15","5261","-1"
"NpcParam","35101010","","spEffectID15","5261","-1"
"NpcParam","35101012","","spEffectID15","5261","-1"
"NpcParam","35101020","","spEffectID15","5261","-1"
"NpcParam","35101032","","spEffectID15","5261","-1"
"NpcParam","35101033","","spEffectID15","5261","-1"
"NpcParam","35101040","","spEffectID15","5261","-1"
"NpcParam","35101100","","spEffectID15","5261","-1"
"NpcParam","35101110","","spEffectID15","5261","-1"
"NpcParam","35101112","","spEffectID15","5261","-1"
"NpcParam","35101140","","spEffectID15","5261","-1"
"NpcParam","35102000","","spEffectID15","5261","-1"
"NpcParam","35102010","","spEffectID15","5261","-1"
"NpcParam","35102012","","spEffectID15","5261","-1"
"NpcParam","35102020","","spEffectID15","5261","-1"
"NpcParam","35102032","","spEffectID15","5261","-1"
"NpcParam","35102033","","spEffectID15","5261","-1"
"NpcParam","35102040","","spEffectID15","5261","-1"
"NpcParam","35103000","","spEffectID15","5261","-1"
"NpcParam","35103010","","spEffectID15","5261","-1"
"NpcParam","35103012","","spEffectID15","5261","-1"
"NpcParam","35103020","","spEffectID15","5261","-1"
"NpcParam","35103100","","spEffectID15","5261","-1"
"NpcParam","35103110","","spEffectID15","5261","-1"
"NpcParam","35104000","","spEffectID15","5261","-1"
"NpcParam","35104010","","spEffectID15","5261","-1"
"NpcParam","35104012","","spEffectID15","5261","-1"
"NpcParam","35104032","","spEffectID15","5261","-1"
"NpcParam","35104100","","spEffectID15","5261","-1"
"NpcParam","35104110","","spEffectID15","5261","-1"
"NpcParam","35500000","","spEffectID15","5262","-1"
"NpcParam","35500020","","spEffectID15","5262","-1"
"NpcParam","35500030","","spEffectID15","5262","-1"
"NpcParam","35500050","","spEffectID15","5262","-1"
"NpcParam","35500068","","spEffectID15","5262","-1"
"NpcParam","36000000","","spEffectID15","5262","-1"
"NpcParam","36000010","","spEffectID15","5262","-1"
"NpcParam","36000012","","spEffectID15","5262","-1"
"NpcParam","36000024","","spEffectID15","5262","-1"
"NpcParam","36000052","","spEffectID15","5262","-1"
"NpcParam","36000062","","spEffectID15","5262","-1"
"NpcParam","36001000","","spEffectID15","5262","-1"
"NpcParam","36001052","","spEffectID15","5262","-1"
"NpcParam","36100000","","spEffectID15","5261","-1"
"NpcParam","36100034","","spEffectID15","5261","-1"
"NpcParam","36100054","","spEffectID15","5261","-1"
"NpcParam","36200000","","spEffectID15","5261","-1"
"NpcParam","36200034","","spEffectID15","5261","-1"
"NpcParam","36200054","","spEffectID15","5261","-1"
"NpcParam","36300000","","spEffectID15","5261","-1"
"NpcParam","36300054","","spEffectID15","5261","-1"
"NpcParam","36400000","","spEffectID15","5261","-1"
"NpcParam","36500000","","spEffectID15","5261","-1"
"NpcParam","36500012","","spEffectID15","5261","-1"
"NpcParam","36500020","","spEffectID15","5261","-1"
"NpcParam","36500030","","spEffectID15","5261","-1"
"NpcParam","36500033","","spEffectID15","5261","-1"
"NpcParam","36500034","","spEffectID15","5261","-1"
"NpcParam","36501000","","spEffectID15","5261","-1"
"NpcParam","36501033","","spEffectID15","5261","-1"
"NpcParam","36501034","","spEffectID15","5261","-1"
"NpcParam","36501100","","spEffectID15","5261","-1"
"NpcParam","36501833","","spEffectID15","5261","-1"
"NpcParam","36502000","","spEffectID15","5261","-1"
"NpcParam","36502040","","spEffectID15","5261","-1"
"NpcParam","36502042","","spEffectID15","5261","-1"
"NpcParam","36502052","","spEffectID15","5261","-1"
"NpcParam","36503000","","spEffectID15","5261","-1"
"NpcParam","36600000","","spEffectID15","5261","-1"
"NpcParam","36600014","","spEffectID15","5261","-1"
"NpcParam","36600020","","spEffectID15","5261","-1"
"NpcParam","36600030","","spEffectID15","5261","-1"
"NpcParam","36600034","","spEffectID15","5261","-1"
"NpcParam","36600035","","spEffectID15","5261","-1"
"NpcParam","36600041","","spEffectID15","5261","-1"
"NpcParam","36600070","","spEffectID15","5261","-1"
"NpcParam","36600100","","spEffectID15","5261","-1"
"NpcParam","36600110","","spEffectID15","5261","-1"
"NpcParam","36600114","","spEffectID15","5261","-1"
"NpcParam","36600600","","spEffectID15","5261","-1"
"NpcParam","36600612","","spEffectID15","5261","-1"
"NpcParam","36600620","","spEffectID15","5261","-1"
"NpcParam","36600652","","spEffectID15","5261","-1"
"NpcParam","36600700","","spEffectID15","5261","-1"
"NpcParam","36600733","","spEffectID15","5261","-1"
"NpcParam","36600800","","spEffectID15","5261","-1"
"NpcParam","36600838","","spEffectID15","5261","-1"
"NpcParam","36601000","","spEffectID15","5261","-1"
"NpcParam","36601030","","spEffectID15","5261","-1"
"NpcParam","36601070","","spEffectID15","5261","-1"
"NpcParam","36601200","","spEffectID15","5261","-1"
"NpcParam","36601212","","spEffectID15","5261","-1"
"NpcParam","36601220","","spEffectID15","5261","-1"
"NpcParam","36601252","","spEffectID15","5261","-1"
"NpcParam","36601300","","spEffectID15","5261","-1"
"NpcParam","36601333","","spEffectID15","5261","-1"
"NpcParam","36601400","","spEffectID15","5261","-1"
"NpcParam","36601438","","spEffectID15","5261","-1"
"NpcParam","36602000","","spEffectID15","5261","-1"
"NpcParam","36602070","","spEffectID15","5261","-1"
"NpcParam","36602100","","spEffectID15","5261","-1"
"NpcParam","36602152","","spEffectID15","5261","-1"
"NpcParam","36602200","","spEffectID15","5261","-1"
"NpcParam","36602233","","spEffectID15","5261","-1"
"NpcParam","36602300","","spEffectID15","5261","-1"
"NpcParam","36602338","","spEffectID15","5261","-1"
"NpcParam","36603000","","spEffectID15","5261","-1"
"NpcParam","36603010","","spEffectID15","5261","-1"
"NpcParam","36603020","","spEffectID15","5261","-1"
"NpcParam","36603100","","spEffectID15","5261","-1"
"NpcParam","36603110","","spEffectID15","5261","-1"
"NpcParam","36608000","","spEffectID15","5261","-1"
"NpcParam","36608033","","spEffectID15","5261","-1"
"NpcParam","36610000","","spEffectID15","5261","-1"
"NpcParam","36610012","","spEffectID15","5261","-1"
"NpcParam","36610030","","spEffectID15","5261","-1"
"NpcParam","36610032","","spEffectID15","5261","-1"
"NpcParam","36610033","","spEffectID15","5261","-1"
"NpcParam","36610034","","spEffectID15","5261","-1"
"NpcParam","36610035","","spEffectID15","5261","-1"
"NpcParam","36610039","","spEffectID15","5261","-1"
"NpcParam","36610040","","spEffectID15","5261","-1"
"NpcParam","36610054","","spEffectID15","5261","-1"
"NpcParam","36610100","","spEffectID15","5261","-1"
"NpcParam","36610140","","spEffectID15","5261","-1"
"NpcParam","36610812","","spEffectID15","5261","-1"
"NpcParam","36610820","","spEffectID15","5261","-1"
"NpcParam","36611000","","spEffectID15","5261","-1"
"NpcParam","36611012","","spEffectID15","5261","-1"
"NpcParam","36611030","","spEffectID15","5261","-1"
"NpcParam","36611031","","spEffectID15","5261","-1"
"NpcParam","36611035","","spEffectID15","5261","-1"
"NpcParam","36611100","","spEffectID15","5261","-1"
"NpcParam","36612000","","spEffectID15","5261","-1"
"NpcParam","36612030","","spEffectID15","5261","-1"
"NpcParam","36612032","","spEffectID15","5261","-1"
"NpcParam","36612035","","spEffectID15","5261","-1"
"NpcParam","36612040","","spEffectID15","5261","-1"
"NpcParam","36612132","","spEffectID15","5261","-1"
"NpcParam","36612200","","spEffectID15","5261","-1"
"NpcParam","36613000","","spEffectID15","5261","-1"
"NpcParam","36613054","","spEffectID15","5261","-1"
"NpcParam","36613100","","spEffectID15","5261","-1"
"NpcParam","36613154","","spEffectID15","5261","-1"
"NpcParam","36613200","","spEffectID15","5261","-1"
"NpcParam","36613254","","spEffectID15","5261","-1"
"NpcParam","36614000","","spEffectID15","5261","-1"
"NpcParam","36614024","","spEffectID15","5261","-1"
"NpcParam","36615000","","spEffectID15","5261","-1"
"NpcParam","36615068","","spEffectID15","5261","-1"
"NpcParam","36616000","","spEffectID15","5261","-1"
"NpcParam","36616040","","spEffectID15","5261","-1"
"NpcParam","36620000","","spEffectID15","5261","-1"
"NpcParam","36620012","","spEffectID15","5261","-1"
"NpcParam","36620034","","spEffectID15","5261","-1"
"NpcParam","36620040","","spEffectID15","5261","-1"
"NpcParam","36620054","","spEffectID15","5261","-1"
"NpcParam","36620100","","spEffectID15","5261","-1"
"NpcParam","36620140","","spEffectID15","5261","-1"
"NpcParam","36621000","","spEffectID15","5261","-1"
"NpcParam","36621031","","spEffectID15","5261","-1"
"NpcParam","36621035","","spEffectID15","5261","-1"
"NpcParam","36621100","","spEffectID15","5261","-1"
"NpcParam","36621140","","spEffectID15","5261","-1"
"NpcParam","36622000","","spEffectID15","5261","-1"
"NpcParam","36622040","","spEffectID15","5261","-1"
"NpcParam","36622200","","spEffectID15","5261","-1"
"NpcParam","36623000","","spEffectID15","5261","-1"
"NpcParam","36623054","","spEffectID15","5261","-1"
"NpcParam","36623100","","spEffectID15","5261","-1"
"NpcParam","36623154","","spEffectID15","5261","-1"
"NpcParam","36623200","","spEffectID15","5261","-1"
"NpcParam","36623254","","spEffectID15","5261","-1"
"NpcParam","36624000","","spEffectID15","5261","-1"
"NpcParam","36624024","","spEffectID15","5261","-1"
"NpcParam","36625000","","spEffectID15","5261","-1"
"NpcParam","36625068","","spEffectID15","5261","-1"
"NpcParam","36626000","","spEffectID15","5261","-1"
"NpcParam","36626040","","spEffectID15","5261","-1"
"NpcParam","36640000","","spEffectID15","5262","-1"
"NpcParam","36640032","","spEffectID15","5262","-1"
"NpcParam","36640035","","spEffectID15","5262","-1"
"NpcParam","36700000","","spEffectID15","5261","-1"
"NpcParam","36700042","","spEffectID15","5261","-1"
"NpcParam","36700100","","spEffectID15","5261","-1"
"NpcParam","36700120","","spEffectID15","5261","-1"
"NpcParam","36700134","","spEffectID15","5261","-1"
"NpcParam","36701000","","spEffectID15","5261","-1"
"NpcParam","36701021","","spEffectID15","5261","-1"
"NpcParam","36701038","","spEffectID15","5261","-1"
"NpcParam","36701042","","spEffectID15","5261","-1"
"NpcParam","36701100","","spEffectID15","5261","-1"
"NpcParam","36701120","","spEffectID15","5261","-1"
"NpcParam","36701121","","spEffectID15","5261","-1"
"NpcParam","36701138","","spEffectID15","5261","-1"
"NpcParam","36701200","","spEffectID15","5261","-1"
"NpcParam","36702000","","spEffectID15","5261","-1"
"NpcParam","36702038","","spEffectID15","5261","-1"
"NpcParam","36702051","","spEffectID15","5261","-1"
"NpcParam","36702100","","spEffectID15","5261","-1"
"NpcParam","36702138","","spEffectID15","5261","-1"
"NpcParam","36702151","","spEffectID15","5261","-1"
"NpcParam","36702200","","spEffectID15","5261","-1"
"NpcParam","36702238","","spEffectID15","5261","-1"
"NpcParam","36702251","","spEffectID15","5261","-1"
"NpcParam","36703000","","spEffectID15","5261","-1"
"NpcParam","36703034","","spEffectID15","5261","-1"
"NpcParam","36703038","","spEffectID15","5261","-1"
"NpcParam","36703051","","spEffectID15","5261","-1"
"NpcParam","36704000","","spEffectID15","5261","-1"
"NpcParam","36704020","","spEffectID15","5261","-1"
"NpcParam","37000000","","spEffectID15","5262","-1"
"NpcParam","37000010","","spEffectID15","5262","-1"
"NpcParam","37000020","","spEffectID15","5262","-1"
"NpcParam","37000030","","spEffectID15","5262","-1"
"NpcParam","37000031","","spEffectID15","5262","-1"
"NpcParam","37000033","","spEffectID15","5262","-1"
"NpcParam","37001000","","spEffectID15","5262","-1"
"NpcParam","37001030","","spEffectID15","5262","-1"
"NpcParam","37001031","","spEffectID15","5262","-1"
"NpcParam","37010000","","spEffectID15","5262","-1"
"NpcParam","37010030","","spEffectID15","5262","-1"
"NpcParam","37010033","","spEffectID15","5262","-1"
"NpcParam","37010034","","spEffectID15","5262","-1"
"NpcParam","37010830","","spEffectID15","5262","-1"
"NpcParam","37011000","","spEffectID15","5262","-1"
"NpcParam","37011030","","spEffectID15","5262","-1"
"NpcParam","37011034","","spEffectID15","5262","-1"
"NpcParam","37020000","","spEffectID15","5261","-1"
"NpcParam","37020020","","spEffectID15","5261","-1"
"NpcParam","37020021","","spEffectID15","5261","-1"
"NpcParam","37020024","","spEffectID15","5261","-1"
"NpcParam","37020032","","spEffectID15","5261","-1"
"NpcParam","37020040","","spEffectID15","5261","-1"
"NpcParam","37021000","","spEffectID15","5261","-1"
"NpcParam","37021020","","spEffectID15","5261","-1"
"NpcParam","37021024","","spEffectID15","5261","-1"
"NpcParam","37021032","","spEffectID15","5261","-1"
"NpcParam","37021040","","spEffectID15","5261","-1"
"NpcParam","37021140","","spEffectID15","5261","-1"
"NpcParam","37022000","","spEffectID15","5261","-1"
"NpcParam","37022021","","spEffectID15","5261","-1"
"NpcParam","37022024","","spEffectID15","5261","-1"
"NpcParam","37022040","","spEffectID15","5261","-1"
"NpcParam","37022140","","spEffectID15","5261","-1"
"NpcParam","37023000","","spEffectID15","5261","-1"
"NpcParam","37023020","","spEffectID15","5261","-1"
"NpcParam","37023024","","spEffectID15","5261","-1"
"NpcParam","37023040","","spEffectID15","5261","-1"
"NpcParam","37023140","","spEffectID15","5261","-1"
"NpcParam","37024000","","spEffectID15","5261","-1"
"NpcParam","37024024","","spEffectID15","5261","-1"
"NpcParam","37024040","","spEffectID15","5261","-1"
"NpcParam","37030000","","spEffectID15","5261","-1"
"NpcParam","37030012","","spEffectID15","5261","-1"
"NpcParam","37030021","","spEffectID15","5261","-1"
"NpcParam","37030030","","spEffectID15","5261","-1"
"NpcParam","37030031","","spEffectID15","5261","-1"
"NpcParam","37030032","","spEffectID15","5261","-1"
"NpcParam","37030033","","spEffectID15","5261","-1"
"NpcParam","37030034","","spEffectID15","5261","-1"
"NpcParam","37030041","","spEffectID15","5261","-1"
"NpcParam","37030052","","spEffectID15","5261","-1"
"NpcParam","37031000","","spEffectID15","5261","-1"
"NpcParam","37031024","","spEffectID15","5261","-1"
"NpcParam","37031034","","spEffectID15","5261","-1"
"NpcParam","37040000","","spEffectID15","5262","-1"
"NpcParam","37040020","","spEffectID15","5262","-1"
"NpcParam","37040040","","spEffectID15","5262","-1"
"NpcParam","37040054","","spEffectID15","5262","-1"
"NpcParam","37040800","","spEffectID15","5262","-1"
"NpcParam","37040830","","spEffectID15","5262","-1"
"NpcParam","37500000","","spEffectID15","5261","-1"
"NpcParam","37500060","","spEffectID15","5261","-1"
"NpcParam","37500062","","spEffectID15","5261","-1"
"NpcParam","37500064","","spEffectID15","5261","-1"
"NpcParam","37500065","","spEffectID15","5261","-1"
"NpcParam","37501000","","spEffectID15","5261","-1"
"NpcParam","37501060","","spEffectID15","5261","-1"
"NpcParam","37501062","","spEffectID15","5261","-1"
"NpcParam","37502000","","spEffectID15","5261","-1"
"NpcParam","37502060","","spEffectID15","5261","-1"
"NpcParam","37502062","","spEffectID15","5261","-1"
"NpcParam","37502064","","spEffectID15","5261","-1"
"NpcParam","37502065","","spEffectID15","5261","-1"
"NpcParam","38000000","","spEffectID15","5262","-1"
"NpcParam","38000031","","spEffectID15","5262","-1"
"NpcParam","38000040","","spEffectID15","5262","-1"
"NpcParam","38000042","","spEffectID15","5262","-1"
"NpcParam","38000052","","spEffectID15","5262","-1"
"NpcParam","38000056","","spEffectID15","5262","-1"
"NpcParam","38000100","","spEffectID15","5262","-1"
"NpcParam","38000142","","spEffectID15","5262","-1"
"NpcParam","38000242","","spEffectID15","5262","-1"
"NpcParam","38001000","","spEffectID15","5262","-1"
"NpcParam","38001031","","spEffectID15","5262","-1"
"NpcParam","38001040","","spEffectID15","5262","-1"
"NpcParam","38001042","","spEffectID15","5262","-1"
"NpcParam","38001052","","spEffectID15","5262","-1"
"NpcParam","38001056","","spEffectID15","5262","-1"
"NpcParam","38001100","","spEffectID15","5262","-1"
"NpcParam","38001142","","spEffectID15","5262","-1"
"NpcParam","38100000","","spEffectID15","5262","-1"
"NpcParam","38100040","","spEffectID15","5262","-1"
"NpcParam","38100056","","spEffectID15","5262","-1"
"NpcParam","38100062","","spEffectID15","5262","-1"
"NpcParam","38101000","","spEffectID15","5262","-1"
"NpcParam","38101040","","spEffectID15","5262","-1"
"NpcParam","38101056","","spEffectID15","5262","-1"
"NpcParam","38102000","","spEffectID15","5262","-1"
"NpcParam","38102056","","spEffectID15","5262","-1"
"NpcParam","38103000","","spEffectID15","5262","-1"
"NpcParam","38103040","","spEffectID15","5262","-1"
"NpcParam","38103056","","spEffectID15","5262","-1"
"NpcParam","38500000","","spEffectID15","5261","-1"
"NpcParam","38500012","","spEffectID15","5261","-1"
"NpcParam","38500020","","spEffectID15","5261","-1"
"NpcParam","38500024","","spEffectID15","5261","-1"
"NpcParam","38500032","","spEffectID15","5261","-1"
"NpcParam","38500040","","spEffectID15","5261","-1"
"NpcParam","38500050","","spEffectID15","5261","-1"
"NpcParam","38501000","","spEffectID15","5261","-1"
"NpcParam","38501012","","spEffectID15","5261","-1"
"NpcParam","38501020","","spEffectID15","5261","-1"
"NpcParam","38501024","","spEffectID15","5261","-1"
"NpcParam","38501032","","spEffectID15","5261","-1"
"NpcParam","38501040","","spEffectID15","5261","-1"
"NpcParam","38501050","","spEffectID15","5261","-1"
"NpcParam","38501100","","spEffectID15","5261","-1"
"NpcParam","38501140","","spEffectID15","5261","-1"
"NpcParam","38501200","","spEffectID15","5261","-1"
"NpcParam","38501240","","spEffectID15","5261","-1"
"NpcParam","38502000","","spEffectID15","5261","-1"
"NpcParam","38502012","","spEffectID15","5261","-1"
"NpcParam","38502020","","spEffectID15","5261","-1"
"NpcParam","38502024","","spEffectID15","5261","-1"
"NpcParam","38502032","","spEffectID15","5261","-1"
"NpcParam","38502040","","spEffectID15","5261","-1"
"NpcParam","38502050","","spEffectID15","5261","-1"
"NpcParam","38600000","","spEffectID15","5261","-1"
"NpcParam","38600020","","spEffectID15","5261","-1"
"NpcParam","38600030","","spEffectID15","5261","-1"
"NpcParam","38600032","","spEffectID15","5261","-1"
"NpcParam","38600040","","spEffectID15","5261","-1"
"NpcParam","38600050","","spEffectID15","5261","-1"
"NpcParam","38600100","","spEffectID15","5261","-1"
"NpcParam","38600132","","spEffectID15","5261","-1"
"NpcParam","38600140","","spEffectID15","5261","-1"
"NpcParam","38600150","","spEffectID15","5261","-1"
"NpcParam","38600200","","spEffectID15","5261","-1"
"NpcParam","38600500","","spEffectID15","5261","-1"
"NpcParam","38600532","","spEffectID15","5261","-1"
"NpcParam","38600540","","spEffectID15","5261","-1"
"NpcParam","38600550","","spEffectID15","5261","-1"
"NpcParam","38600600","","spEffectID15","5261","-1"
"NpcParam","38600632","","spEffectID15","5261","-1"
"NpcParam","38601000","","spEffectID15","5261","-1"
"NpcParam","38601024","","spEffectID15","5261","-1"
"NpcParam","38601032","","spEffectID15","5261","-1"
"NpcParam","38601040","","spEffectID15","5261","-1"
"NpcParam","38601050","","spEffectID15","5261","-1"
"NpcParam","38601100","","spEffectID15","5261","-1"
"NpcParam","38601132","","spEffectID15","5261","-1"
"NpcParam","38601140","","spEffectID15","5261","-1"
"NpcParam","38601200","","spEffectID15","5261","-1"
"NpcParam","38601500","","spEffectID15","5261","-1"
"NpcParam","38601532","","spEffectID15","5261","-1"
"NpcParam","38601540","","spEffectID15","5261","-1"
"NpcParam","38601550","","spEffectID15","5261","-1"
"NpcParam","39000000","","spEffectID15","5261","-1"
"NpcParam","39000020","","spEffectID15","5261","-1"
"NpcParam","39000032","","spEffectID15","5261","-1"
"NpcParam","39000050","","spEffectID15","5261","-1"
"NpcParam","39001000","","spEffectID15","5261","-1"
"NpcParam","39001032","","spEffectID15","5261","-1"
"NpcParam","39001050","","spEffectID15","5261","-1"
"NpcParam","39010000","","spEffectID15","5261","-1"
"NpcParam","39010038","","spEffectID15","5261","-1"
"NpcParam","39011000","","spEffectID15","5261","-1"
"NpcParam","39011042","","spEffectID15","5261","-1"
"NpcParam","39100000","","spEffectID15","5262","-1"
"NpcParam","39100032","","spEffectID15","5262","-1"
"NpcParam","39100050","","spEffectID15","5262","-1"
"NpcParam","39100100","","spEffectID15","5262","-1"
"NpcParam","39100150","","spEffectID15","5262","-1"
"NpcParam","39100200","","spEffectID15","5262","-1"
"NpcParam","39100250","","spEffectID15","5262","-1"
"NpcParam","39101000","","spEffectID15","5262","-1"
"NpcParam","39101050","","spEffectID15","5262","-1"
"NpcParam","39101100","","spEffectID15","5262","-1"
"NpcParam","39101150","","spEffectID15","5262","-1"
"NpcParam","39500000","","spEffectID15","5261","-1"
"NpcParam","39500038","","spEffectID15","5261","-1"
"NpcParam","39500100","","spEffectID15","5261","-1"
"NpcParam","39501000","","spEffectID15","5261","-1"
"NpcParam","39501100","","spEffectID15","5261","-1"
"NpcParam","39501138","","spEffectID15","5261","-1"
"NpcParam","39501200","","spEffectID15","5261","-1"
"NpcParam","39502000","","spEffectID15","5261","-1"
"NpcParam","39502038","","spEffectID15","5261","-1"
"NpcParam","39502100","","spEffectID15","5261","-1"
"NpcParam","39503000","","spEffectID15","5261","-1"
"NpcParam","39503038","","spEffectID15","5261","-1"
"NpcParam","39503100","","spEffectID15","5261","-1"
"NpcParam","39503200","","spEffectID15","5261","-1"
"NpcParam","39504000","","spEffectID15","5261","-1"
"NpcParam","39504038","","spEffectID15","5261","-1"
"NpcParam","39509000","","spEffectID15","5261","-1"
"NpcParam","39509038","","spEffectID15","5261","-1"
"NpcParam","39509138","","spEffectID15","5261","-1"
"NpcParam","39700000","","spEffectID15","5261","-1"
"NpcParam","39700072","","spEffectID15","5261","-1"
"NpcParam","39700100","","spEffectID15","5261","-1"
"NpcParam","39700172","","spEffectID15","5261","-1"
"NpcParam","39700200","","spEffectID15","5261","-1"
"NpcParam","39700272","","spEffectID15","5261","-1"
"NpcParam","39700300","","spEffectID15","5261","-1"
"NpcParam","39700372","","spEffectID15","5261","-1"
"NpcParam","39700400","","spEffectID15","5261","-1"
"NpcParam","39700472","","spEffectID15","5261","-1"
"NpcParam","39701000","","spEffectID15","5261","-1"
"NpcParam","39701072","","spEffectID15","5261","-1"
"NpcParam","39701100","","spEffectID15","5261","-1"
"NpcParam","39701172","","spEffectID15","5261","-1"
"NpcParam","39701200","","spEffectID15","5261","-1"
"NpcParam","39701272","","spEffectID15","5261","-1"
"NpcParam","39702000","","spEffectID15","5261","-1"
"NpcParam","39702072","","spEffectID15","5261","-1"
"NpcParam","39702100","","spEffectID15","5261","-1"
"NpcParam","39702172","","spEffectID15","5261","-1"
"NpcParam","39702200","","spEffectID15","5261","-1"
"NpcParam","39702272","","spEffectID15","5261","-1"
"NpcParam","39702300","","spEffectID15","5261","-1"
"NpcParam","39702372","","spEffectID15","5261","-1"
"NpcParam","39703000","","spEffectID15","5261","-1"
"NpcParam","39703072","","spEffectID15","5261","-1"
"NpcParam","39703100","","spEffectID15","5261","-1"
"NpcParam","39703172","","spEffectID15","5261","-1"
"NpcParam","39709000","","spEffectID15","5261","-1"
"NpcParam","40000000","","spEffectID15","5261","-1"
"NpcParam","40000020","","spEffectID15","5261","-1"
"NpcParam","40000022","","spEffectID15","5261","-1"
"NpcParam","40000030","","spEffectID15","5261","-1"
"NpcParam","40000031","","spEffectID15","5261","-1"
"NpcParam","40000035","","spEffectID15","5261","-1"
"NpcParam","40000040","","spEffectID15","5261","-1"
"NpcParam","40000054","","spEffectID15","5261","-1"
"NpcParam","40000100","","spEffectID15","5261","-1"
"NpcParam","40000120","","spEffectID15","5261","-1"
"NpcParam","40000140","","spEffectID15","5261","-1"
"NpcParam","40000154","","spEffectID15","5261","-1"
"NpcParam","40001000","","spEffectID15","5261","-1"
"NpcParam","40001020","","spEffectID15","5261","-1"
"NpcParam","40001030","","spEffectID15","5261","-1"
"NpcParam","40001031","","spEffectID15","5261","-1"
"NpcParam","40001054","","spEffectID15","5261","-1"
"NpcParam","40001130","","spEffectID15","5261","-1"
"NpcParam","40200000","","spEffectID15","5262","-1"
"NpcParam","40200003","","spEffectID15","5262","-1"
"NpcParam","40200020","","spEffectID15","5262","-1"
"NpcParam","40200022","","spEffectID15","5262","-1"
"NpcParam","40200030","","spEffectID15","5262","-1"
"NpcParam","40200031","","spEffectID15","5262","-1"
"NpcParam","40200035","","spEffectID15","5262","-1"
"NpcParam","40200040","","spEffectID15","5262","-1"
"NpcParam","40200056","","spEffectID15","5262","-1"
"NpcParam","40200100","","spEffectID15","5262","-1"
"NpcParam","40200130","","spEffectID15","5262","-1"
"NpcParam","40208000","","spEffectID15","5262","-1"
"NpcParam","40208020","","spEffectID15","5262","-1"
"NpcParam","40208022","","spEffectID15","5262","-1"
"NpcParam","40208030","","spEffectID15","5262","-1"
"NpcParam","40208031","","spEffectID15","5262","-1"
"NpcParam","40208035","","spEffectID15","5262","-1"
"NpcParam","40208040","","spEffectID15","5262","-1"
"NpcParam","40208056","","spEffectID15","5262","-1"
"NpcParam","40208100","","spEffectID15","5262","-1"
"NpcParam","40208122","","spEffectID15","5262","-1"
"NpcParam","40208130","","spEffectID15","5262","-1"
"NpcParam","40208131","","spEffectID15","5262","-1"
"NpcParam","40208156","","spEffectID15","5262","-1"
"NpcParam","40208200","","spEffectID15","5262","-1"
"NpcParam","40208230","","spEffectID15","5262","-1"
"NpcParam","40208256","","spEffectID15","5262","-1"
"NpcParam","40208300","","spEffectID15","5262","-1"
"NpcParam","40208356","","spEffectID15","5262","-1"
"NpcParam","40208400","","spEffectID15","5262","-1"
"NpcParam","40208456","","spEffectID15","5262","-1"
"NpcParam","40400000","","spEffectID15","5261","-1"
"NpcParam","40400030","","spEffectID15","5261","-1"
"NpcParam","40400031","","spEffectID15","5261","-1"
"NpcParam","40400033","","spEffectID15","5261","-1"
"NpcParam","40400035","","spEffectID15","5261","-1"
"NpcParam","40400040","","spEffectID15","5261","-1"
"NpcParam","40400051","","spEffectID15","5261","-1"
"NpcParam","40401000","","spEffectID15","5261","-1"
"NpcParam","40401032","","spEffectID15","5261","-1"
"NpcParam","40401038","","spEffectID15","5261","-1"
"NpcParam","40402000","","spEffectID15","5261","-1"
"NpcParam","40402030","","spEffectID15","5261","-1"
"NpcParam","40403000","","spEffectID15","5261","-1"
"NpcParam","40403010","","spEffectID15","5261","-1"
"NpcParam","40403020","","spEffectID15","5261","-1"
"NpcParam","40403033","","spEffectID15","5261","-1"
"NpcParam","40403050","","spEffectID15","5261","-1"
"NpcParam","40403052","","spEffectID15","5261","-1"
"NpcParam","40500000","","spEffectID15","5262","-1"
"NpcParam","40500010","","spEffectID15","5262","-1"
"NpcParam","40500012","","spEffectID15","5262","-1"
"NpcParam","40500013","","spEffectID15","5262","-1"
"NpcParam","40500052","","spEffectID15","5262","-1"
"NpcParam","40500100","","spEffectID15","5262","-1"
"NpcParam","40509500","","spEffectID15","5262","-1"
"NpcParam","40700000","","spEffectID15","5261","-1"
"NpcParam","40700009","","spEffectID15","5261","-1"
"NpcParam","40700010","","spEffectID15","5261","-1"
"NpcParam","40700012","","spEffectID15","5261","-1"
"NpcParam","40700013","","spEffectID15","5261","-1"
"NpcParam","40700020","","spEffectID15","5261","-1"
"NpcParam","40700030","","spEffectID15","5261","-1"
"NpcParam","40700032","","spEffectID15","5261","-1"
"NpcParam","40700033","","spEffectID15","5261","-1"
"NpcParam","40700036","","spEffectID15","5261","-1"
"NpcParam","40700042","","spEffectID15","5261","-1"
"NpcParam","40700051","","spEffectID15","5261","-1"
"NpcParam","40700052","","spEffectID15","5261","-1"
"NpcParam","40700065","","spEffectID15","5261","-1"
"NpcParam","40700100","","spEffectID15","5261","-1"
"NpcParam","40700110","","spEffectID15","5261","-1"
"NpcParam","40700112","","spEffectID15","5261","-1"
"NpcParam","40700152","","spEffectID15","5261","-1"
"NpcParam","40700165","","spEffectID15","5261","-1"
"NpcParam","40700900","","spEffectID15","5261","-1"
"NpcParam","40701000","","spEffectID15","5261","-1"
"NpcParam","40701010","","spEffectID15","5261","-1"
"NpcParam","40701012","","spEffectID15","5261","-1"
"NpcParam","40702000","","spEffectID15","5261","-1"
"NpcParam","40702010","","spEffectID15","5261","-1"
"NpcParam","40702012","","spEffectID15","5261","-1"
"NpcParam","40709000","","spEffectID15","5261","-1"
"NpcParam","40710000","","spEffectID15","5261","-1"
"NpcParam","40710009","","spEffectID15","5261","-1"
"NpcParam","40710012","","spEffectID15","5261","-1"
"NpcParam","40710020","","spEffectID15","5261","-1"
"NpcParam","40710022","","spEffectID15","5261","-1"
"NpcParam","40710030","","spEffectID15","5261","-1"
"NpcParam","40710032","","spEffectID15","5261","-1"
"NpcParam","40710033","","spEffectID15","5261","-1"
"NpcParam","40710042","","spEffectID15","5261","-1"
"NpcParam","40710051","","spEffectID15","5261","-1"
"NpcParam","40710052","","spEffectID15","5261","-1"
"NpcParam","40710065","","spEffectID15","5261","-1"
"NpcParam","40800000","","spEffectID15","5261","-1"
"NpcParam","40800010","","spEffectID15","5261","-1"
"NpcParam","40800012","","spEffectID15","5261","-1"
"NpcParam","40800013","","spEffectID15","5261","-1"
"NpcParam","40800014","","spEffectID15","5261","-1"
"NpcParam","40800020","","spEffectID15","5261","-1"
"NpcParam","40800028","","spEffectID15","5261","-1"
"NpcParam","40800030","","spEffectID15","5261","-1"
"NpcParam","40800032","","spEffectID15","5261","-1"
"NpcParam","40800034","","spEffectID15","5261","-1"
"NpcParam","40800035","","spEffectID15","5261","-1"
"NpcParam","40800040","","spEffectID15","5261","-1"
"NpcParam","40800042","","spEffectID15","5261","-1"
"NpcParam","40800050","","spEffectID15","5261","-1"
"NpcParam","40800051","","spEffectID15","5261","-1"
"NpcParam","40800052","","spEffectID15","5261","-1"
"NpcParam","40800054","","spEffectID15","5261","-1"
"NpcParam","40800064","","spEffectID15","5261","-1"
"NpcParam","40800065","","spEffectID15","5261","-1"
"NpcParam","40800100","","spEffectID15","5261","-1"
"NpcParam","40800134","","spEffectID15","5261","-1"
"NpcParam","40800210","","spEffectID15","5261","-1"
"NpcParam","40800212","","spEffectID15","5261","-1"
"NpcParam","40800300","","spEffectID15","5261","-1"
"NpcParam","40800312","","spEffectID15","5261","-1"
"NpcParam","40800320","","spEffectID15","5261","-1"
"NpcParam","40800352","","spEffectID15","5261","-1"
"NpcParam","40900000","","spEffectID15","5261","-1"
"NpcParam","40900010","","spEffectID15","5261","-1"
"NpcParam","40900012","","spEffectID15","5261","-1"
"NpcParam","40900014","","spEffectID15","5261","-1"
"NpcParam","40900020","","spEffectID15","5261","-1"
"NpcParam","40900030","","spEffectID15","5261","-1"
"NpcParam","40900032","","spEffectID15","5261","-1"
"NpcParam","40900034","","spEffectID15","5261","-1"
"NpcParam","40900035","","spEffectID15","5261","-1"
"NpcParam","40900040","","spEffectID15","5261","-1"
"NpcParam","40900042","","spEffectID15","5261","-1"
"NpcParam","40900054","","spEffectID15","5261","-1"
"NpcParam","40900064","","spEffectID15","5261","-1"
"NpcParam","40900210","","spEffectID15","5261","-1"
"NpcParam","40900300","","spEffectID15","5261","-1"
"NpcParam","40900312","","spEffectID15","5261","-1"
"NpcParam","40900320","","spEffectID15","5261","-1"
"NpcParam","40900352","","spEffectID15","5261","-1"
"NpcParam","41000000","","spEffectID15","5261","-1"
"NpcParam","41000010","","spEffectID15","5261","-1"
"NpcParam","41000012","","spEffectID15","5261","-1"
"NpcParam","41000020","","spEffectID15","5261","-1"
"NpcParam","41000030","","spEffectID15","5261","-1"
"NpcParam","41000032","","spEffectID15","5261","-1"
"NpcParam","41000040","","spEffectID15","5261","-1"
"NpcParam","41000042","","spEffectID15","5261","-1"
"NpcParam","41000050","","spEffectID15","5261","-1"
"NpcParam","41000200","","spEffectID15","5261","-1"
"NpcParam","41000212","","spEffectID15","5261","-1"
"NpcParam","41001000","","spEffectID15","5261","-1"
"NpcParam","41001009","","spEffectID15","5261","-1"
"NpcParam","41001010","","spEffectID15","5261","-1"
"NpcParam","41001012","","spEffectID15","5261","-1"
"NpcParam","41001020","","spEffectID15","5261","-1"
"NpcParam","41001030","","spEffectID15","5261","-1"
"NpcParam","41001032","","spEffectID15","5261","-1"
"NpcParam","41001040","","spEffectID15","5261","-1"
"NpcParam","41001042","","spEffectID15","5261","-1"
"NpcParam","41001050","","spEffectID15","5261","-1"
"NpcParam","41001130","","spEffectID15","5261","-1"
"NpcParam","41001200","","spEffectID15","5261","-1"
"NpcParam","41001212","","spEffectID15","5261","-1"
"NpcParam","41002000","","spEffectID15","5261","-1"
"NpcParam","41002010","","spEffectID15","5261","-1"
"NpcParam","41002012","","spEffectID15","5261","-1"
"NpcParam","41002020","","spEffectID15","5261","-1"
"NpcParam","41002030","","spEffectID15","5261","-1"
"NpcParam","41002032","","spEffectID15","5261","-1"
"NpcParam","41002040","","spEffectID15","5261","-1"
"NpcParam","41002042","","spEffectID15","5261","-1"
"NpcParam","41002050","","spEffectID15","5261","-1"
"NpcParam","41002200","","spEffectID15","5261","-1"
"NpcParam","41002212","","spEffectID15","5261","-1"
"NpcParam","41009000","","spEffectID15","5261","-1"
"NpcParam","41009100","","spEffectID15","5261","-1"
"NpcParam","41009200","","spEffectID15","5261","-1"
"NpcParam","41010000","","spEffectID15","5261","-1"
"NpcParam","41010010","","spEffectID15","5261","-1"
"NpcParam","41010012","","spEffectID15","5261","-1"
"NpcParam","41010020","","spEffectID15","5261","-1"
"NpcParam","41010030","","spEffectID15","5261","-1"
"NpcParam","41010032","","spEffectID15","5261","-1"
"NpcParam","41010050","","spEffectID15","5261","-1"
"NpcParam","41100000","","spEffectID15","5261","-1"
"NpcParam","41100010","","spEffectID15","5261","-1"
"NpcParam","41100012","","spEffectID15","5261","-1"
"NpcParam","41100020","","spEffectID15","5261","-1"
"NpcParam","41100030","","spEffectID15","5261","-1"
"NpcParam","41100032","","spEffectID15","5261","-1"
"NpcParam","41100036","","spEffectID15","5261","-1"
"NpcParam","41100050","","spEffectID15","5261","-1"
"NpcParam","41200000","","spEffectID15","5261","-1"
"NpcParam","41200009","","spEffectID15","5261","-1"
"NpcParam","41200012","","spEffectID15","5261","-1"
"NpcParam","41200020","","spEffectID15","5261","-1"
"NpcParam","41200030","","spEffectID15","5261","-1"
"NpcParam","41200032","","spEffectID15","5261","-1"
"NpcParam","41200040","","spEffectID15","5261","-1"
"NpcParam","41200042","","spEffectID15","5261","-1"
"NpcParam","41200050","","spEffectID15","5261","-1"
"NpcParam","41200100","","spEffectID15","5261","-1"
"NpcParam","41300000","","spEffectID15","5262","-1"
"NpcParam","41300012","","spEffectID15","5262","-1"
"NpcParam","41301000","","spEffectID15","5262","-1"
"NpcParam","41400000","","spEffectID15","5261","-1"
"NpcParam","41400035","","spEffectID15","5261","-1"
"NpcParam","41400038","","spEffectID15","5261","-1"
"NpcParam","41400062","","spEffectID15","5261","-1"
"NpcParam","41401000","","spEffectID15","5261","-1"
"NpcParam","41401034","","spEffectID15","5261","-1"
"NpcParam","41402000","","spEffectID15","5261","-1"
"NpcParam","41402020","","spEffectID15","5261","-1"
"NpcParam","41402035","","spEffectID15","5261","-1"
"NpcParam","41402050","","spEffectID15","5261","-1"
"NpcParam","41402054","","spEffectID15","5261","-1"
"NpcParam","41402100","","spEffectID15","5261","-1"
"NpcParam","41403000","","spEffectID15","5261","-1"
"NpcParam","41403032","","spEffectID15","5261","-1"
"NpcParam","41403033","","spEffectID15","5261","-1"
"NpcParam","41403050","","spEffectID15","5261","-1"
"NpcParam","41403833","","spEffectID15","5261","-1"
"NpcParam","41404000","","spEffectID15","5261","-1"
"NpcParam","41404020","","spEffectID15","5261","-1"
"NpcParam","41404022","","spEffectID15","5261","-1"
"NpcParam","41404030","","spEffectID15","5261","-1"
"NpcParam","41404040","","spEffectID15","5261","-1"
"NpcParam","41404052","","spEffectID15","5261","-1"
"NpcParam","41409000","","spEffectID15","5261","-1"
"NpcParam","41500000","","spEffectID15","5261","-1"
"NpcParam","41500030","","spEffectID15","5261","-1"
"NpcParam","41500031","","spEffectID15","5261","-1"
"NpcParam","41500032","","spEffectID15","5261","-1"
"NpcParam","41500033","","spEffectID15","5261","-1"
"NpcParam","41500035","","spEffectID15","5261","-1"
"NpcParam","41500038","","spEffectID15","5261","-1"
"NpcParam","41500040","","spEffectID15","5261","-1"
"NpcParam","41500060","","spEffectID15","5261","-1"
"NpcParam","41500062","","spEffectID15","5261","-1"
"NpcParam","41500066","","spEffectID15","5261","-1"
"NpcParam","41500100","","spEffectID15","5261","-1"
"NpcParam","41500862","","spEffectID15","5261","-1"
"NpcParam","41600000","","spEffectID15","5261","-1"
"NpcParam","41600014","","spEffectID15","5261","-1"
"NpcParam","41600024","","spEffectID15","5261","-1"
"NpcParam","41600031","","spEffectID15","5261","-1"
"NpcParam","41600032","","spEffectID15","5261","-1"
"NpcParam","41600034","","spEffectID15","5261","-1"
"NpcParam","41600035","","spEffectID15","5261","-1"
"NpcParam","41601000","","spEffectID15","5261","-1"
"NpcParam","41601010","","spEffectID15","5261","-1"
"NpcParam","41601020","","spEffectID15","5261","-1"
"NpcParam","41602000","","spEffectID15","5261","-1"
"NpcParam","41602050","","spEffectID15","5261","-1"
"NpcParam","41610000","","spEffectID15","5261","-1"
"NpcParam","41610010","","spEffectID15","5261","-1"
"NpcParam","41610012","","spEffectID15","5261","-1"
"NpcParam","41610013","","spEffectID15","5261","-1"
"NpcParam","41610014","","spEffectID15","5261","-1"
"NpcParam","41610020","","spEffectID15","5261","-1"
"NpcParam","41610024","","spEffectID15","5261","-1"
"NpcParam","41610030","","spEffectID15","5261","-1"
"NpcParam","41610031","","spEffectID15","5261","-1"
"NpcParam","41610032","","spEffectID15","5261","-1"
"NpcParam","41610033","","spEffectID15","5261","-1"
"NpcParam","41610034","","spEffectID15","5261","-1"
"NpcParam","41610038","","spEffectID15","5261","-1"
"NpcParam","41610040","","spEffectID15","5261","-1"
"NpcParam","41610041","","spEffectID15","5261","-1"
"NpcParam","41610050","","spEffectID15","5261","-1"
"NpcParam","41610064","","spEffectID15","5261","-1"
"NpcParam","41610200","","spEffectID15","5261","-1"
"NpcParam","41610210","","spEffectID15","5261","-1"
"NpcParam","41610212","","spEffectID15","5261","-1"
"NpcParam","41610220","","spEffectID15","5261","-1"
"NpcParam","41610252","","spEffectID15","5261","-1"
"NpcParam","41610300","","spEffectID15","5261","-1"
"NpcParam","41610350","","spEffectID15","5261","-1"
"NpcParam","41620000","","spEffectID15","5261","-1"
"NpcParam","41620072","","spEffectID15","5261","-1"
"NpcParam","41630000","","spEffectID15","5261","-1"
"NpcParam","41630072","","spEffectID15","5261","-1"
"NpcParam","41640000","","spEffectID15","5261","-1"
"NpcParam","41640030","","spEffectID15","5261","-1"
"NpcParam","41640052","","spEffectID15","5261","-1"
"NpcParam","41640830","","spEffectID15","5261","-1"
"NpcParam","41650000","","spEffectID15","5261","-1"
"NpcParam","41650030","","spEffectID15","5261","-1"
"NpcParam","41650052","","spEffectID15","5261","-1"
"NpcParam","41650068","","spEffectID15","5261","-1"
"NpcParam","41650830","","spEffectID15","5261","-1"
"NpcParam","41660000","","spEffectID15","5261","-1"
"NpcParam","41660040","","spEffectID15","5261","-1"
"NpcParam","41660042","","spEffectID15","5261","-1"
"NpcParam","41670000","","spEffectID15","5261","-1"
"NpcParam","41670040","","spEffectID15","5261","-1"
"NpcParam","41700000","","spEffectID15","5261","-1"
"NpcParam","41700013","","spEffectID15","5261","-1"
"NpcParam","41700020","","spEffectID15","5261","-1"
"NpcParam","41700030","","spEffectID15","5261","-1"
"NpcParam","41700032","","spEffectID15","5261","-1"
"NpcParam","41700040","","spEffectID15","5261","-1"
"NpcParam","41700100","","spEffectID15","5261","-1"
"NpcParam","41700130","","spEffectID15","5261","-1"
"NpcParam","41700140","","spEffectID15","5261","-1"
"NpcParam","41700141","","spEffectID15","5261","-1"
"NpcParam","41700152","","spEffectID15","5261","-1"
"NpcParam","41700200","","spEffectID15","5261","-1"
"NpcParam","41700240","","spEffectID15","5261","-1"
"NpcParam","41700300","","spEffectID15","5261","-1"
"NpcParam","41700312","","spEffectID15","5261","-1"
"NpcParam","41700332","","spEffectID15","5261","-1"
"NpcParam","41710000","","spEffectID15","5261","-1"
"NpcParam","41710400","","spEffectID15","5261","-1"
"NpcParam","41710430","","spEffectID15","5261","-1"
"NpcParam","41710468","","spEffectID15","5261","-1"
"NpcParam","41800000","","spEffectID15","5261","-1"
"NpcParam","41800010","","spEffectID15","5261","-1"
"NpcParam","41800012","","spEffectID15","5261","-1"
"NpcParam","41800020","","spEffectID15","5261","-1"
"NpcParam","41800030","","spEffectID15","5261","-1"
"NpcParam","41800032","","spEffectID15","5261","-1"
"NpcParam","41800033","","spEffectID15","5261","-1"
"NpcParam","41800050","","spEffectID15","5261","-1"
"NpcParam","41800052","","spEffectID15","5261","-1"
"NpcParam","41800065","","spEffectID15","5261","-1"
"NpcParam","41800100","","spEffectID15","5261","-1"
"NpcParam","41800110","","spEffectID15","5261","-1"
"NpcParam","41800112","","spEffectID15","5261","-1"
"NpcParam","41800120","","spEffectID15","5261","-1"
"NpcParam","41800152","","spEffectID15","5261","-1"
"NpcParam","41800200","","spEffectID15","5261","-1"
"NpcParam","41800210","","spEffectID15","5261","-1"
"NpcParam","41800300","","spEffectID15","5261","-1"
"NpcParam","41800312","","spEffectID15","5261","-1"
"NpcParam","41800852","","spEffectID15","5261","-1"
"NpcParam","41801000","","spEffectID15","5261","-1"
"NpcParam","41801013","","spEffectID15","5261","-1"
"NpcParam","42000000","","spEffectID15","5261","-1"
"NpcParam","42000010","","spEffectID15","5261","-1"
"NpcParam","42000011","","spEffectID15","5261","-1"
"NpcParam","42000012","","spEffectID15","5261","-1"
"NpcParam","42000014","","spEffectID15","5261","-1"
"NpcParam","42000020","","spEffectID15","5261","-1"
"NpcParam","42000026","","spEffectID15","5261","-1"
"NpcParam","42000033","","spEffectID15","5261","-1"
"NpcParam","42000038","","spEffectID15","5261","-1"
"NpcParam","42000040","","spEffectID15","5261","-1"
"NpcParam","42000042","","spEffectID15","5261","-1"
"NpcParam","42000050","","spEffectID15","5261","-1"
"NpcParam","42000064","","spEffectID15","5261","-1"
"NpcParam","42000100","","spEffectID15","5261","-1"
"NpcParam","42000110","","spEffectID15","5261","-1"
"NpcParam","42000112","","spEffectID15","5261","-1"
"NpcParam","42000120","","spEffectID15","5261","-1"
"NpcParam","42000126","","spEffectID15","5261","-1"
"NpcParam","42000133","","spEffectID15","5261","-1"
"NpcParam","42000138","","spEffectID15","5261","-1"
"NpcParam","42000140","","spEffectID15","5261","-1"
"NpcParam","42000141","","spEffectID15","5261","-1"
"NpcParam","42000142","","spEffectID15","5261","-1"
"NpcParam","42000150","","spEffectID15","5261","-1"
"NpcParam","42000200","","spEffectID15","5261","-1"
"NpcParam","42000210","","spEffectID15","5261","-1"
"NpcParam","42000226","","spEffectID15","5261","-1"
"NpcParam","42000242","","spEffectID15","5261","-1"
"NpcParam","42000250","","spEffectID15","5261","-1"
"NpcParam","42001000","","spEffectID15","5261","-1"
"NpcParam","42001050","","spEffectID15","5261","-1"
"NpcParam","42001100","","spEffectID15","5261","-1"
"NpcParam","42001150","","spEffectID15","5261","-1"
"NpcParam","42001200","","spEffectID15","5261","-1"
"NpcParam","42001250","","spEffectID15","5261","-1"
"NpcParam","42010000","","spEffectID15","5261","-1"
"NpcParam","42010020","","spEffectID15","5261","-1"
"NpcParam","42010100","","spEffectID15","5261","-1"
"NpcParam","42010112","","spEffectID15","5261","-1"
"NpcParam","42010120","","spEffectID15","5261","-1"
"NpcParam","42010126","","spEffectID15","5261","-1"
"NpcParam","42010133","","spEffectID15","5261","-1"
"NpcParam","42010140","","spEffectID15","5261","-1"
"NpcParam","42010141","","spEffectID15","5261","-1"
"NpcParam","42010142","","spEffectID15","5261","-1"
"NpcParam","42011000","","spEffectID15","5261","-1"
"NpcParam","42011026","","spEffectID15","5261","-1"
"NpcParam","42011100","","spEffectID15","5261","-1"
"NpcParam","42011126","","spEffectID15","5261","-1"
"NpcParam","42011142","","spEffectID15","5261","-1"
"NpcParam","42017000","","spEffectID15","5261","-1"
"NpcParam","42017020","","spEffectID15","5261","-1"
"NpcParam","42017400","","spEffectID15","5261","-1"
"NpcParam","42017412","","spEffectID15","5261","-1"
"NpcParam","42017420","","spEffectID15","5261","-1"
"NpcParam","42017426","","spEffectID15","5261","-1"
"NpcParam","42017433","","spEffectID15","5261","-1"
"NpcParam","42017440","","spEffectID15","5261","-1"
"NpcParam","42017441","","spEffectID15","5261","-1"
"NpcParam","42017442","","spEffectID15","5261","-1"
"NpcParam","42017500","","spEffectID15","5261","-1"
"NpcParam","42017526","","spEffectID15","5261","-1"
"NpcParam","42017540","","spEffectID15","5261","-1"
"NpcParam","42017542","","spEffectID15","5261","-1"
"NpcParam","42017600","","spEffectID15","5261","-1"
"NpcParam","42017640","","spEffectID15","5261","-1"
"NpcParam","42017642","","spEffectID15","5261","-1"
"NpcParam","42017700","","spEffectID15","5261","-1"
"NpcParam","42017740","","spEffectID15","5261","-1"
"NpcParam","42017800","","spEffectID15","5261","-1"
"NpcParam","42017840","","spEffectID15","5261","-1"
"NpcParam","42018000","","spEffectID15","5261","-1"
"NpcParam","42018026","","spEffectID15","5261","-1"
"NpcParam","42018042","","spEffectID15","5261","-1"
"NpcParam","42018100","","spEffectID15","5261","-1"
"NpcParam","42018126","","spEffectID15","5261","-1"
"NpcParam","42100000","","spEffectID15","5261","-1"
"NpcParam","42100014","","spEffectID15","5261","-1"
"NpcParam","42100100","","spEffectID15","5261","-1"
"NpcParam","42100114","","spEffectID15","5261","-1"
"NpcParam","42100200","","spEffectID15","5261","-1"
"NpcParam","42100214","","spEffectID15","5261","-1"
"NpcParam","42101000","","spEffectID15","5261","-1"
"NpcParam","42101014","","spEffectID15","5261","-1"
"NpcParam","42101033","","spEffectID15","5261","-1"
"NpcParam","42101100","","spEffectID15","5261","-1"
"NpcParam","42101114","","spEffectID15","5261","-1"
"NpcParam","42101150","","spEffectID15","5261","-1"
"NpcParam","42101200","","spEffectID15","5261","-1"
"NpcParam","42101214","","spEffectID15","5261","-1"
"NpcParam","42101250","","spEffectID15","5261","-1"
"NpcParam","42102000","","spEffectID15","5261","-1"
"NpcParam","42102010","","spEffectID15","5261","-1"
"NpcParam","42102072","","spEffectID15","5261","-1"
"NpcParam","42103000","","spEffectID15","5261","-1"
"NpcParam","42103050","","spEffectID15","5261","-1"
"NpcParam","42104000","","spEffectID15","5261","-1"
"NpcParam","42104051","","spEffectID15","5261","-1"
"NpcParam","42104500","","spEffectID15","5261","-1"
"NpcParam","42104551","","spEffectID15","5261","-1"
"NpcParam","42105000","","spEffectID15","5261","-1"
"NpcParam","42105051","","spEffectID15","5261","-1"
"NpcParam","42105500","","spEffectID15","5261","-1"
"NpcParam","42200000","","spEffectID15","5262","-1"
"NpcParam","42200012","","spEffectID15","5262","-1"
"NpcParam","42200020","","spEffectID15","5262","-1"
"NpcParam","42200026","","spEffectID15","5262","-1"
"NpcParam","42200032","","spEffectID15","5262","-1"
"NpcParam","42200040","","spEffectID15","5262","-1"
"NpcParam","42200050","","spEffectID15","5262","-1"
"NpcParam","42200052","","spEffectID15","5262","-1"
"NpcParam","42200064","","spEffectID15","5262","-1"
"NpcParam","42300000","","spEffectID15","5261","-1"
"NpcParam","42300012","","spEffectID15","5261","-1"
"NpcParam","42300020","","spEffectID15","5261","-1"
"NpcParam","42300026","","spEffectID15","5261","-1"
"NpcParam","42300032","","spEffectID15","5261","-1"
"NpcParam","42300040","","spEffectID15","5261","-1"
"NpcParam","42300050","","spEffectID15","5261","-1"
"NpcParam","42300052","","spEffectID15","5261","-1"
"NpcParam","42300064","","spEffectID15","5261","-1"
"NpcParam","42300830","","spEffectID15","5261","-1"
"NpcParam","42300852","","spEffectID15","5261","-1"
"NpcParam","42400000","","spEffectID15","5261","-1"
"NpcParam","42400020","","spEffectID15","5261","-1"
"NpcParam","42400021","","spEffectID15","5261","-1"
"NpcParam","42400032","","spEffectID15","5261","-1"
"NpcParam","42400034","","spEffectID15","5261","-1"
"NpcParam","42400035","","spEffectID15","5261","-1"
"NpcParam","42400100","","spEffectID15","5261","-1"
"NpcParam","42400150","","spEffectID15","5261","-1"
"NpcParam","42400200","","spEffectID15","5261","-1"
"NpcParam","42400221","","spEffectID15","5261","-1"
"NpcParam","42405000","","spEffectID15","5261","-1"
"NpcParam","42405050","","spEffectID15","5261","-1"
"NpcParam","42405100","","spEffectID15","5261","-1"
"NpcParam","42405150","","spEffectID15","5261","-1"
"NpcParam","42405200","","spEffectID15","5261","-1"
"NpcParam","42405250","","spEffectID15","5261","-1"
"NpcParam","42405300","","spEffectID15","5261","-1"
"NpcParam","42405350","","spEffectID15","5261","-1"
"NpcParam","42405400","","spEffectID15","5261","-1"
"NpcParam","42405450","","spEffectID15","5261","-1"
"NpcParam","42405500","","spEffectID15","5261","-1"
"NpcParam","42405550","","spEffectID15","5261","-1"
"NpcParam","42405600","","spEffectID15","5261","-1"
"NpcParam","42405650","","spEffectID15","5261","-1"
"NpcParam","42405700","","spEffectID15","5261","-1"
"NpcParam","42405750","","spEffectID15","5261","-1"
"NpcParam","42405800","","spEffectID15","5261","-1"
"NpcParam","42405850","","spEffectID15","5261","-1"
"NpcParam","42406000","","spEffectID15","5261","-1"
"NpcParam","42406050","","spEffectID15","5261","-1"
"NpcParam","42406100","","spEffectID15","5261","-1"
"NpcParam","42406150","","spEffectID15","5261","-1"
"NpcParam","42406200","","spEffectID15","5261","-1"
"NpcParam","42406250","","spEffectID15","5261","-1"
"NpcParam","42406300","","spEffectID15","5261","-1"
"NpcParam","42406350","","spEffectID15","5261","-1"
"NpcParam","42406400","","spEffectID15","5261","-1"
"NpcParam","42406450","","spEffectID15","5261","-1"
"NpcParam","42407000","","spEffectID15","5261","-1"
"NpcParam","42407020","","spEffectID15","5261","-1"
"NpcParam","42407021","","spEffectID15","5261","-1"
"NpcParam","42407032","","spEffectID15","5261","-1"
"NpcParam","42407034","","spEffectID15","5261","-1"
"NpcParam","42407035","","spEffectID15","5261","-1"
"NpcParam","42407100","","spEffectID15","5261","-1"
"NpcParam","42407121","","spEffectID15","5261","-1"
"NpcParam","42407132","","spEffectID15","5261","-1"
"NpcParam","42407200","","spEffectID15","5261","-1"
"NpcParam","42407221","","spEffectID15","5261","-1"
"NpcParam","42407300","","spEffectID15","5261","-1"
"NpcParam","42407321","","spEffectID15","5261","-1"
"NpcParam","42407400","","spEffectID15","5261","-1"
"NpcParam","42407421","","spEffectID15","5261","-1"
"NpcParam","42407500","","spEffectID15","5261","-1"
"NpcParam","42407521","","spEffectID15","5261","-1"
"NpcParam","42407600","","spEffectID15","5261","-1"
"NpcParam","42407621","","spEffectID15","5261","-1"
"NpcParam","42407700","","spEffectID15","5261","-1"
"NpcParam","42407721","","spEffectID15","5261","-1"
"NpcParam","42407800","","spEffectID15","5261","-1"
"NpcParam","42407821","","spEffectID15","5261","-1"
"NpcParam","42408000","","spEffectID15","5261","-1"
"NpcParam","42408021","","spEffectID15","5261","-1"
"NpcParam","42408100","","spEffectID15","5261","-1"
"NpcParam","42408121","","spEffectID15","5261","-1"
"NpcParam","42408200","","spEffectID15","5261","-1"
"NpcParam","42408221","","spEffectID15","5261","-1"
"NpcParam","42408300","","spEffectID15","5261","-1"
"NpcParam","42408321","","spEffectID15","5261","-1"
"NpcParam","42408400","","spEffectID15","5261","-1"
"NpcParam","42408421","","spEffectID15","5261","-1"
"NpcParam","42408500","","spEffectID15","5261","-1"
"NpcParam","42408521","","spEffectID15","5261","-1"
"NpcParam","42408800","","spEffectID15","5261","-1"
"NpcParam","42408821","","spEffectID15","5261","-1"
"NpcParam","42410000","","spEffectID15","5262","-1"
"NpcParam","42410100","","spEffectID15","5262","-1"
"NpcParam","42410150","","spEffectID15","5262","-1"
"NpcParam","42500000","","spEffectID15","5261","-1"
"NpcParam","42500020","","spEffectID15","5261","-1"
"NpcParam","42500021","","spEffectID15","5261","-1"
"NpcParam","42500028","","spEffectID15","5261","-1"
"NpcParam","42500032","","spEffectID15","5261","-1"
"NpcParam","42500034","","spEffectID15","5261","-1"
"NpcParam","42500035","","spEffectID15","5261","-1"
"NpcParam","42500100","","spEffectID15","5261","-1"
"NpcParam","42500150","","spEffectID15","5261","-1"
"NpcParam","42700000","","spEffectID15","5262","-1"
"NpcParam","42700020","","spEffectID15","5262","-1"
"NpcParam","42700030","","spEffectID15","5262","-1"
"NpcParam","42700034","","spEffectID15","5262","-1"
"NpcParam","42700040","","spEffectID15","5262","-1"
"NpcParam","42700041","","spEffectID15","5262","-1"
"NpcParam","42701000","","spEffectID15","5262","-1"
"NpcParam","42701051","","spEffectID15","5262","-1"
"NpcParam","42800000","","spEffectID15","5261","-1"
"NpcParam","42800054","","spEffectID15","5261","-1"
"NpcParam","42800056","","spEffectID15","5261","-1"
"NpcParam","42800060","","spEffectID15","5261","-1"
"NpcParam","42800062","","spEffectID15","5261","-1"
"NpcParam","42800066","","spEffectID15","5261","-1"
"NpcParam","42800100","","spEffectID15","5261","-1"
"NpcParam","42800160","","spEffectID15","5261","-1"
"NpcParam","42800166","","spEffectID15","5261","-1"
"NpcParam","42800200","","spEffectID15","5261","-1"
"NpcParam","42800260","","spEffectID15","5261","-1"
"NpcParam","42800300","","spEffectID15","5261","-1"
"NpcParam","42800354","","spEffectID15","5261","-1"
"NpcParam","42800360","","spEffectID15","5261","-1"
"NpcParam","42800362","","spEffectID15","5261","-1"
"NpcParam","42800366","","spEffectID15","5261","-1"
"NpcParam","42800400","","spEffectID15","5261","-1"
"NpcParam","42800462","","spEffectID15","5261","-1"
"NpcParam","42800466","","spEffectID15","5261","-1"
"NpcParam","42800500","","spEffectID15","5261","-1"
"NpcParam","42800562","","spEffectID15","5261","-1"
"NpcParam","42800566","","spEffectID15","5261","-1"
"NpcParam","42800862","","spEffectID15","5261","-1"
"NpcParam","42801100","","spEffectID15","5261","-1"
"NpcParam","42801162","","spEffectID15","5261","-1"
"NpcParam","42810000","","spEffectID15","5261","-1"
"NpcParam","42810060","","spEffectID15","5261","-1"
"NpcParam","42810062","","spEffectID15","5261","-1"
"NpcParam","42810066","","spEffectID15","5261","-1"
"NpcParam","42900000","","spEffectID15","5262","-1"
"NpcParam","42900020","","spEffectID15","5262","-1"
"NpcParam","42900032","","spEffectID15","5262","-1"
"NpcParam","42900038","","spEffectID15","5262","-1"
"NpcParam","42900040","","spEffectID15","5262","-1"
"NpcParam","42900100","","spEffectID15","5262","-1"
"NpcParam","42900132","","spEffectID15","5262","-1"
"NpcParam","42900138","","spEffectID15","5262","-1"
"NpcParam","42900220","","spEffectID15","5262","-1"
"NpcParam","42901000","","spEffectID15","5262","-1"
"NpcParam","43000000","","spEffectID15","5261","-1"
"NpcParam","43000010","","spEffectID15","5261","-1"
"NpcParam","43000012","","spEffectID15","5261","-1"
"NpcParam","43000020","","spEffectID15","5261","-1"
"NpcParam","43000024","","spEffectID15","5261","-1"
"NpcParam","43000030","","spEffectID15","5261","-1"
"NpcParam","43000032","","spEffectID15","5261","-1"
"NpcParam","43000033","","spEffectID15","5261","-1"
"NpcParam","43000040","","spEffectID15","5261","-1"
"NpcParam","43000052","","spEffectID15","5261","-1"
"NpcParam","43000100","","spEffectID15","5261","-1"
"NpcParam","43000110","","spEffectID15","5261","-1"
"NpcParam","43000112","","spEffectID15","5261","-1"
"NpcParam","43000130","","spEffectID15","5261","-1"
"NpcParam","43000131","","spEffectID15","5261","-1"
"NpcParam","43000133","","spEffectID15","5261","-1"
"NpcParam","43000140","","spEffectID15","5261","-1"
"NpcParam","43000152","","spEffectID15","5261","-1"
"NpcParam","43000200","","spEffectID15","5261","-1"
"NpcParam","43000210","","spEffectID15","5261","-1"
"NpcParam","43000212","","spEffectID15","5261","-1"
"NpcParam","43000230","","spEffectID15","5261","-1"
"NpcParam","43000233","","spEffectID15","5261","-1"
"NpcParam","43000240","","spEffectID15","5261","-1"
"NpcParam","43000252","","spEffectID15","5261","-1"
"NpcParam","43000300","","spEffectID15","5261","-1"
"NpcParam","43000320","","spEffectID15","5261","-1"
"NpcParam","43000410","","spEffectID15","5261","-1"
"NpcParam","43000600","","spEffectID15","5261","-1"
"NpcParam","43000800","","spEffectID15","5261","-1"
"NpcParam","43000900","","spEffectID15","5261","-1"
"NpcParam","43001000","","spEffectID15","5261","-1"
"NpcParam","43001010","","spEffectID15","5261","-1"
"NpcParam","43001012","","spEffectID15","5261","-1"
"NpcParam","43001020","","spEffectID15","5261","-1"
"NpcParam","43001021","","spEffectID15","5261","-1"
"NpcParam","43001024","","spEffectID15","5261","-1"
"NpcParam","43001030","","spEffectID15","5261","-1"
"NpcParam","43001031","","spEffectID15","5261","-1"
"NpcParam","43001032","","spEffectID15","5261","-1"
"NpcParam","43001033","","spEffectID15","5261","-1"
"NpcParam","43001040","","spEffectID15","5261","-1"
"NpcParam","43001052","","spEffectID15","5261","-1"
"NpcParam","43001100","","spEffectID15","5261","-1"
"NpcParam","43001120","","spEffectID15","5261","-1"
"NpcParam","43001128","","spEffectID15","5261","-1"
"NpcParam","43001200","","spEffectID15","5261","-1"
"NpcParam","43001230","","spEffectID15","5261","-1"
"NpcParam","43001240","","spEffectID15","5261","-1"
"NpcParam","43001528","","spEffectID15","5261","-1"
"NpcParam","43001800","","spEffectID15","5261","-1"
"NpcParam","43001900","","spEffectID15","5261","-1"
"NpcParam","43002000","","spEffectID15","5261","-1"
"NpcParam","43002009","","spEffectID15","5261","-1"
"NpcParam","43002010","","spEffectID15","5261","-1"
"NpcParam","43002012","","spEffectID15","5261","-1"
"NpcParam","43002020","","spEffectID15","5261","-1"
"NpcParam","43002021","","spEffectID15","5261","-1"
"NpcParam","43002024","","spEffectID15","5261","-1"
"NpcParam","43002030","","spEffectID15","5261","-1"
"NpcParam","43002031","","spEffectID15","5261","-1"
"NpcParam","43002032","","spEffectID15","5261","-1"
"NpcParam","43002033","","spEffectID15","5261","-1"
"NpcParam","43002040","","spEffectID15","5261","-1"
"NpcParam","43002052","","spEffectID15","5261","-1"
"NpcParam","43002110","","spEffectID15","5261","-1"
"NpcParam","43002140","","spEffectID15","5261","-1"
"NpcParam","43002200","","spEffectID15","5261","-1"
"NpcParam","43002220","","spEffectID15","5261","-1"
"NpcParam","43002228","","spEffectID15","5261","-1"
"NpcParam","43002300","","spEffectID15","5261","-1"
"NpcParam","43002320","","spEffectID15","5261","-1"
"NpcParam","43002322","","spEffectID15","5261","-1"
"NpcParam","43002400","","spEffectID15","5261","-1"
"NpcParam","43002410","","spEffectID15","5261","-1"
"NpcParam","43002800","","spEffectID15","5261","-1"
"NpcParam","43002900","","spEffectID15","5261","-1"
"NpcParam","43003000","","spEffectID15","5261","-1"
"NpcParam","43003010","","spEffectID15","5261","-1"
"NpcParam","43003012","","spEffectID15","5261","-1"
"NpcParam","43003020","","spEffectID15","5261","-1"
"NpcParam","43003030","","spEffectID15","5261","-1"
"NpcParam","43003032","","spEffectID15","5261","-1"
"NpcParam","43003033","","spEffectID15","5261","-1"
"NpcParam","43003040","","spEffectID15","5261","-1"
"NpcParam","43003052","","spEffectID15","5261","-1"
"NpcParam","43003800","","spEffectID15","5261","-1"
"NpcParam","43003900","","spEffectID15","5261","-1"
"NpcParam","43004000","","spEffectID15","5261","-1"
"NpcParam","43004030","","spEffectID15","5261","-1"
"NpcParam","43004033","","spEffectID15","5261","-1"
"NpcParam","43004052","","spEffectID15","5261","-1"
"NpcParam","43004100","","spEffectID15","5261","-1"
"NpcParam","43004130","","spEffectID15","5261","-1"
"NpcParam","43004152","","spEffectID15","5261","-1"
"NpcParam","43004800","","spEffectID15","5261","-1"
"NpcParam","43004900","","spEffectID15","5261","-1"
"NpcParam","43005000","","spEffectID15","5261","-1"
"NpcParam","43005010","","spEffectID15","5261","-1"
"NpcParam","43005012","","spEffectID15","5261","-1"
"NpcParam","43005020","","spEffectID15","5261","-1"
"NpcParam","43005024","","spEffectID15","5261","-1"
"NpcParam","43005030","","spEffectID15","5261","-1"
"NpcParam","43005032","","spEffectID15","5261","-1"
"NpcParam","43005033","","spEffectID15","5261","-1"
"NpcParam","43005040","","spEffectID15","5261","-1"
"NpcParam","43005052","","spEffectID15","5261","-1"
"NpcParam","43005100","","spEffectID15","5261","-1"
"NpcParam","43005110","","spEffectID15","5261","-1"
"NpcParam","43005112","","spEffectID15","5261","-1"
"NpcParam","43005130","","spEffectID15","5261","-1"
"NpcParam","43005133","","spEffectID15","5261","-1"
"NpcParam","43005152","","spEffectID15","5261","-1"
"NpcParam","43005200","","spEffectID15","5261","-1"
"NpcParam","43005210","","spEffectID15","5261","-1"
"NpcParam","43005212","","spEffectID15","5261","-1"
"NpcParam","43005230","","spEffectID15","5261","-1"
"NpcParam","43005233","","spEffectID15","5261","-1"
"NpcParam","43005252","","spEffectID15","5261","-1"
"NpcParam","43006000","","spEffectID15","5261","-1"
"NpcParam","43006010","","spEffectID15","5261","-1"
"NpcParam","43006012","","spEffectID15","5261","-1"
"NpcParam","43006024","","spEffectID15","5261","-1"
"NpcParam","43006030","","spEffectID15","5261","-1"
"NpcParam","43006032","","spEffectID15","5261","-1"
"NpcParam","43006033","","spEffectID15","5261","-1"
"NpcParam","43006052","","spEffectID15","5261","-1"
"NpcParam","43006100","","spEffectID15","5261","-1"
"NpcParam","43006110","","spEffectID15","5261","-1"
"NpcParam","43006112","","spEffectID15","5261","-1"
"NpcParam","43006130","","spEffectID15","5261","-1"
"NpcParam","43006133","","spEffectID15","5261","-1"
"NpcParam","43006152","","spEffectID15","5261","-1"
"NpcParam","43006200","","spEffectID15","5261","-1"
"NpcParam","43006210","","spEffectID15","5261","-1"
"NpcParam","43006212","","spEffectID15","5261","-1"
"NpcParam","43006230","","spEffectID15","5261","-1"
"NpcParam","43006233","","spEffectID15","5261","-1"
"NpcParam","43006252","","spEffectID15","5261","-1"
"NpcParam","43006300","","spEffectID15","5261","-1"
"NpcParam","43006352","","spEffectID15","5261","-1"
"NpcParam","43006600","","spEffectID15","5261","-1"
"NpcParam","43006630","","spEffectID15","5261","-1"
"NpcParam","43006633","","spEffectID15","5261","-1"
"NpcParam","43006638","","spEffectID15","5261","-1"
"NpcParam","43006700","","spEffectID15","5261","-1"
"NpcParam","43006738","","spEffectID15","5261","-1"
"NpcParam","43006800","","spEffectID15","5261","-1"
"NpcParam","43006838","","spEffectID15","5261","-1"
"NpcParam","43110000","","spEffectID15","5261","-1"
"NpcParam","43110009","","spEffectID15","5261","-1"
"NpcParam","43110010","","spEffectID15","5261","-1"
"NpcParam","43110012","","spEffectID15","5261","-1"
"NpcParam","43110013","","spEffectID15","5261","-1"
"NpcParam","43110912","","spEffectID15","5261","-1"
"NpcParam","43110914","","spEffectID15","5261","-1"
"NpcParam","43111100","","spEffectID15","5261","-1"
"NpcParam","43111110","","spEffectID15","5261","-1"
"NpcParam","43111112","","spEffectID15","5261","-1"
"NpcParam","43111140","","spEffectID15","5261","-1"
"NpcParam","43111200","","spEffectID15","5261","-1"
"NpcParam","43111210","","spEffectID15","5261","-1"
"NpcParam","43111212","","spEffectID15","5261","-1"
"NpcParam","43111300","","spEffectID15","5261","-1"
"NpcParam","43111310","","spEffectID15","5261","-1"
"NpcParam","43111312","","spEffectID15","5261","-1"
"NpcParam","43111313","","spEffectID15","5261","-1"
"NpcParam","43111400","","spEffectID15","5261","-1"
"NpcParam","43111410","","spEffectID15","5261","-1"
"NpcParam","43111412","","spEffectID15","5261","-1"
"NpcParam","43112000","","spEffectID15","5261","-1"
"NpcParam","43112010","","spEffectID15","5261","-1"
"NpcParam","43112012","","spEffectID15","5261","-1"
"NpcParam","43112100","","spEffectID15","5261","-1"
"NpcParam","43112110","","spEffectID15","5261","-1"
"NpcParam","43112112","","spEffectID15","5261","-1"
"NpcParam","43112200","","spEffectID15","5261","-1"
"NpcParam","43112210","","spEffectID15","5261","-1"
"NpcParam","43112212","","spEffectID15","5261","-1"
"NpcParam","43112300","","spEffectID15","5261","-1"
"NpcParam","43112400","","spEffectID15","5261","-1"
"NpcParam","43112410","","spEffectID15","5261","-1"
"NpcParam","43112412","","spEffectID15","5261","-1"
"NpcParam","43113000","","spEffectID15","5261","-1"
"NpcParam","43113010","","spEffectID15","5261","-1"
"NpcParam","43113012","","spEffectID15","5261","-1"
"NpcParam","43113040","","spEffectID15","5261","-1"
"NpcParam","43114000","","spEffectID15","5261","-1"
"NpcParam","43114010","","spEffectID15","5261","-1"
"NpcParam","43114012","","spEffectID15","5261","-1"
"NpcParam","43114013","","spEffectID15","5261","-1"
"NpcParam","43114090","","spEffectID15","5261","-1"
"NpcParam","43120000","","spEffectID15","5261","-1"
"NpcParam","43120020","","spEffectID15","5261","-1"
"NpcParam","43120021","","spEffectID15","5261","-1"
"NpcParam","43120028","","spEffectID15","5261","-1"
"NpcParam","43120100","","spEffectID15","5261","-1"
"NpcParam","43120120","","spEffectID15","5261","-1"
"NpcParam","43120200","","spEffectID15","5261","-1"
"NpcParam","43120300","","spEffectID15","5261","-1"
"NpcParam","43120320","","spEffectID15","5261","-1"
"NpcParam","43120321","","spEffectID15","5261","-1"
"NpcParam","43121000","","spEffectID15","5261","-1"
"NpcParam","43121020","","spEffectID15","5261","-1"
"NpcParam","43121021","","spEffectID15","5261","-1"
"NpcParam","43121100","","spEffectID15","5261","-1"
"NpcParam","43121120","","spEffectID15","5261","-1"
"NpcParam","43121200","","spEffectID15","5261","-1"
"NpcParam","43121300","","spEffectID15","5261","-1"
"NpcParam","43121320","","spEffectID15","5261","-1"
"NpcParam","43121321","","spEffectID15","5261","-1"
"NpcParam","43121820","","spEffectID15","5261","-1"
"NpcParam","43122000","","spEffectID15","5261","-1"
"NpcParam","43122020","","spEffectID15","5261","-1"
"NpcParam","43122021","","spEffectID15","5261","-1"
"NpcParam","43123000","","spEffectID15","5261","-1"
"NpcParam","43123020","","spEffectID15","5261","-1"
"NpcParam","43123021","","spEffectID15","5261","-1"
"NpcParam","43123028","","spEffectID15","5261","-1"
"NpcParam","43130000","","spEffectID15","5261","-1"
"NpcParam","43130030","","spEffectID15","5261","-1"
"NpcParam","43130032","","spEffectID15","5261","-1"
"NpcParam","43130034","","spEffectID15","5261","-1"
"NpcParam","43130035","","spEffectID15","5261","-1"
"NpcParam","43130100","","spEffectID15","5261","-1"
"NpcParam","43130130","","spEffectID15","5261","-1"
"NpcParam","43130132","","spEffectID15","5261","-1"
"NpcParam","43130134","","spEffectID15","5261","-1"
"NpcParam","43130150","","spEffectID15","5261","-1"
"NpcParam","43130200","","spEffectID15","5261","-1"
"NpcParam","43130230","","spEffectID15","5261","-1"
"NpcParam","43130232","","spEffectID15","5261","-1"
"NpcParam","43130234","","spEffectID15","5261","-1"
"NpcParam","43130300","","spEffectID15","5261","-1"
"NpcParam","43130330","","spEffectID15","5261","-1"
"NpcParam","43130332","","spEffectID15","5261","-1"
"NpcParam","43130334","","spEffectID15","5261","-1"
"NpcParam","43130335","","spEffectID15","5261","-1"
"NpcParam","43131000","","spEffectID15","5261","-1"
"NpcParam","43131030","","spEffectID15","5261","-1"
"NpcParam","43131032","","spEffectID15","5261","-1"
"NpcParam","43131034","","spEffectID15","5261","-1"
"NpcParam","43131100","","spEffectID15","5261","-1"
"NpcParam","43131130","","spEffectID15","5261","-1"
"NpcParam","43131132","","spEffectID15","5261","-1"
"NpcParam","43131200","","spEffectID15","5261","-1"
"NpcParam","43131300","","spEffectID15","5261","-1"
"NpcParam","43131330","","spEffectID15","5261","-1"
"NpcParam","43132000","","spEffectID15","5261","-1"
"NpcParam","43132030","","spEffectID15","5261","-1"
"NpcParam","43132032","","spEffectID15","5261","-1"
"NpcParam","43132034","","spEffectID15","5261","-1"
"NpcParam","43133000","","spEffectID15","5261","-1"
"NpcParam","43133030","","spEffectID15","5261","-1"
"NpcParam","43133032","","spEffectID15","5261","-1"
"NpcParam","43133034","","spEffectID15","5261","-1"
"NpcParam","43133035","","spEffectID15","5261","-1"
"NpcParam","43134032","","spEffectID15","5261","-1"
"NpcParam","43134132","","spEffectID15","5261","-1"
"NpcParam","43134232","","spEffectID15","5261","-1"
"NpcParam","43134332","","spEffectID15","5261","-1"
"NpcParam","43135032","","spEffectID15","5261","-1"
"NpcParam","43135132","","spEffectID15","5261","-1"
"NpcParam","43136032","","spEffectID15","5261","-1"
"NpcParam","43137032","","spEffectID15","5261","-1"
"NpcParam","43140000","","spEffectID15","5261","-1"
"NpcParam","43140040","","spEffectID15","5261","-1"
"NpcParam","43140041","","spEffectID15","5261","-1"
"NpcParam","43140042","","spEffectID15","5261","-1"
"NpcParam","43140100","","spEffectID15","5261","-1"
"NpcParam","43140140","","spEffectID15","5261","-1"
"NpcParam","43140200","","spEffectID15","5261","-1"
"NpcParam","43140240","","spEffectID15","5261","-1"
"NpcParam","43140242","","spEffectID15","5261","-1"
"NpcParam","43140300","","spEffectID15","5261","-1"
"NpcParam","43140340","","spEffectID15","5261","-1"
"NpcParam","43140341","","spEffectID15","5261","-1"
"NpcParam","43140342","","spEffectID15","5261","-1"
"NpcParam","43140440","","spEffectID15","5261","-1"
"NpcParam","43140500","","spEffectID15","5261","-1"
"NpcParam","43140542","","spEffectID15","5261","-1"
"NpcParam","43140642","","spEffectID15","5261","-1"
"NpcParam","43141000","","spEffectID15","5261","-1"
"NpcParam","43141040","","spEffectID15","5261","-1"
"NpcParam","43141042","","spEffectID15","5261","-1"
"NpcParam","43141100","","spEffectID15","5261","-1"
"NpcParam","43141140","","spEffectID15","5261","-1"
"NpcParam","43141141","","spEffectID15","5261","-1"
"NpcParam","43141200","","spEffectID15","5261","-1"
"NpcParam","43141300","","spEffectID15","5261","-1"
"NpcParam","43141340","","spEffectID15","5261","-1"
"NpcParam","43141342","","spEffectID15","5261","-1"
"NpcParam","43141400","","spEffectID15","5261","-1"
"NpcParam","43141442","","spEffectID15","5261","-1"
"NpcParam","43142000","","spEffectID15","5261","-1"
"NpcParam","43142040","","spEffectID15","5261","-1"
"NpcParam","43142042","","spEffectID15","5261","-1"
"NpcParam","43142100","","spEffectID15","5261","-1"
"NpcParam","43142142","","spEffectID15","5261","-1"
"NpcParam","43142242","","spEffectID15","5261","-1"
"NpcParam","43143000","","spEffectID15","5261","-1"
"NpcParam","43143040","","spEffectID15","5261","-1"
"NpcParam","43143041","","spEffectID15","5261","-1"
"NpcParam","43143042","","spEffectID15","5261","-1"
"NpcParam","43143100","","spEffectID15","5261","-1"
"NpcParam","43143142","","spEffectID15","5261","-1"
"NpcParam","43143242","","spEffectID15","5261","-1"
"NpcParam","43160000","","spEffectID15","5261","-1"
"NpcParam","43160056","","spEffectID15","5261","-1"
"NpcParam","43160100","","spEffectID15","5261","-1"
"NpcParam","43160156","","spEffectID15","5261","-1"
"NpcParam","43160200","","spEffectID15","5261","-1"
"NpcParam","43160256","","spEffectID15","5261","-1"
"NpcParam","43160300","","spEffectID15","5261","-1"
"NpcParam","43160356","","spEffectID15","5261","-1"
"NpcParam","43160556","","spEffectID15","5261","-1"
"NpcParam","43160656","","spEffectID15","5261","-1"
"NpcParam","43160756","","spEffectID15","5261","-1"
"NpcParam","43160856","","spEffectID15","5261","-1"
"NpcParam","43161000","","spEffectID15","5261","-1"
"NpcParam","43161056","","spEffectID15","5261","-1"
"NpcParam","43161100","","spEffectID15","5261","-1"
"NpcParam","43161156","","spEffectID15","5261","-1"
"NpcParam","43161200","","spEffectID15","5261","-1"
"NpcParam","43161256","","spEffectID15","5261","-1"
"NpcParam","43161300","","spEffectID15","5261","-1"
"NpcParam","43161356","","spEffectID15","5261","-1"
"NpcParam","43161556","","spEffectID15","5261","-1"
"NpcParam","43161656","","spEffectID15","5261","-1"
"NpcParam","43161756","","spEffectID15","5261","-1"
"NpcParam","43161856","","spEffectID15","5261","-1"
"NpcParam","43162000","","spEffectID15","5261","-1"
"NpcParam","43162056","","spEffectID15","5261","-1"
"NpcParam","43162556","","spEffectID15","5261","-1"
"NpcParam","43163000","","spEffectID15","5261","-1"
"NpcParam","43163056","","spEffectID15","5261","-1"
"NpcParam","43163556","","spEffectID15","5261","-1"
"NpcParam","43210000","","spEffectID15","5261","-1"
"NpcParam","43210012","","spEffectID15","5261","-1"
"NpcParam","43210020","","spEffectID15","5261","-1"
"NpcParam","43210026","","spEffectID15","5261","-1"
"NpcParam","43210030","","spEffectID15","5261","-1"
"NpcParam","43210033","","spEffectID15","5261","-1"
"NpcParam","43210040","","spEffectID15","5261","-1"
"NpcParam","43210100","","spEffectID15","5261","-1"
"NpcParam","43210142","","spEffectID15","5261","-1"
"NpcParam","43210150","","spEffectID15","5261","-1"
"NpcParam","43210152","","spEffectID15","5261","-1"
"NpcParam","43211000","","spEffectID15","5261","-1"
"NpcParam","43211012","","spEffectID15","5261","-1"
"NpcParam","43211020","","spEffectID15","5261","-1"
"NpcParam","43211026","","spEffectID15","5261","-1"
"NpcParam","43211030","","spEffectID15","5261","-1"
"NpcParam","43211040","","spEffectID15","5261","-1"
"NpcParam","43211100","","spEffectID15","5261","-1"
"NpcParam","43211142","","spEffectID15","5261","-1"
"NpcParam","43211150","","spEffectID15","5261","-1"
"NpcParam","43211152","","spEffectID15","5261","-1"
"NpcParam","43212000","","spEffectID15","5261","-1"
"NpcParam","43212012","","spEffectID15","5261","-1"
"NpcParam","43212020","","spEffectID15","5261","-1"
"NpcParam","43212026","","spEffectID15","5261","-1"
"NpcParam","43212030","","spEffectID15","5261","-1"
"NpcParam","43212033","","spEffectID15","5261","-1"
"NpcParam","43212040","","spEffectID15","5261","-1"
"NpcParam","43212100","","spEffectID15","5261","-1"
"NpcParam","43212142","","spEffectID15","5261","-1"
"NpcParam","43212150","","spEffectID15","5261","-1"
"NpcParam","43212152","","spEffectID15","5261","-1"
"NpcParam","43400000","","spEffectID15","5262","-1"
"NpcParam","43400020","","spEffectID15","5262","-1"
"NpcParam","43400030","","spEffectID15","5262","-1"
"NpcParam","43400032","","spEffectID15","5262","-1"
"NpcParam","43400040","","spEffectID15","5262","-1"
"NpcParam","43400100","","spEffectID15","5262","-1"
"NpcParam","43400200","","spEffectID15","5262","-1"
"NpcParam","43400300","","spEffectID15","5262","-1"
"NpcParam","43400400","","spEffectID15","5262","-1"
"NpcParam","43400430","","spEffectID15","5262","-1"
"NpcParam","43400500","","spEffectID15","5262","-1"
"NpcParam","43401000","","spEffectID15","5262","-1"
"NpcParam","43401013","","spEffectID15","5262","-1"
"NpcParam","43401024","","spEffectID15","5262","-1"
"NpcParam","43401030","","spEffectID15","5262","-1"
"NpcParam","43401032","","spEffectID15","5262","-1"
"NpcParam","43401040","","spEffectID15","5262","-1"
"NpcParam","43401041","","spEffectID15","5262","-1"
"NpcParam","43401100","","spEffectID15","5262","-1"
"NpcParam","43401130","","spEffectID15","5262","-1"
"NpcParam","43410000","","spEffectID15","5262","-1"
"NpcParam","43411000","","spEffectID15","5262","-1"
"NpcParam","43510000","","spEffectID15","5262","-1"
"NpcParam","43510010","","spEffectID15","5262","-1"
"NpcParam","43510100","","spEffectID15","5262","-1"
"NpcParam","43510110","","spEffectID15","5262","-1"
"NpcParam","43511000","","spEffectID15","5262","-1"
"NpcParam","43511010","","spEffectID15","5262","-1"
"NpcParam","43511100","","spEffectID15","5262","-1"
"NpcParam","43511110","","spEffectID15","5262","-1"
"NpcParam","43511112","","spEffectID15","5262","-1"
"NpcParam","43512000","","spEffectID15","5262","-1"
"NpcParam","43520000","","spEffectID15","5262","-1"
"NpcParam","43520020","","spEffectID15","5262","-1"
"NpcParam","43521000","","spEffectID15","5262","-1"
"NpcParam","43521100","","spEffectID15","5262","-1"
"NpcParam","43521120","","spEffectID15","5262","-1"
"NpcParam","43522000","","spEffectID15","5262","-1"
"NpcParam","43530000","","spEffectID15","5262","-1"
"NpcParam","43530020","","spEffectID15","5262","-1"
"NpcParam","43530030","","spEffectID15","5262","-1"
"NpcParam","43530032","","spEffectID15","5262","-1"
"NpcParam","43530034","","spEffectID15","5262","-1"
"NpcParam","43530035","","spEffectID15","5262","-1"
"NpcParam","43530036","","spEffectID15","5262","-1"
"NpcParam","43530100","","spEffectID15","5262","-1"
"NpcParam","43530132","","spEffectID15","5262","-1"
"NpcParam","43530500","","spEffectID15","5262","-1"
"NpcParam","43530534","","spEffectID15","5262","-1"
"NpcParam","43531000","","spEffectID15","5262","-1"
"NpcParam","43531030","","spEffectID15","5262","-1"
"NpcParam","43531032","","spEffectID15","5262","-1"
"NpcParam","43531034","","spEffectID15","5262","-1"
"NpcParam","43531036","","spEffectID15","5262","-1"
"NpcParam","43531100","","spEffectID15","5262","-1"
"NpcParam","43531130","","spEffectID15","5262","-1"
"NpcParam","43531132","","spEffectID15","5262","-1"
"NpcParam","43531136","","spEffectID15","5262","-1"
"NpcParam","43531150","","spEffectID15","5262","-1"
"NpcParam","43531200","","spEffectID15","5262","-1"
"NpcParam","43531232","","spEffectID15","5262","-1"
"NpcParam","43531234","","spEffectID15","5262","-1"
"NpcParam","43531300","","spEffectID15","5262","-1"
"NpcParam","43531500","","spEffectID15","5262","-1"
"NpcParam","43531534","","spEffectID15","5262","-1"
"NpcParam","43532000","","spEffectID15","5262","-1"
"NpcParam","43532030","","spEffectID15","5262","-1"
"NpcParam","43532034","","spEffectID15","5262","-1"
"NpcParam","43532050","","spEffectID15","5262","-1"
"NpcParam","43532100","","spEffectID15","5262","-1"
"NpcParam","43540000","","spEffectID15","5262","-1"
"NpcParam","43540040","","spEffectID15","5262","-1"
"NpcParam","43540041","","spEffectID15","5262","-1"
"NpcParam","43540042","","spEffectID15","5262","-1"
"NpcParam","43540200","","spEffectID15","5262","-1"
"NpcParam","43540242","","spEffectID15","5262","-1"
"NpcParam","43540342","","spEffectID15","5262","-1"
"NpcParam","43541000","","spEffectID15","5262","-1"
"NpcParam","43541040","","spEffectID15","5262","-1"
"NpcParam","43541041","","spEffectID15","5262","-1"
"NpcParam","43541042","","spEffectID15","5262","-1"
"NpcParam","43541100","","spEffectID15","5262","-1"
"NpcParam","43541140","","spEffectID15","5262","-1"
"NpcParam","43541200","","spEffectID15","5262","-1"
"NpcParam","43541242","","spEffectID15","5262","-1"
"NpcParam","43542000","","spEffectID15","5262","-1"
"NpcParam","43542040","","spEffectID15","5262","-1"
"NpcParam","43542042","","spEffectID15","5262","-1"
"NpcParam","43542200","","spEffectID15","5262","-1"
"NpcParam","43542242","","spEffectID15","5262","-1"
"NpcParam","43560000","","spEffectID15","5262","-1"
"NpcParam","43560034","","spEffectID15","5262","-1"
"NpcParam","43560056","","spEffectID15","5262","-1"
"NpcParam","43560556","","spEffectID15","5262","-1"
"NpcParam","43561000","","spEffectID15","5262","-1"
"NpcParam","43561056","","spEffectID15","5262","-1"
"NpcParam","43561556","","spEffectID15","5262","-1"
"NpcParam","43562000","","spEffectID15","5262","-1"
"NpcParam","43562056","","spEffectID15","5262","-1"
"NpcParam","43562556","","spEffectID15","5262","-1"
"NpcParam","43580000","","spEffectID15","5262","-1"
"NpcParam","43581000","","spEffectID15","5262","-1"
"NpcParam","43581100","","spEffectID15","5262","-1"
"NpcParam","43582000","","spEffectID15","5262","-1"
"NpcParam","43710000","","spEffectID15","5261","-1"
"NpcParam","43710010","","spEffectID15","5261","-1"
"NpcParam","43710012","","spEffectID15","5261","-1"
"NpcParam","43710013","","spEffectID15","5261","-1"
"NpcParam","43710040","","spEffectID15","5261","-1"
"NpcParam","43710500","","spEffectID15","5261","-1"
"NpcParam","43710510","","spEffectID15","5261","-1"
"NpcParam","43710512","","spEffectID15","5261","-1"
"NpcParam","43710540","","spEffectID15","5261","-1"
"NpcParam","43711000","","spEffectID15","5261","-1"
"NpcParam","43711010","","spEffectID15","5261","-1"
"NpcParam","43711012","","spEffectID15","5261","-1"
"NpcParam","43711040","","spEffectID15","5261","-1"
"NpcParam","43711400","","spEffectID15","5261","-1"
"NpcParam","43711500","","spEffectID15","5261","-1"
"NpcParam","43711510","","spEffectID15","5261","-1"
"NpcParam","43711512","","spEffectID15","5261","-1"
"NpcParam","43711600","","spEffectID15","5261","-1"
"NpcParam","43711612","","spEffectID15","5261","-1"
"NpcParam","43711700","","spEffectID15","5261","-1"
"NpcParam","43711710","","spEffectID15","5261","-1"
"NpcParam","43711712","","spEffectID15","5261","-1"
"NpcParam","43711800","","spEffectID15","5261","-1"
"NpcParam","43711812","","spEffectID15","5261","-1"
"NpcParam","43712000","","spEffectID15","5261","-1"
"NpcParam","43712010","","spEffectID15","5261","-1"
"NpcParam","43712012","","spEffectID15","5261","-1"
"NpcParam","43712500","","spEffectID15","5261","-1"
"NpcParam","43712510","","spEffectID15","5261","-1"
"NpcParam","43712512","","spEffectID15","5261","-1"
"NpcParam","43712540","","spEffectID15","5261","-1"
"NpcParam","43713000","","spEffectID15","5261","-1"
"NpcParam","43713010","","spEffectID15","5261","-1"
"NpcParam","43713012","","spEffectID15","5261","-1"
"NpcParam","43713040","","spEffectID15","5261","-1"
"NpcParam","43714000","","spEffectID15","5261","-1"
"NpcParam","43714010","","spEffectID15","5261","-1"
"NpcParam","43714012","","spEffectID15","5261","-1"
"NpcParam","43714013","","spEffectID15","5261","-1"
"NpcParam","43714040","","spEffectID15","5261","-1"
"NpcParam","43716000","","spEffectID15","5261","-1"
"NpcParam","43716010","","spEffectID15","5261","-1"
"NpcParam","43716012","","spEffectID15","5261","-1"
"NpcParam","43716040","","spEffectID15","5261","-1"
"NpcParam","43717000","","spEffectID15","5261","-1"
"NpcParam","43717010","","spEffectID15","5261","-1"
"NpcParam","43717012","","spEffectID15","5261","-1"
"NpcParam","43720000","","spEffectID15","5261","-1"
"NpcParam","43720020","","spEffectID15","5261","-1"
"NpcParam","43720500","","spEffectID15","5261","-1"
"NpcParam","43720520","","spEffectID15","5261","-1"
"NpcParam","43721000","","spEffectID15","5261","-1"
"NpcParam","43721400","","spEffectID15","5261","-1"
"NpcParam","43721500","","spEffectID15","5261","-1"
"NpcParam","43721600","","spEffectID15","5261","-1"
"NpcParam","43721700","","spEffectID15","5261","-1"
"NpcParam","43721800","","spEffectID15","5261","-1"
"NpcParam","43721820","","spEffectID15","5261","-1"
"NpcParam","43722000","","spEffectID15","5261","-1"
"NpcParam","43722020","","spEffectID15","5261","-1"
"NpcParam","43722500","","spEffectID15","5261","-1"
"NpcParam","43723000","","spEffectID15","5261","-1"
"NpcParam","43723020","","spEffectID15","5261","-1"
"NpcParam","43724000","","spEffectID15","5261","-1"
"NpcParam","43724020","","spEffectID15","5261","-1"
"NpcParam","43726000","","spEffectID15","5261","-1"
"NpcParam","43727000","","spEffectID15","5261","-1"
"NpcParam","43727020","","spEffectID15","5261","-1"
"NpcParam","43728000","","spEffectID15","5261","-1"
"NpcParam","43728100","","spEffectID15","5261","-1"
"NpcParam","43728200","","spEffectID15","5261","-1"
"NpcParam","43728300","","spEffectID15","5261","-1"
"NpcParam","43728400","","spEffectID15","5261","-1"
"NpcParam","43730000","","spEffectID15","5261","-1"
"NpcParam","43730030","","spEffectID15","5261","-1"
"NpcParam","43730032","","spEffectID15","5261","-1"
"NpcParam","43730033","","spEffectID15","5261","-1"
"NpcParam","43730500","","spEffectID15","5261","-1"
"NpcParam","43730530","","spEffectID15","5261","-1"
"NpcParam","43730532","","spEffectID15","5261","-1"
"NpcParam","43730534","","spEffectID15","5261","-1"
"NpcParam","43731000","","spEffectID15","5261","-1"
"NpcParam","43731030","","spEffectID15","5261","-1"
"NpcParam","43731050","","spEffectID15","5261","-1"
"NpcParam","43731400","","spEffectID15","5261","-1"
"NpcParam","43731500","","spEffectID15","5261","-1"
"NpcParam","43731530","","spEffectID15","5261","-1"
"NpcParam","43731600","","spEffectID15","5261","-1"
"NpcParam","43731630","","spEffectID15","5261","-1"
"NpcParam","43731700","","spEffectID15","5261","-1"
"NpcParam","43731730","","spEffectID15","5261","-1"
"NpcParam","43731732","","spEffectID15","5261","-1"
"NpcParam","43731800","","spEffectID15","5261","-1"
"NpcParam","43732000","","spEffectID15","5261","-1"
"NpcParam","43732030","","spEffectID15","5261","-1"
"NpcParam","43732500","","spEffectID15","5261","-1"
"NpcParam","43732530","","spEffectID15","5261","-1"
"NpcParam","43732534","","spEffectID15","5261","-1"
"NpcParam","43733000","","spEffectID15","5261","-1"
"NpcParam","43734000","","spEffectID15","5261","-1"
"NpcParam","43734030","","spEffectID15","5261","-1"
"NpcParam","43734032","","spEffectID15","5261","-1"
"NpcParam","43734034","","spEffectID15","5261","-1"
"NpcParam","43734035","","spEffectID15","5261","-1"
"NpcParam","43734050","","spEffectID15","5261","-1"
"NpcParam","43736000","","spEffectID15","5261","-1"
"NpcParam","43736030","","spEffectID15","5261","-1"
"NpcParam","43736032","","spEffectID15","5261","-1"
"NpcParam","43737000","","spEffectID15","5261","-1"
"NpcParam","43737030","","spEffectID15","5261","-1"
"NpcParam","43737032","","spEffectID15","5261","-1"
"NpcParam","43737033","","spEffectID15","5261","-1"
"NpcParam","43737050","","spEffectID15","5261","-1"
"NpcParam","43738000","","spEffectID15","5261","-1"
"NpcParam","43738032","","spEffectID15","5261","-1"
"NpcParam","43738100","","spEffectID15","5261","-1"
"NpcParam","43738200","","spEffectID15","5261","-1"
"NpcParam","43738300","","spEffectID15","5261","-1"
"NpcParam","43738400","","spEffectID15","5261","-1"
"NpcParam","43740000","","spEffectID15","5261","-1"
"NpcParam","43740040","","spEffectID15","5261","-1"
"NpcParam","43740041","","spEffectID15","5261","-1"
"NpcParam","43740042","","spEffectID15","5261","-1"
"NpcParam","43740342","","spEffectID15","5261","-1"
"NpcParam","43740500","","spEffectID15","5261","-1"
"NpcParam","43740540","","spEffectID15","5261","-1"
"NpcParam","43740541","","spEffectID15","5261","-1"
"NpcParam","43740542","","spEffectID15","5261","-1"
"NpcParam","43741000","","spEffectID15","5261","-1"
"NpcParam","43741040","","spEffectID15","5261","-1"
"NpcParam","43741400","","spEffectID15","5261","-1"
"NpcParam","43741441","","spEffectID15","5261","-1"
"NpcParam","43741500","","spEffectID15","5261","-1"
"NpcParam","43741541","","spEffectID15","5261","-1"
"NpcParam","43741600","","spEffectID15","5261","-1"
"NpcParam","43741700","","spEffectID15","5261","-1"
"NpcParam","43741800","","spEffectID15","5261","-1"
"NpcParam","43741841","","spEffectID15","5261","-1"
"NpcParam","43742000","","spEffectID15","5261","-1"
"NpcParam","43742040","","spEffectID15","5261","-1"
"NpcParam","43742041","","spEffectID15","5261","-1"
"NpcParam","43742042","","spEffectID15","5261","-1"
"NpcParam","43742500","","spEffectID15","5261","-1"
"NpcParam","43742540","","spEffectID15","5261","-1"
"NpcParam","43743000","","spEffectID15","5261","-1"
"NpcParam","43743040","","spEffectID15","5261","-1"
"NpcParam","43744000","","spEffectID15","5261","-1"
"NpcParam","43746000","","spEffectID15","5261","-1"
"NpcParam","43746040","","spEffectID15","5261","-1"
"NpcParam","43746041","","spEffectID15","5261","-1"
"NpcParam","43746042","","spEffectID15","5261","-1"
"NpcParam","43747000","","spEffectID15","5261","-1"
"NpcParam","43747040","","spEffectID15","5261","-1"
"NpcParam","43747041","","spEffectID15","5261","-1"
"NpcParam","43747042","","spEffectID15","5261","-1"
"NpcParam","43760000","","spEffectID15","5261","-1"
"NpcParam","43760056","","spEffectID15","5261","-1"
"NpcParam","43760500","","spEffectID15","5261","-1"
"NpcParam","43760556","","spEffectID15","5261","-1"
"NpcParam","43761000","","spEffectID15","5261","-1"
"NpcParam","43761400","","spEffectID15","5261","-1"
"NpcParam","43761500","","spEffectID15","5261","-1"
"NpcParam","43761556","","spEffectID15","5261","-1"
"NpcParam","43761600","","spEffectID15","5261","-1"
"NpcParam","43761656","","spEffectID15","5261","-1"
"NpcParam","43761700","","spEffectID15","5261","-1"
"NpcParam","43761756","","spEffectID15","5261","-1"
"NpcParam","43761800","","spEffectID15","5261","-1"
"NpcParam","43762000","","spEffectID15","5261","-1"
"NpcParam","43762500","","spEffectID15","5261","-1"
"NpcParam","43763000","","spEffectID15","5261","-1"
"NpcParam","43764000","","spEffectID15","5261","-1"
"NpcParam","43764056","","spEffectID15","5261","-1"
"NpcParam","43766000","","spEffectID15","5261","-1"
"NpcParam","43766056","","spEffectID15","5261","-1"
"NpcParam","43767000","","spEffectID15","5261","-1"
"NpcParam","43767056","","spEffectID15","5261","-1"
"NpcParam","43770000","","spEffectID15","5261","-1"
"NpcParam","43770012","","spEffectID15","5261","-1"
"NpcParam","43770500","","spEffectID15","5261","-1"
"NpcParam","43771000","","spEffectID15","5261","-1"
"NpcParam","43771400","","spEffectID15","5261","-1"
"NpcParam","43771500","","spEffectID15","5261","-1"
"NpcParam","43771600","","spEffectID15","5261","-1"
"NpcParam","43771700","","spEffectID15","5261","-1"
"NpcParam","43771800","","spEffectID15","5261","-1"
"NpcParam","43772000","","spEffectID15","5261","-1"
"NpcParam","43772012","","spEffectID15","5261","-1"
"NpcParam","43772500","","spEffectID15","5261","-1"
"NpcParam","43772512","","spEffectID15","5261","-1"
"NpcParam","43773000","","spEffectID15","5261","-1"
"NpcParam","43776000","","spEffectID15","5261","-1"
"NpcParam","43777000","","spEffectID15","5261","-1"
"NpcParam","43800000","","spEffectID15","5261","-1"
"NpcParam","43800012","","spEffectID15","5261","-1"
"NpcParam","43800032","","spEffectID15","5261","-1"
"NpcParam","43800042","","spEffectID15","5261","-1"
"NpcParam","43800062","","spEffectID15","5261","-1"
"NpcParam","43800100","","spEffectID15","5261","-1"
"NpcParam","43800130","","spEffectID15","5261","-1"
"NpcParam","43810000","","spEffectID15","5261","-1"
"NpcParam","43810020","","spEffectID15","5261","-1"
"NpcParam","43810032","","spEffectID15","5261","-1"
"NpcParam","43810100","","spEffectID15","5261","-1"
"NpcParam","43810132","","spEffectID15","5261","-1"
"NpcParam","43810200","","spEffectID15","5261","-1"
"NpcParam","43810250","","spEffectID15","5261","-1"
"NpcParam","43810300","","spEffectID15","5261","-1"
"NpcParam","43810350","","spEffectID15","5261","-1"
"NpcParam","43811000","","spEffectID15","5261","-1"
"NpcParam","43811020","","spEffectID15","5261","-1"
"NpcParam","43811100","","spEffectID15","5261","-1"
"NpcParam","43811150","","spEffectID15","5261","-1"
"NpcParam","43820000","","spEffectID15","5261","-1"
"NpcParam","43820010","","spEffectID15","5261","-1"
"NpcParam","43820012","","spEffectID15","5261","-1"
"NpcParam","43820026","","spEffectID15","5261","-1"
"NpcParam","43820030","","spEffectID15","5261","-1"
"NpcParam","43820033","","spEffectID15","5261","-1"
"NpcParam","43820052","","spEffectID15","5261","-1"
"NpcParam","43820100","","spEffectID15","5261","-1"
"NpcParam","43820140","","spEffectID15","5261","-1"
"NpcParam","43821000","","spEffectID15","5261","-1"
"NpcParam","43821010","","spEffectID15","5261","-1"
"NpcParam","43821012","","spEffectID15","5261","-1"
"NpcParam","43821020","","spEffectID15","5261","-1"
"NpcParam","43821026","","spEffectID15","5261","-1"
"NpcParam","43821030","","spEffectID15","5261","-1"
"NpcParam","43821033","","spEffectID15","5261","-1"
"NpcParam","43821052","","spEffectID15","5261","-1"
"NpcParam","43821100","","spEffectID15","5261","-1"
"NpcParam","43822000","","spEffectID15","5261","-1"
"NpcParam","43822010","","spEffectID15","5261","-1"
"NpcParam","43822026","","spEffectID15","5261","-1"
"NpcParam","43822100","","spEffectID15","5261","-1"
"NpcParam","43822140","","spEffectID15","5261","-1"
"NpcParam","43823000","","spEffectID15","5261","-1"
"NpcParam","43823010","","spEffectID15","5261","-1"
"NpcParam","43823012","","spEffectID15","5261","-1"
"NpcParam","43823030","","spEffectID15","5261","-1"
"NpcParam","43823033","","spEffectID15","5261","-1"
"NpcParam","43823040","","spEffectID15","5261","-1"
"NpcParam","43823100","","spEffectID15","5261","-1"
"NpcParam","43824000","","spEffectID15","5261","-1"
"NpcParam","43824100","","spEffectID15","5261","-1"
"NpcParam","43825000","","spEffectID15","5261","-1"
"NpcParam","43825026","","spEffectID15","5261","-1"
"NpcParam","43825100","","spEffectID15","5261","-1"
"NpcParam","43826000","","spEffectID15","5261","-1"
"NpcParam","43826033","","spEffectID15","5261","-1"
"NpcParam","43826100","","spEffectID15","5261","-1"
"NpcParam","43827000","","spEffectID15","5261","-1"
"NpcParam","43827012","","spEffectID15","5261","-1"
"NpcParam","43827052","","spEffectID15","5261","-1"
"NpcParam","43827100","","spEffectID15","5261","-1"
"NpcParam","43828000","","spEffectID15","5261","-1"
"NpcParam","43828033","","spEffectID15","5261","-1"
"NpcParam","43828100","","spEffectID15","5261","-1"
"NpcParam","43829000","","spEffectID15","5261","-1"
"NpcParam","43829030","","spEffectID15","5261","-1"
"NpcParam","43829100","","spEffectID15","5261","-1"
"NpcParam","43829140","","spEffectID15","5261","-1"
"NpcParam","43830000","","spEffectID15","5261","-1"
"NpcParam","43830010","","spEffectID15","5261","-1"
"NpcParam","43830020","","spEffectID15","5261","-1"
"NpcParam","43830030","","spEffectID15","5261","-1"
"NpcParam","43830040","","spEffectID15","5261","-1"
"NpcParam","43831000","","spEffectID15","5261","-1"
"NpcParam","43831020","","spEffectID15","5261","-1"
"NpcParam","43831030","","spEffectID15","5261","-1"
"NpcParam","43831040","","spEffectID15","5261","-1"
"NpcParam","43840000","","spEffectID15","5261","-1"
"NpcParam","43840020","","spEffectID15","5261","-1"
"NpcParam","43840040","","spEffectID15","5261","-1"
"NpcParam","43850000","","spEffectID15","5261","-1"
"NpcParam","43850010","","spEffectID15","5261","-1"
"NpcParam","43850012","","spEffectID15","5261","-1"
"NpcParam","43850020","","spEffectID15","5261","-1"
"NpcParam","43850032","","spEffectID15","5261","-1"
"NpcParam","43850040","","spEffectID15","5261","-1"
"NpcParam","43850100","","spEffectID15","5261","-1"
"NpcParam","43850110","","spEffectID15","5261","-1"
"NpcParam","43850112","","spEffectID15","5261","-1"
"NpcParam","43850120","","spEffectID15","5261","-1"
"NpcParam","43850132","","spEffectID15","5261","-1"
"NpcParam","43850140","","spEffectID15","5261","-1"
"NpcParam","43850200","","spEffectID15","5261","-1"
"NpcParam","43850210","","spEffectID15","5261","-1"
"NpcParam","43850212","","spEffectID15","5261","-1"
"NpcParam","43850220","","spEffectID15","5261","-1"
"NpcParam","43850232","","spEffectID15","5261","-1"
"NpcParam","43850240","","spEffectID15","5261","-1"
"NpcParam","43858000","","spEffectID15","5261","-1"
"NpcParam","43858040","","spEffectID15","5261","-1"
"NpcParam","43858100","","spEffectID15","5261","-1"
"NpcParam","43858140","","spEffectID15","5261","-1"
"NpcParam","43858200","","spEffectID15","5261","-1"
"NpcParam","43858240","","spEffectID15","5261","-1"
"NpcParam","44200000","","spEffectID15","5262","-1"
"NpcParam","44200020","","spEffectID15","5262","-1"
"NpcParam","44200035","","spEffectID15","5262","-1"
"NpcParam","44200120","","spEffectID15","5262","-1"
"NpcParam","44201000","","spEffectID15","5262","-1"
"NpcParam","44201020","","spEffectID15","5262","-1"
"NpcParam","44202000","","spEffectID15","5262","-1"
"NpcParam","44202020","","spEffectID15","5262","-1"
"NpcParam","44203000","","spEffectID15","5262","-1"
"NpcParam","44203050","","spEffectID15","5262","-1"
"NpcParam","44204000","","spEffectID15","5262","-1"
"NpcParam","44204050","","spEffectID15","5262","-1"
"NpcParam","44205000","","spEffectID15","5262","-1"
"NpcParam","44205050","","spEffectID15","5262","-1"
"NpcParam","44300000","","spEffectID15","5261","-1"
"NpcParam","44300010","","spEffectID15","5261","-1"
"NpcParam","44300012","","spEffectID15","5261","-1"
"NpcParam","44300020","","spEffectID15","5261","-1"
"NpcParam","44300022","","spEffectID15","5261","-1"
"NpcParam","44300030","","spEffectID15","5261","-1"
"NpcParam","44300040","","spEffectID15","5261","-1"
"NpcParam","44300050","","spEffectID15","5261","-1"
"NpcParam","44300100","","spEffectID15","5261","-1"
"NpcParam","44300110","","spEffectID15","5261","-1"
"NpcParam","44300150","","spEffectID15","5261","-1"
"NpcParam","44300200","","spEffectID15","5261","-1"
"NpcParam","44300250","","spEffectID15","5261","-1"
"NpcParam","44300300","","spEffectID15","5261","-1"
"NpcParam","44300310","","spEffectID15","5261","-1"
"NpcParam","44300340","","spEffectID15","5261","-1"
"NpcParam","44300350","","spEffectID15","5261","-1"
"NpcParam","44301000","","spEffectID15","5261","-1"
"NpcParam","44301010","","spEffectID15","5261","-1"
"NpcParam","44301033","","spEffectID15","5261","-1"
"NpcParam","44301040","","spEffectID15","5261","-1"
"NpcParam","44400000","","spEffectID15","5261","-1"
"NpcParam","44400012","","spEffectID15","5261","-1"
"NpcParam","44400020","","spEffectID15","5261","-1"
"NpcParam","44400032","","spEffectID15","5261","-1"
"NpcParam","44400033","","spEffectID15","5261","-1"
"NpcParam","44400040","","spEffectID15","5261","-1"
"NpcParam","44400050","","spEffectID15","5261","-1"
"NpcParam","44410000","","spEffectID15","5261","-1"
"NpcParam","44410020","","spEffectID15","5261","-1"
"NpcParam","44410050","","spEffectID15","5261","-1"
"NpcParam","44420000","","spEffectID15","5261","-1"
"NpcParam","44420040","","spEffectID15","5261","-1"
"NpcParam","44600000","","spEffectID15","5262","-1"
"NpcParam","44600020","","spEffectID15","5262","-1"
"NpcParam","44600032","","spEffectID15","5262","-1"
"NpcParam","44600036","","spEffectID15","5262","-1"
"NpcParam","44600040","","spEffectID15","5262","-1"
"NpcParam","44600840","","spEffectID15","5262","-1"
"NpcParam","44601000","","spEffectID15","5262","-1"
"NpcParam","44601032","","spEffectID15","5262","-1"
"NpcParam","44601040","","spEffectID15","5262","-1"
"NpcParam","44601840","","spEffectID15","5262","-1"
"NpcParam","44607000","","spEffectID15","5262","-1"
"NpcParam","44607020","","spEffectID15","5262","-1"
"NpcParam","44607032","","spEffectID15","5262","-1"
"NpcParam","44607040","","spEffectID15","5262","-1"
"NpcParam","44607100","","spEffectID15","5262","-1"
"NpcParam","44607120","","spEffectID15","5262","-1"
"NpcParam","44607132","","spEffectID15","5262","-1"
"NpcParam","44607200","","spEffectID15","5262","-1"
"NpcParam","44607220","","spEffectID15","5262","-1"
"NpcParam","44607800","","spEffectID15","5262","-1"
"NpcParam","44607840","","spEffectID15","5262","-1"
"NpcParam","44608000","","spEffectID15","5262","-1"
"NpcParam","44608032","","spEffectID15","5262","-1"
"NpcParam","44608040","","spEffectID15","5262","-1"
"NpcParam","44608600","","spEffectID15","5262","-1"
"NpcParam","44608640","","spEffectID15","5262","-1"
"NpcParam","44608700","","spEffectID15","5262","-1"
"NpcParam","44608740","","spEffectID15","5262","-1"
"NpcParam","44608800","","spEffectID15","5262","-1"
"NpcParam","44608840","","spEffectID15","5262","-1"
"NpcParam","44700000","","spEffectID15","5262","-1"
"NpcParam","44700020","","spEffectID15","5262","-1"
"NpcParam","44700024","","spEffectID15","5262","-1"
"NpcParam","44700032","","spEffectID15","5262","-1"
"NpcParam","44700034","","spEffectID15","5262","-1"
"NpcParam","44700038","","spEffectID15","5262","-1"
"NpcParam","44700040","","spEffectID15","5262","-1"
"NpcParam","44701000","","spEffectID15","5262","-1"
"NpcParam","44701021","","spEffectID15","5262","-1"
"NpcParam","44701024","","spEffectID15","5262","-1"
"NpcParam","44701032","","spEffectID15","5262","-1"
"NpcParam","44701033","","spEffectID15","5262","-1"
"NpcParam","44701034","","spEffectID15","5262","-1"
"NpcParam","44701038","","spEffectID15","5262","-1"
"NpcParam","44701100","","spEffectID15","5262","-1"
"NpcParam","44701132","","spEffectID15","5262","-1"
"NpcParam","44702000","","spEffectID15","5262","-1"
"NpcParam","44702041","","spEffectID15","5262","-1"
"NpcParam","44800000","","spEffectID15","5262","-1"
"NpcParam","44800012","","spEffectID15","5262","-1"
"NpcParam","44800020","","spEffectID15","5262","-1"
"NpcParam","44800032","","spEffectID15","5262","-1"
"NpcParam","44800034","","spEffectID15","5262","-1"
"NpcParam","44800035","","spEffectID15","5262","-1"
"NpcParam","44800040","","spEffectID15","5262","-1"
"NpcParam","44800054","","spEffectID15","5262","-1"
"NpcParam","44800064","","spEffectID15","5262","-1"
"NpcParam","44800100","","spEffectID15","5262","-1"
"NpcParam","44800120","","spEffectID15","5262","-1"
"NpcParam","44800130","","spEffectID15","5262","-1"
"NpcParam","44800140","","spEffectID15","5262","-1"
"NpcParam","44800162","","spEffectID15","5262","-1"
"NpcParam","44800200","","spEffectID15","5262","-1"
"NpcParam","44800220","","spEffectID15","5262","-1"
"NpcParam","44800300","","spEffectID15","5262","-1"
"NpcParam","44800330","","spEffectID15","5262","-1"
"NpcParam","44800370","","spEffectID15","5262","-1"
"NpcParam","44800400","","spEffectID15","5262","-1"
"NpcParam","44800430","","spEffectID15","5262","-1"
"NpcParam","44810000","","spEffectID15","5261","-1"
"NpcParam","44810012","","spEffectID15","5261","-1"
"NpcParam","44810020","","spEffectID15","5261","-1"
"NpcParam","44810032","","spEffectID15","5261","-1"
"NpcParam","44810034","","spEffectID15","5261","-1"
"NpcParam","44810035","","spEffectID15","5261","-1"
"NpcParam","44810040","","spEffectID15","5261","-1"
"NpcParam","44810054","","spEffectID15","5261","-1"
"NpcParam","44810064","","spEffectID15","5261","-1"
"NpcParam","44810100","","spEffectID15","5261","-1"
"NpcParam","44810120","","spEffectID15","5261","-1"
"NpcParam","44810130","","spEffectID15","5261","-1"
"NpcParam","44810162","","spEffectID15","5261","-1"
"NpcParam","44810200","","spEffectID15","5261","-1"
"NpcParam","44810220","","spEffectID15","5261","-1"
"NpcParam","44810300","","spEffectID15","5261","-1"
"NpcParam","44810330","","spEffectID15","5261","-1"
"NpcParam","44810370","","spEffectID15","5261","-1"
"NpcParam","44810400","","spEffectID15","5261","-1"
"NpcParam","44810430","","spEffectID15","5261","-1"
"NpcParam","44810500","","spEffectID15","5261","-1"
"NpcParam","44810540","","spEffectID15","5261","-1"
"NpcParam","44810830","","spEffectID15","5261","-1"
"NpcParam","44811000","","spEffectID15","5261","-1"
"NpcParam","44811012","","spEffectID15","5261","-1"
"NpcParam","44811100","","spEffectID15","5261","-1"
"NpcParam","44811200","","spEffectID15","5261","-1"
"NpcParam","44811300","","spEffectID15","5261","-1"
"NpcParam","44811330","","spEffectID15","5261","-1"
"NpcParam","44811400","","spEffectID15","5261","-1"
"NpcParam","44811430","","spEffectID15","5261","-1"
"NpcParam","44811830","","spEffectID15","5261","-1"
"NpcParam","44820000","","spEffectID15","5262","-1"
"NpcParam","44820031","","spEffectID15","5262","-1"
"NpcParam","44820040","","spEffectID15","5262","-1"
"NpcParam","44820054","","spEffectID15","5262","-1"
"NpcParam","44820056","","spEffectID15","5262","-1"
"NpcParam","44830000","","spEffectID15","5261","-1"
"NpcParam","44830030","","spEffectID15","5261","-1"
"NpcParam","44830031","","spEffectID15","5261","-1"
"NpcParam","44830040","","spEffectID15","5261","-1"
"NpcParam","44830054","","spEffectID15","5261","-1"
"NpcParam","44831000","","spEffectID15","5261","-1"
"NpcParam","44831040","","spEffectID15","5261","-1"
"NpcParam","44831054","","spEffectID15","5261","-1"
"NpcParam","44831056","","spEffectID15","5261","-1"
"NpcParam","44900000","","spEffectID15","5261","-1"
"NpcParam","44900011","","spEffectID15","5261","-1"
"NpcParam","44900014","","spEffectID15","5261","-1"
"NpcParam","44900020","","spEffectID15","5261","-1"
"NpcParam","44900021","","spEffectID15","5261","-1"
"NpcParam","44900024","","spEffectID15","5261","-1"
"NpcParam","44900032","","spEffectID15","5261","-1"
"NpcParam","44900033","","spEffectID15","5261","-1"
"NpcParam","44900034","","spEffectID15","5261","-1"
"NpcParam","44900035","","spEffectID15","5261","-1"
"NpcParam","44900038","","spEffectID15","5261","-1"
"NpcParam","44900050","","spEffectID15","5261","-1"
"NpcParam","44900100","","spEffectID15","5261","-1"
"NpcParam","44900124","","spEffectID15","5261","-1"
"NpcParam","44900200","","spEffectID15","5261","-1"
"NpcParam","44900320","","spEffectID15","5261","-1"
"NpcParam","44907000","","spEffectID15","5261","-1"
"NpcParam","44907014","","spEffectID15","5261","-1"
"NpcParam","44907021","","spEffectID15","5261","-1"
"NpcParam","44907033","","spEffectID15","5261","-1"
"NpcParam","44907035","","spEffectID15","5261","-1"
"NpcParam","44907038","","spEffectID15","5261","-1"
"NpcParam","44907050","","spEffectID15","5261","-1"
"NpcParam","44907100","","spEffectID15","5261","-1"
"NpcParam","44907121","","spEffectID15","5261","-1"
"NpcParam","44907133","","spEffectID15","5261","-1"
"NpcParam","44907150","","spEffectID15","5261","-1"
"NpcParam","44907200","","spEffectID15","5261","-1"
"NpcParam","44907221","","spEffectID15","5261","-1"
"NpcParam","44907233","","spEffectID15","5261","-1"
"NpcParam","44907250","","spEffectID15","5261","-1"
"NpcParam","44907300","","spEffectID15","5261","-1"
"NpcParam","44907333","","spEffectID15","5261","-1"
"NpcParam","44907350","","spEffectID15","5261","-1"
"NpcParam","44907400","","spEffectID15","5261","-1"
"NpcParam","44907450","","spEffectID15","5261","-1"
"NpcParam","44908100","","spEffectID15","5261","-1"
"NpcParam","44908124","","spEffectID15","5261","-1"
"NpcParam","44908300","","spEffectID15","5261","-1"
"NpcParam","44908320","","spEffectID15","5261","-1"
"NpcParam","44908400","","spEffectID15","5261","-1"
"NpcParam","44908420","","spEffectID15","5261","-1"
"NpcParam","44910000","","spEffectID15","5261","-1"
"NpcParam","44910002","","spEffectID15","5261","-1"
"NpcParam","44910014","","spEffectID15","5261","-1"
"NpcParam","44910020","","spEffectID15","5261","-1"
"NpcParam","44910021","","spEffectID15","5261","-1"
"NpcParam","44910024","","spEffectID15","5261","-1"
"NpcParam","44910032","","spEffectID15","5261","-1"
"NpcParam","44910033","","spEffectID15","5261","-1"
"NpcParam","44910034","","spEffectID15","5261","-1"
"NpcParam","44910035","","spEffectID15","5261","-1"
"NpcParam","44910038","","spEffectID15","5261","-1"
"NpcParam","44910050","","spEffectID15","5261","-1"
"NpcParam","44910100","","spEffectID15","5261","-1"
"NpcParam","44910124","","spEffectID15","5261","-1"
"NpcParam","44910150","","spEffectID15","5261","-1"
"NpcParam","44910200","","spEffectID15","5261","-1"
"NpcParam","44910232","","spEffectID15","5261","-1"
"NpcParam","44910233","","spEffectID15","5261","-1"
"NpcParam","44910234","","spEffectID15","5261","-1"
"NpcParam","44910238","","spEffectID15","5261","-1"
"NpcParam","44910250","","spEffectID15","5261","-1"
"NpcParam","44910300","","spEffectID15","5261","-1"
"NpcParam","44910333","","spEffectID15","5261","-1"
"NpcParam","44910350","","spEffectID15","5261","-1"
"NpcParam","44910400","","spEffectID15","5261","-1"
"NpcParam","44910500","","spEffectID15","5261","-1"
"NpcParam","44910600","","spEffectID15","5261","-1"
"NpcParam","44910720","","spEffectID15","5261","-1"
"NpcParam","45020000","","hitHeight","14","12"
"NpcParam","45020000","","hitRadius","7","12"
"NpcParam","45020000","","chrHitHeight","14","10"
"NpcParam","45020000","","chrHitRadius","7","10"
"NpcParam","45020022","","hitHeight","14","12"
"NpcParam","45020022","","hitRadius","7","12"
"NpcParam","45020022","","chrHitHeight","14","10"
"NpcParam","45020022","","chrHitRadius","7","10"
"NpcParam","45020920","","hitHeight","14","12"
"NpcParam","45020920","","hitRadius","7","12"
"NpcParam","45020920","","chrHitHeight","14","10"
"NpcParam","45020920","","chrHitRadius","7","10"
"NpcParam","45021000","","hitHeight","14","12"
"NpcParam","45021000","","hitRadius","7","12"
"NpcParam","45021000","","chrHitHeight","14","10"
"NpcParam","45021000","","chrHitRadius","7","10"
"NpcParam","45021920","","hitHeight","14","12"
"NpcParam","45021920","","hitRadius","7","12"
"NpcParam","45021920","","chrHitHeight","14","10"
"NpcParam","45021920","","chrHitRadius","7","10"
"NpcParam","45021922","","hitHeight","14","12"
"NpcParam","45021922","","hitRadius","7","12"
"NpcParam","45021922","","chrHitHeight","14","10"
"NpcParam","45021922","","chrHitRadius","7","10"
"NpcParam","45500000","","spEffectID15","5261","-1"
"NpcParam","45500040","","spEffectID15","5261","-1"
"NpcParam","45500042","","spEffectID15","5261","-1"
"NpcParam","45501000","","spEffectID15","5261","-1"
"NpcParam","45501040","","spEffectID15","5261","-1"
"NpcParam","45502000","","spEffectID15","5261","-1"
"NpcParam","45502040","","spEffectID15","5261","-1"
"NpcParam","45502042","","spEffectID15","5261","-1"
"NpcParam","45503000","","spEffectID15","5261","-1"
"NpcParam","45503040","","spEffectID15","5261","-1"
"NpcParam","45504000","","spEffectID15","5261","-1"
"NpcParam","45504040","","spEffectID15","5261","-1"
"NpcParam","45505000","","spEffectID15","5261","-1"
"NpcParam","45505050","","spEffectID15","5261","-1"
"NpcParam","45506000","","spEffectID15","5261","-1"
"NpcParam","45506050","","spEffectID15","5261","-1"
"NpcParam","45506200","","spEffectID15","5261","-1"
"NpcParam","45506400","","spEffectID15","5261","-1"
"NpcParam","45506450","","spEffectID15","5261","-1"
"NpcParam","45506600","","spEffectID15","5261","-1"
"NpcParam","45506650","","spEffectID15","5261","-1"
"NpcParam","45508000","","spEffectID15","5261","-1"
"NpcParam","45508100","","spEffectID15","5261","-1"
"NpcParam","45600000","","spEffectID15","5261","-1"
"NpcParam","45600040","","spEffectID15","5261","-1"
"NpcParam","45600042","","spEffectID15","5261","-1"
"NpcParam","45601000","","spEffectID15","5261","-1"
"NpcParam","45601050","","spEffectID15","5261","-1"
"NpcParam","45601850","","spEffectID15","5261","-1"
"NpcParam","45609000","","spEffectID15","5261","-1"
"NpcParam","45610000","","spEffectID15","5261","-1"
"NpcParam","45610068","","spEffectID15","5261","-1"
"NpcParam","45700000","","spEffectID15","5261","-1"
"NpcParam","45700030","","spEffectID15","5261","-1"
"NpcParam","45701000","","spEffectID15","5261","-1"
"NpcParam","45701072","","spEffectID15","5261","-1"
"NpcParam","45702000","","spEffectID15","5261","-1"
"NpcParam","45702030","","spEffectID15","5261","-1"
"NpcParam","45800000","","spEffectID15","5262","-1"
"NpcParam","45801000","","spEffectID15","5262","-1"
"NpcParam","45801072","","spEffectID15","5262","-1"
"NpcParam","45802000","","spEffectID15","5262","-1"
"NpcParam","45802132","","spEffectID15","5262","-1"
"NpcParam","46000000","","spEffectID15","5262","-1"
"NpcParam","46000010","","spEffectID15","5262","-1"
"NpcParam","46000012","","spEffectID15","5262","-1"
"NpcParam","46000014","","spEffectID15","5262","-1"
"NpcParam","46000020","","spEffectID15","5262","-1"
"NpcParam","46000032","","spEffectID15","5262","-1"
"NpcParam","46000033","","spEffectID15","5262","-1"
"NpcParam","46000040","","spEffectID15","5262","-1"
"NpcParam","46000050","","spEffectID15","5262","-1"
"NpcParam","46000065","","spEffectID15","5262","-1"
"NpcParam","46000100","","spEffectID15","5262","-1"
"NpcParam","46000150","","spEffectID15","5262","-1"
"NpcParam","46001000","","spEffectID15","5262","-1"
"NpcParam","46001010","","spEffectID15","5262","-1"
"NpcParam","46001020","","spEffectID15","5262","-1"
"NpcParam","46001030","","spEffectID15","5262","-1"
"NpcParam","46001032","","spEffectID15","5262","-1"
"NpcParam","46001099","","spEffectID15","5262","-1"
"NpcParam","46001120","","spEffectID15","5262","-1"
"NpcParam","46001130","","spEffectID15","5262","-1"
"NpcParam","46003000","","spEffectID15","5262","-1"
"NpcParam","46003041","","spEffectID15","5262","-1"
"NpcParam","46003140","","spEffectID15","5262","-1"
"NpcParam","46004000","","spEffectID15","5262","-1"
"NpcParam","46004032","","spEffectID15","5262","-1"
"NpcParam","46004100","","spEffectID15","5262","-1"
"NpcParam","46004152","","spEffectID15","5262","-1"
"NpcParam","46010000","","spEffectID15","5262","-1"
"NpcParam","46010020","","spEffectID15","5262","-1"
"NpcParam","46010021","","spEffectID15","5262","-1"
"NpcParam","46010100","","spEffectID15","5262","-1"
"NpcParam","46010120","","spEffectID15","5262","-1"
"NpcParam","46010200","","spEffectID15","5262","-1"
"NpcParam","46010220","","spEffectID15","5262","-1"
"NpcParam","46018000","","spEffectID15","5262","-1"
"NpcParam","46018021","","spEffectID15","5262","-1"
"NpcParam","46020000","","spEffectID15","5262","-1"
"NpcParam","46020050","","spEffectID15","5262","-1"
"NpcParam","46021000","","spEffectID15","5262","-1"
"NpcParam","46021052","","spEffectID15","5262","-1"
"NpcParam","46022000","","spEffectID15","5262","-1"
"NpcParam","46030000","","spEffectID15","5262","-1"
"NpcParam","46300000","","spEffectID15","5262","-1"
"NpcParam","46300010","","spEffectID15","5262","-1"
"NpcParam","46300020","","spEffectID15","5262","-1"
"NpcParam","46300030","","spEffectID15","5262","-1"
"NpcParam","46300032","","spEffectID15","5262","-1"
"NpcParam","46300033","","spEffectID15","5262","-1"
"NpcParam","46300042","","spEffectID15","5262","-1"
"NpcParam","46300052","","spEffectID15","5262","-1"
"NpcParam","46300066","","spEffectID15","5262","-1"
"NpcParam","46300072","","spEffectID15","5262","-1"
"NpcParam","46300100","","spEffectID15","5262","-1"
"NpcParam","46300152","","spEffectID15","5262","-1"
"NpcParam","46300200","","spEffectID15","5262","-1"
"NpcParam","46300240","","spEffectID15","5262","-1"
"NpcParam","46300310","","spEffectID15","5262","-1"
"NpcParam","46300342","","spEffectID15","5262","-1"
"NpcParam","46300410","","spEffectID15","5262","-1"
"NpcParam","46300652","","spEffectID15","5262","-1"
"NpcParam","46300700","","spEffectID15","5262","-1"
"NpcParam","46300766","","spEffectID15","5262","-1"
"NpcParam","46400000","","spEffectID15","5262","-1"
"NpcParam","46400033","","spEffectID15","5262","-1"
"NpcParam","46400034","","spEffectID15","5262","-1"
"NpcParam","46400070","","spEffectID15","5262","-1"
"NpcParam","46400100","","spEffectID15","5262","-1"
"NpcParam","46400156","","spEffectID15","5262","-1"
"NpcParam","46400162","","spEffectID15","5262","-1"
"NpcParam","46600000","","spEffectID15","5262","-1"
"NpcParam","46600010","","getSoul","1039","0"
"NpcParam","46600010","","spEffectID15","5262","-1"
"NpcParam","46600030","","spEffectID15","5262","-1"
"NpcParam","46600034","","spEffectID15","5262","-1"
"NpcParam","46600070","","spEffectID15","5262","-1"
"NpcParam","46600100","","spEffectID15","5262","-1"
"NpcParam","46600120","","spEffectID15","5262","-1"
"NpcParam","46600133","","spEffectID15","5262","-1"
"NpcParam","46600150","","spEffectID15","5262","-1"
"NpcParam","46600170","","spEffectID15","5262","-1"
"NpcParam","46601000","","spEffectID15","5262","-1"
"NpcParam","46601010","","getSoul","1039","0"
"NpcParam","46601010","","spEffectID15","5262","-1"
"NpcParam","46601030","","spEffectID15","5262","-1"
"NpcParam","46601034","","spEffectID15","5262","-1"
"NpcParam","46601040","","spEffectID15","5262","-1"
"NpcParam","46601042","","spEffectID15","5262","-1"
"NpcParam","46601100","","spEffectID15","5262","-1"
"NpcParam","46601120","","spEffectID15","5262","-1"
"NpcParam","46601140","","spEffectID15","5262","-1"
"NpcParam","46602000","","spEffectID15","5262","-1"
"NpcParam","46602050","","spEffectID15","5262","-1"
"NpcParam","46602100","","spEffectID15","5262","-1"
"NpcParam","46603000","","spEffectID15","5262","-1"
"NpcParam","46603100","","spEffectID15","5262","-1"
"NpcParam","46604000","","spEffectID15","5262","-1"
"NpcParam","46604100","","spEffectID15","5262","-1"
"NpcParam","46604142","","spEffectID15","5262","-1"
"NpcParam","46605000","","spEffectID15","5262","-1"
"NpcParam","46605040","","spEffectID15","5262","-1"
"NpcParam","46605100","","spEffectID15","5262","-1"
"NpcParam","46605140","","spEffectID15","5262","-1"
"NpcParam","46606000","","spEffectID15","5262","-1"
"NpcParam","46606010","","getSoul","1039","0"
"NpcParam","46606010","","spEffectID15","5262","-1"
"NpcParam","46606020","","spEffectID15","5262","-1"
"NpcParam","46607000","","spEffectID15","5262","-1"
"NpcParam","46607012","","getSoul","1091","0"
"NpcParam","46607012","","spEffectID15","5262","-1"
"NpcParam","46607033","","spEffectID15","5262","-1"
"NpcParam","46608000","","spEffectID15","5262","-1"
"NpcParam","46609000","","spEffectID15","5262","-1"
"NpcParam","46609050","","spEffectID15","5262","-1"
"NpcParam","46900000","","spEffectID15","5262","-1"
"NpcParam","46900007","","spEffectID15","5262","-1"
"NpcParam","46900014","","spEffectID15","5262","-1"
"NpcParam","46900020","","spEffectID15","5262","-1"
"NpcParam","46900032","","spEffectID15","5262","-1"
"NpcParam","46900034","","spEffectID15","5262","-1"
"NpcParam","47700000","","spEffectID15","5262","-1"
"NpcParam","47700033","","spEffectID15","5262","-1"
"NpcParam","47700034","","spEffectID15","5262","-1"
"NpcParam","47700070","","spEffectID15","5262","-1"
"NpcParam","47700100","","spEffectID15","5262","-1"
"NpcParam","47700200","","spEffectID15","5262","-1"
"NpcParam","47701000","","spEffectID15","5262","-1"
"NpcParam","47701034","","spEffectID15","5262","-1"
"NpcParam","47701100","","spEffectID15","5262","-1"
"NpcParam","47701200","","spEffectID15","5262","-1"
"NpcParam","47702000","","spEffectID15","5262","-1"
"NpcParam","47702034","","spEffectID15","5262","-1"
"NpcParam","47702066","","spEffectID15","5262","-1"
"NpcParam","47709900","","spEffectID15","5262","-1"
"NpcParam","47709910","","spEffectID15","5262","-1"
"NpcParam","48100000","","spEffectID15","5262","-1"
"NpcParam","48100034","","spEffectID15","5262","-1"
"NpcParam","48100066","","spEffectID15","5262","-1"
"NpcParam","48100100","","spEffectID15","5262","-1"
"NpcParam","48109990","","spEffectID15","5262","-1"
"NpcParam","48109991","","spEffectID15","5262","-1"
"NpcParam","48109992","","spEffectID15","5262","-1"
"NpcParam","48110000","","spEffectID15","5262","-1"
"NpcParam","48110054","","spEffectID15","5262","-1"
"NpcParam","48110056","","spEffectID15","5262","-1"
"NpcParam","48200000","","spEffectID15","5262","-1"
"NpcParam","48200100","","spEffectID15","5262","-1"
"NpcParam","48200130","","spEffectID15","5262","-1"
"NpcParam","48200134","","spEffectID15","5262","-1"
"NpcParam","48200138","","spEffectID15","5262","-1"
"NpcParam","48200820","","spEffectID15","5262","-1"
"NpcParam","48208000","","spEffectID15","5262","-1"
"NpcParam","48208030","","spEffectID15","5262","-1"
"NpcParam","48208034","","spEffectID15","5262","-1"
"NpcParam","48208038","","spEffectID15","5262","-1"
"NpcParam","48208100","","spEffectID15","5262","-1"
"NpcParam","48208138","","spEffectID15","5262","-1"
"NpcParam","49100000","","spEffectID15","5262","-1"
"NpcParam","49100038","","spEffectID15","5262","-1"
"NpcParam","49100100","","spEffectID15","5262","-1"
"NpcParam","49110000","","spEffectID15","5262","-1"
"NpcParam","49500000","","spEffectID15","5262","-1"
"NpcParam","49500050","","spEffectID15","5262","-1"
"NpcParam","49600000","","spEffectID15","5262","-1"
"NpcParam","49600032","","spEffectID15","5262","-1"
"NpcParam","49600050","","spEffectID15","5262","-1"
"NpcParam","49800000","","spEffectID15","5262","-1"
"NpcParam","49800032","","spEffectID15","5262","-1"
"NpcParam","49801000","","spEffectID15","5262","-1"
"NpcParam","50400000","","spEffectID15","5262","-1"
"NpcParam","50400080","","spEffectID15","5262","-1"
"NpcParam","50400081","","spEffectID15","5262","-1"
"NpcParam","50400088","","spEffectID15","5262","-1"
"NpcParam","50400089","","spEffectID15","5262","-1"
"NpcParam","50400090","","spEffectID15","5262","-1"
"NpcParam","50400091","","spEffectID15","5262","-1"
"NpcParam","50400094","","spEffectID15","5262","-1"
"NpcParam","50400100","","spEffectID15","5262","-1"
"NpcParam","50400194","","spEffectID15","5262","-1"
"NpcParam","50400200","","spEffectID15","5262","-1"
"NpcParam","50400300","","spEffectID15","5262","-1"
"NpcParam","50400400","","spEffectID15","5262","-1"
"NpcParam","50400494","","spEffectID15","5262","-1"
"NpcParam","50400500","","spEffectID15","5262","-1"
"NpcParam","50400600","","spEffectID15","5262","-1"
"NpcParam","50400700","","spEffectID15","5262","-1"
"NpcParam","50600000","","spEffectID15","5262","-1"
"NpcParam","50600001","","spEffectID15","5262","-1"
"NpcParam","50600083","","spEffectID15","5262","-1"
"NpcParam","50600093","","spEffectID15","5262","-1"
"NpcParam","50600100","","spEffectID15","5262","-1"
"NpcParam","50600101","","spEffectID15","5262","-1"
"NpcParam","50600193","","spEffectID15","5262","-1"
"NpcParam","50600200","","spEffectID15","5262","-1"
"NpcParam","50600201","","spEffectID15","5262","-1"
"NpcParam","50600283","","spEffectID15","5262","-1"
"NpcParam","50600293","","spEffectID15","5262","-1"
"NpcParam","50600300","","spEffectID15","5262","-1"
"NpcParam","50600301","","spEffectID15","5262","-1"
"NpcParam","50600383","","spEffectID15","5262","-1"
"NpcParam","50600393","","spEffectID15","5262","-1"
"NpcParam","50600400","","spEffectID15","5262","-1"
"NpcParam","50600493","","spEffectID15","5262","-1"
"NpcParam","50600593","","spEffectID15","5262","-1"
"NpcParam","50600683","","spEffectID15","5262","-1"
"NpcParam","50600793","","spEffectID15","5262","-1"
"NpcParam","50600883","","spEffectID15","5262","-1"
"NpcParam","50610000","","spEffectID15","5262","-1"
"NpcParam","50610001","","spEffectID15","5262","-1"
"NpcParam","50610083","","spEffectID15","5262","-1"
"NpcParam","50610093","","spEffectID15","5262","-1"
"NpcParam","50610883","","spEffectID15","5262","-1"
"NpcParam","50610893","","spEffectID15","5262","-1"
"NpcParam","50700000","","spEffectID15","5262","-1"
"NpcParam","50701000","","spEffectID15","5262","-1"
"NpcParam","50800000","","spEffectID15","5262","-1"
"NpcParam","50800001","","spEffectID15","5262","-1"
"NpcParam","50800080","","spEffectID15","5262","-1"
"NpcParam","50800081","","spEffectID15","5262","-1"
"NpcParam","50800087","","spEffectID15","5262","-1"
"NpcParam","50800090","","spEffectID15","5262","-1"
"NpcParam","50800094","","spEffectID15","5262","-1"
"NpcParam","50800095","","spEffectID15","5262","-1"
"NpcParam","50800100","","spEffectID15","5262","-1"
"NpcParam","50800101","","spEffectID15","5262","-1"
"NpcParam","50800180","","spEffectID15","5262","-1"
"NpcParam","50800190","","spEffectID15","5262","-1"
"NpcParam","50800194","","spEffectID15","5262","-1"
"NpcParam","50800200","","spEffectID15","5262","-1"
"NpcParam","50800201","","spEffectID15","5262","-1"
"NpcParam","50800290","","spEffectID15","5262","-1"
"NpcParam","50800300","","spEffectID15","5262","-1"
"NpcParam","50800390","","spEffectID15","5262","-1"
"NpcParam","50800400","","spEffectID15","5262","-1"
"NpcParam","50800490","","spEffectID15","5262","-1"
"NpcParam","50801000","","spEffectID15","5262","-1"
"NpcParam","50801001","","spEffectID15","5262","-1"
"NpcParam","50801080","","spEffectID15","5262","-1"
"NpcParam","50801081","","spEffectID15","5262","-1"
"NpcParam","50801087","","spEffectID15","5262","-1"
"NpcParam","50801090","","spEffectID15","5262","-1"
"NpcParam","50801094","","spEffectID15","5262","-1"
"NpcParam","50801095","","spEffectID15","5262","-1"
"NpcParam","50801100","","spEffectID15","5262","-1"
"NpcParam","50801101","","spEffectID15","5262","-1"
"NpcParam","50801180","","spEffectID15","5262","-1"
"NpcParam","50801187","","spEffectID15","5262","-1"
"NpcParam","50801190","","spEffectID15","5262","-1"
"NpcParam","50801194","","spEffectID15","5262","-1"
"NpcParam","50801195","","spEffectID15","5262","-1"
"NpcParam","50801200","","spEffectID15","5262","-1"
"NpcParam","50801201","","spEffectID15","5262","-1"
"NpcParam","50801300","","spEffectID15","5262","-1"
"NpcParam","50801390","","spEffectID15","5262","-1"
"NpcParam","50801400","","spEffectID15","5262","-1"
"NpcParam","50801490","","spEffectID15","5262","-1"
"NpcParam","50802000","","spEffectID15","5262","-1"
"NpcParam","50802001","","spEffectID15","5262","-1"
"NpcParam","50802080","","spEffectID15","5262","-1"
"NpcParam","50802087","","spEffectID15","5262","-1"
"NpcParam","50802090","","spEffectID15","5262","-1"
"NpcParam","50802094","","spEffectID15","5262","-1"
"NpcParam","50802095","","spEffectID15","5262","-1"
"NpcParam","50802100","","spEffectID15","5262","-1"
"NpcParam","50802190","","spEffectID15","5262","-1"
"NpcParam","50803000","","spEffectID15","5262","-1"
"NpcParam","50803001","","spEffectID15","5262","-1"
"NpcParam","50803087","","spEffectID15","5262","-1"
"NpcParam","50804000","","spEffectID15","5262","-1"
"NpcParam","50804001","","spEffectID15","5262","-1"
"NpcParam","50804087","","spEffectID15","5262","-1"
"NpcParam","50807080","","spEffectID15","5262","-1"
"NpcParam","50810000","","spEffectID15","5262","-1"
"NpcParam","50810001","","spEffectID15","5262","-1"
"NpcParam","50810087","","spEffectID15","5262","-1"
"NpcParam","50810090","","spEffectID15","5262","-1"
"NpcParam","50810094","","spEffectID15","5262","-1"
"NpcParam","50810095","","spEffectID15","5262","-1"
"NpcParam","50810100","","spEffectID15","5262","-1"
"NpcParam","50810194","","spEffectID15","5262","-1"
"NpcParam","50810195","","spEffectID15","5262","-1"
"NpcParam","50811000","","spEffectID15","5262","-1"
"NpcParam","50811087","","spEffectID15","5262","-1"
"NpcParam","50900000","","spEffectID15","5262","-1"
"NpcParam","50900080","","spEffectID15","5262","-1"
"NpcParam","50900081","","spEffectID15","5262","-1"
"NpcParam","50900083","","spEffectID15","5262","-1"
"NpcParam","50900084","","spEffectID15","5262","-1"
"NpcParam","50900087","","spEffectID15","5262","-1"
"NpcParam","50900088","","spEffectID15","5262","-1"
"NpcParam","50900089","","spEffectID15","5262","-1"
"NpcParam","50900090","","spEffectID15","5262","-1"
"NpcParam","50900091","","spEffectID15","5262","-1"
"NpcParam","50900095","","spEffectID15","5262","-1"
"NpcParam","50900100","","spEffectID15","5262","-1"
"NpcParam","50900190","","spEffectID15","5262","-1"
"NpcParam","50900200","","spEffectID15","5262","-1"
"NpcParam","50900280","","spEffectID15","5262","-1"
"NpcParam","50900281","","spEffectID15","5262","-1"
"NpcParam","50900284","","spEffectID15","5262","-1"
"NpcParam","50900288","","spEffectID15","5262","-1"
"NpcParam","50900290","","spEffectID15","5262","-1"
"NpcParam","50900295","","spEffectID15","5262","-1"
"NpcParam","50900300","","spEffectID15","5262","-1"
"NpcParam","50900389","","spEffectID15","5262","-1"
"NpcParam","50900400","","spEffectID15","5262","-1"
"NpcParam","50900487","","spEffectID15","5262","-1"
"NpcParam","50900500","","spEffectID15","5262","-1"
"NpcParam","50900587","","spEffectID15","5262","-1"
"NpcParam","51100000","","spEffectID15","5261","-1"
"NpcParam","51100001","","spEffectID15","5261","-1"
"NpcParam","51100080","","spEffectID15","5261","-1"
"NpcParam","51100081","","spEffectID15","5261","-1"
"NpcParam","51100083","","spEffectID15","5261","-1"
"NpcParam","51100084","","spEffectID15","5261","-1"
"NpcParam","51100090","","spEffectID15","5261","-1"
"NpcParam","51100100","","spEffectID15","5261","-1"
"NpcParam","51100101","","spEffectID15","5261","-1"
"NpcParam","51100181","","spEffectID15","5261","-1"
"NpcParam","51100183","","spEffectID15","5261","-1"
"NpcParam","51100184","","spEffectID15","5261","-1"
"NpcParam","51100190","","spEffectID15","5261","-1"
"NpcParam","51100200","","spEffectID15","5261","-1"
"NpcParam","51100201","","spEffectID15","5261","-1"
"NpcParam","51100283","","spEffectID15","5261","-1"
"NpcParam","51100300","","spEffectID15","5261","-1"
"NpcParam","51100383","","spEffectID15","5261","-1"
"NpcParam","51100384","","spEffectID15","5261","-1"
"NpcParam","51100683","","spEffectID15","5261","-1"
"NpcParam","51100690","","spEffectID15","5261","-1"
"NpcParam","51100693","","spEffectID15","5261","-1"
"NpcParam","51100781","","spEffectID15","5261","-1"
"NpcParam","51100790","","spEffectID15","5261","-1"
"NpcParam","51600000","","spEffectID15","5262","-1"
"NpcParam","51600001","","spEffectID15","5262","-1"
"NpcParam","51600098","","spEffectID15","5262","-1"
"NpcParam","51600099","","spEffectID15","5262","-1"
"NpcParam","51600100","","spEffectID15","5262","-1"
"NpcParam","51600101","","spEffectID15","5262","-1"
"NpcParam","51600198","","spEffectID15","5262","-1"
"NpcParam","51600199","","spEffectID15","5262","-1"
"NpcParam","51600200","","spEffectID15","5262","-1"
"NpcParam","51601000","","spEffectID15","5262","-1"
"NpcParam","51601001","","spEffectID15","5262","-1"
"NpcParam","51601099","","spEffectID15","5262","-1"
"NpcParam","51601100","","spEffectID15","5262","-1"
"NpcParam","51601190","","spEffectID15","5262","-1"
"NpcParam","51601199","","spEffectID15","5262","-1"
"NpcParam","51601200","","spEffectID15","5262","-1"
"NpcParam","51602000","","spEffectID15","5262","-1"
"NpcParam","51602001","","spEffectID15","5262","-1"
"NpcParam","51602099","","spEffectID15","5262","-1"
"NpcParam","51602100","","spEffectID15","5262","-1"
"NpcParam","51602199","","spEffectID15","5262","-1"
"NpcParam","51602200","","spEffectID15","5262","-1"
"NpcParam","51602299","","spEffectID15","5262","-1"
"NpcParam","51602300","","spEffectID15","5262","-1"
"NpcParam","51602398","","spEffectID15","5262","-1"
"NpcParam","52400000","","spEffectID15","5261","-1"
"NpcParam","52400001","","spEffectID15","5261","-1"
"NpcParam","52400002","","spEffectID15","5261","-1"
"NpcParam","52400080","","spEffectID15","5261","-1"
"NpcParam","52400081","","spEffectID15","5261","-1"
"NpcParam","52400083","","spEffectID15","5261","-1"
"NpcParam","52400090","","spEffectID15","5261","-1"
"NpcParam","52400093","","spEffectID15","5261","-1"
"NpcParam","52400095","","spEffectID15","5261","-1"
"NpcParam","52400100","","spEffectID15","5261","-1"
"NpcParam","52400101","","spEffectID15","5261","-1"
"NpcParam","52400180","","spEffectID15","5261","-1"
"NpcParam","52400200","","spEffectID15","5261","-1"
"NpcParam","52400201","","spEffectID15","5261","-1"
"NpcParam","52400280","","spEffectID15","5261","-1"
"NpcParam","52400283","","spEffectID15","5261","-1"
"NpcParam","52400290","","spEffectID15","5261","-1"
"NpcParam","52400295","","spEffectID15","5261","-1"
"NpcParam","52400300","","spEffectID15","5261","-1"
"NpcParam","52400301","","spEffectID15","5261","-1"
"NpcParam","52400386","","spEffectID15","5261","-1"
"NpcParam","52400390","","spEffectID15","5261","-1"
"NpcParam","52400394","","spEffectID15","5261","-1"
"NpcParam","52400400","","spEffectID15","5261","-1"
"NpcParam","52400401","","spEffectID15","5261","-1"
"NpcParam","52400480","","spEffectID15","5261","-1"
"NpcParam","52400484","","spEffectID15","5261","-1"
"NpcParam","52400490","","spEffectID15","5261","-1"
"NpcParam","52400500","","spEffectID15","5261","-1"
"NpcParam","52400501","","spEffectID15","5261","-1"
"NpcParam","52400584","","spEffectID15","5261","-1"
"NpcParam","52400586","","spEffectID15","5261","-1"
"NpcParam","52400590","","spEffectID15","5261","-1"
"NpcParam","52400600","","spEffectID15","5261","-1"
"NpcParam","52400700","","spEffectID15","5261","-1"
"NpcParam","52400780","","spEffectID15","5261","-1"
"NpcParam","52400783","","spEffectID15","5261","-1"
"NpcParam","52400790","","spEffectID15","5261","-1"
"NpcParam","52400795","","spEffectID15","5261","-1"
"NpcParam","52400800","","spEffectID15","5261","-1"
"NpcParam","52400880","","spEffectID15","5261","-1"
"NpcParam","52400883","","spEffectID15","5261","-1"
"NpcParam","52400886","","spEffectID15","5261","-1"
"NpcParam","52400890","","spEffectID15","5261","-1"
"NpcParam","52400900","","spEffectID15","5261","-1"
"NpcParam","52400990","","spEffectID15","5261","-1"
"NpcParam","52400994","","spEffectID15","5261","-1"
"NpcParam","52401000","","spEffectID15","5261","-1"
"NpcParam","52401001","","spEffectID15","5261","-1"
"NpcParam","52401098","","spEffectID15","5261","-1"
"NpcParam","52401099","","spEffectID15","5261","-1"
"NpcParam","52402000","","spEffectID15","5261","-1"
"NpcParam","52402001","","spEffectID15","5261","-1"
"NpcParam","52402086","","spEffectID15","5261","-1"
"NpcParam","52402088","","spEffectID15","5261","-1"
"NpcParam","52402089","","spEffectID15","5261","-1"
"NpcParam","52402090","","spEffectID15","5261","-1"
"NpcParam","52402094","","spEffectID15","5261","-1"
"NpcParam","52403000","","spEffectID15","5261","-1"
"NpcParam","52403001","","spEffectID15","5261","-1"
"NpcParam","52403080","","spEffectID15","5261","-1"
"NpcParam","52403083","","spEffectID15","5261","-1"
"NpcParam","52403090","","spEffectID15","5261","-1"
"NpcParam","52403095","","spEffectID15","5261","-1"
"NpcParam","52403200","","spEffectID15","5261","-1"
"NpcParam","52403280","","spEffectID15","5261","-1"
"NpcParam","52403283","","spEffectID15","5261","-1"
"NpcParam","52403290","","spEffectID15","5261","-1"
"NpcParam","52403295","","spEffectID15","5261","-1"
"NpcParam","52403300","","spEffectID15","5261","-1"
"NpcParam","52403400","","spEffectID15","5261","-1"
"NpcParam","52403480","","spEffectID15","5261","-1"
"NpcParam","52403483","","spEffectID15","5261","-1"
"NpcParam","52403490","","spEffectID15","5261","-1"
"NpcParam","52403495","","spEffectID15","5261","-1"
"NpcParam","52403500","","spEffectID15","5261","-1"
"NpcParam","52403580","","spEffectID15","5261","-1"
"NpcParam","52403583","","spEffectID15","5261","-1"
"NpcParam","52403590","","spEffectID15","5261","-1"
"NpcParam","52403595","","spEffectID15","5261","-1"
"NpcParam","52404000","","spEffectID15","5261","-1"
"NpcParam","52404001","","spEffectID15","5261","-1"
"NpcParam","52404099","","spEffectID15","5261","-1"
"NpcParam","52404100","","spEffectID15","5261","-1"
"NpcParam","52404101","","spEffectID15","5261","-1"
"NpcParam","52404180","","spEffectID15","5261","-1"
"NpcParam","52404181","","spEffectID15","5261","-1"
"NpcParam","52404183","","spEffectID15","5261","-1"
"NpcParam","52404190","","spEffectID15","5261","-1"
"NpcParam","52404191","","spEffectID15","5261","-1"
"NpcParam","52404195","","spEffectID15","5261","-1"
"NpcParam","52404200","","spEffectID15","5261","-1"
"NpcParam","52404300","","spEffectID15","5261","-1"
"NpcParam","52404301","","spEffectID15","5261","-1"
"NpcParam","52404399","","spEffectID15","5261","-1"
"NpcParam","52404400","","spEffectID15","5261","-1"
"NpcParam","52404401","","spEffectID15","5261","-1"
"NpcParam","52404499","","spEffectID15","5261","-1"
"NpcParam","52404500","","spEffectID15","5261","-1"
"NpcParam","52404599","","spEffectID15","5261","-1"
"NpcParam","52404600","","spEffectID15","5261","-1"
"NpcParam","52404699","","spEffectID15","5261","-1"
"NpcParam","52404700","","spEffectID15","5261","-1"
"NpcParam","52404799","","spEffectID15","5261","-1"
"NpcParam","52405100","","spEffectID15","5261","-1"
"NpcParam","52405101","","spEffectID15","5261","-1"
"NpcParam","52405186","","spEffectID15","5261","-1"
"NpcParam","52405188","","spEffectID15","5261","-1"
"NpcParam","52405189","","spEffectID15","5261","-1"
"NpcParam","52405190","","spEffectID15","5261","-1"
"NpcParam","52405194","","spEffectID15","5261","-1"
"NpcParam","52405200","","spEffectID15","5261","-1"
"NpcParam","52405201","","spEffectID15","5261","-1"
"NpcParam","52405286","","spEffectID15","5261","-1"
"NpcParam","52405288","","spEffectID15","5261","-1"
"NpcParam","52405289","","spEffectID15","5261","-1"
"NpcParam","52405290","","spEffectID15","5261","-1"
"NpcParam","52405294","","spEffectID15","5261","-1"
"NpcParam","52405300","","spEffectID15","5261","-1"
"NpcParam","52405388","","spEffectID15","5261","-1"
"NpcParam","52406000","","spEffectID15","5261","-1"
"NpcParam","52406001","","spEffectID15","5261","-1"
"NpcParam","52406080","","spEffectID15","5261","-1"
"NpcParam","52406083","","spEffectID15","5261","-1"
"NpcParam","52406090","","spEffectID15","5261","-1"
"NpcParam","52406095","","spEffectID15","5261","-1"
"NpcParam","52406100","","spEffectID15","5261","-1"
"NpcParam","52406101","","spEffectID15","5261","-1"
"NpcParam","52406188","","spEffectID15","5261","-1"
"NpcParam","52406189","","spEffectID15","5261","-1"
"NpcParam","52406190","","spEffectID15","5261","-1"
"NpcParam","52406194","","spEffectID15","5261","-1"
"NpcParam","52406200","","spEffectID15","5261","-1"
"NpcParam","52406280","","spEffectID15","5261","-1"
"NpcParam","52406283","","spEffectID15","5261","-1"
"NpcParam","52406290","","spEffectID15","5261","-1"
"NpcParam","52406295","","spEffectID15","5261","-1"
"NpcParam","52406300","","spEffectID15","5261","-1"
"NpcParam","52406394","","spEffectID15","5261","-1"
"NpcParam","52406400","","spEffectID15","5261","-1"
"NpcParam","52406488","","spEffectID15","5261","-1"
"NpcParam","52406494","","spEffectID15","5261","-1"
"NpcParam","52406495","","spEffectID15","5261","-1"
"NpcParam","52406500","","spEffectID15","5261","-1"
"NpcParam","52406594","","spEffectID15","5261","-1"
"NpcParam","52406600","","spEffectID15","5261","-1"
"NpcParam","52406694","","spEffectID15","5261","-1"
"NpcParam","52406700","","spEffectID15","5261","-1"
"NpcParam","52406794","","spEffectID15","5261","-1"
"NpcParam","52406800","","spEffectID15","5261","-1"
"NpcParam","52406894","","spEffectID15","5261","-1"
"NpcParam","52407000","","spEffectID15","5261","-1"
"NpcParam","52407001","","spEffectID15","5261","-1"
"NpcParam","52407080","","spEffectID15","5261","-1"
"NpcParam","52407090","","spEffectID15","5261","-1"
"NpcParam","52407091","","spEffectID15","5261","-1"
"NpcParam","52407400","","spEffectID15","5261","-1"
"NpcParam","52407480","","spEffectID15","5261","-1"
"NpcParam","52407495","","spEffectID15","5261","-1"
"NpcParam","52407500","","spEffectID15","5261","-1"
"NpcParam","52407580","","spEffectID15","5261","-1"
"NpcParam","52407590","","spEffectID15","5261","-1"
"NpcParam","52408000","","spEffectID15","5261","-1"
"NpcParam","52408001","","spEffectID15","5261","-1"
"NpcParam","52408086","","spEffectID15","5261","-1"
"NpcParam","52408100","","spEffectID15","5261","-1"
"NpcParam","52408186","","spEffectID15","5261","-1"
"NpcParam","52408194","","spEffectID15","5261","-1"
"NpcParam","52410000","","spEffectID15","5261","-1"
"NpcParam","52410086","","spEffectID15","5261","-1"
"NpcParam","52410088","","spEffectID15","5261","-1"
"NpcParam","52410089","","spEffectID15","5261","-1"
"NpcParam","52410090","","spEffectID15","5261","-1"
"NpcParam","52410095","","spEffectID15","5261","-1"
"NpcParam","52500000","","spEffectID15","5262","-1"
"NpcParam","52500001","","spEffectID15","5262","-1"
"NpcParam","52500086","","spEffectID15","5262","-1"
"NpcParam","52500088","","spEffectID15","5262","-1"
"NpcParam","52500090","","spEffectID15","5262","-1"
"NpcParam","52500094","","spEffectID15","5262","-1"
"NpcParam","52500095","","spEffectID15","5262","-1"
"NpcParam","52500100","","spEffectID15","5262","-1"
"NpcParam","52500101","","spEffectID15","5262","-1"
"NpcParam","52500189","","spEffectID15","5262","-1"
"NpcParam","52500194","","spEffectID15","5262","-1"
"NpcParam","52500988","","spEffectID15","5262","-1"
"NpcParam","52501000","","spEffectID15","5262","-1"
"NpcParam","52501001","","spEffectID15","5262","-1"
"NpcParam","52501086","","spEffectID15","5262","-1"
"NpcParam","52501088","","spEffectID15","5262","-1"
"NpcParam","52501090","","spEffectID15","5262","-1"
"NpcParam","52501094","","spEffectID15","5262","-1"
"NpcParam","52501095","","spEffectID15","5262","-1"
"NpcParam","52501100","","spEffectID15","5262","-1"
"NpcParam","52501101","","spEffectID15","5262","-1"
"NpcParam","52501189","","spEffectID15","5262","-1"
"NpcParam","52501200","","spEffectID15","5262","-1"
"NpcParam","52501201","","spEffectID15","5262","-1"
"NpcParam","52501289","","spEffectID15","5262","-1"
"NpcParam","52501300","","spEffectID15","5262","-1"
"NpcParam","52501301","","spEffectID15","5262","-1"
"NpcParam","52501389","","spEffectID15","5262","-1"
"NpcParam","52501400","","spEffectID15","5262","-1"
"NpcParam","52501401","","spEffectID15","5262","-1"
"NpcParam","52501489","","spEffectID15","5262","-1"
"NpcParam","52501989","","spEffectID15","5262","-1"
"NpcParam","52502000","","spEffectID15","5262","-1"
"NpcParam","52502001","","spEffectID15","5262","-1"
"NpcParam","52502089","","spEffectID15","5262","-1"
"NpcParam","52510000","","spEffectID15","5262","-1"
"NpcParam","52510001","","spEffectID15","5262","-1"
"NpcParam","52510089","","spEffectID15","5262","-1"
"NpcParam","52600000","","spEffectID15","5261","-1"
"NpcParam","52600001","","spEffectID15","5261","-1"
"NpcParam","52600081","","spEffectID15","5261","-1"
"NpcParam","52600090","","spEffectID15","5261","-1"
"NpcParam","52600093","","spEffectID15","5261","-1"
"NpcParam","52600100","","spEffectID15","5261","-1"
"NpcParam","52600181","","spEffectID15","5261","-1"
"NpcParam","52600200","","spEffectID15","5261","-1"
"NpcParam","52600290","","spEffectID15","5261","-1"
"NpcParam","52601000","","spEffectID15","5261","-1"
"NpcParam","52601001","","spEffectID15","5261","-1"
"NpcParam","52601090","","spEffectID15","5261","-1"
"NpcParam","52601093","","spEffectID15","5261","-1"
"NpcParam","52601095","","spEffectID15","5261","-1"
"NpcParam","52601100","","spEffectID15","5261","-1"
"NpcParam","52601190","","spEffectID15","5261","-1"
"NpcParam","52601200","","spEffectID15","5261","-1"
"NpcParam","52601290","","spEffectID15","5261","-1"
"NpcParam","52602000","","spEffectID15","5261","-1"
"NpcParam","52602001","","spEffectID15","5261","-1"
"NpcParam","52602081","","spEffectID15","5261","-1"
"NpcParam","52602090","","spEffectID15","5261","-1"
"NpcParam","52602093","","spEffectID15","5261","-1"
"NpcParam","52602095","","spEffectID15","5261","-1"
"NpcParam","52602100","","spEffectID15","5261","-1"
"NpcParam","52602181","","spEffectID15","5261","-1"
"NpcParam","52602200","","spEffectID15","5261","-1"
"NpcParam","52602201","","spEffectID15","5261","-1"
"NpcParam","52602281","","spEffectID15","5261","-1"
"NpcParam","52602290","","spEffectID15","5261","-1"
"NpcParam","52602295","","spEffectID15","5261","-1"
"NpcParam","52602300","","spEffectID15","5261","-1"
"NpcParam","52602381","","spEffectID15","5261","-1"
"NpcParam","52602400","","spEffectID15","5261","-1"
"NpcParam","52602490","","spEffectID15","5261","-1"
"NpcParam","52700000","","spEffectID15","5261","-1"
"NpcParam","52700001","","spEffectID15","5261","-1"
"NpcParam","52700080","","spEffectID15","5261","-1"
"NpcParam","52700084","","spEffectID15","5261","-1"
"NpcParam","52700090","","spEffectID15","5261","-1"
"NpcParam","52700098","","spEffectID15","5261","-1"
"NpcParam","52700100","","spEffectID15","5261","-1"
"NpcParam","52700101","","spEffectID15","5261","-1"
"NpcParam","52700180","","spEffectID15","5261","-1"
"NpcParam","52700184","","spEffectID15","5261","-1"
"NpcParam","52700190","","spEffectID15","5261","-1"
"NpcParam","52700198","","spEffectID15","5261","-1"
"NpcParam","52700200","","spEffectID15","5261","-1"
"NpcParam","52700201","","spEffectID15","5261","-1"
"NpcParam","52700280","","spEffectID15","5261","-1"
"NpcParam","52700284","","spEffectID15","5261","-1"
"NpcParam","52700290","","spEffectID15","5261","-1"
"NpcParam","52700298","","spEffectID15","5261","-1"
"NpcParam","52710000","","spEffectID15","5261","-1"
"NpcParam","52710080","","spEffectID15","5261","-1"
"NpcParam","52710084","","spEffectID15","5261","-1"
"NpcParam","52710090","","spEffectID15","5261","-1"
"NpcParam","52710098","","spEffectID15","5261","-1"
"NpcParam","52710100","","spEffectID15","5261","-1"
"NpcParam","52710180","","spEffectID15","5261","-1"
"NpcParam","52710184","","spEffectID15","5261","-1"
"NpcParam","52710190","","spEffectID15","5261","-1"
"NpcParam","52710198","","spEffectID15","5261","-1"
"NpcParam","52710200","","spEffectID15","5261","-1"
"NpcParam","52710280","","spEffectID15","5261","-1"
"NpcParam","52710284","","spEffectID15","5261","-1"
"NpcParam","52710290","","spEffectID15","5261","-1"
"NpcParam","52710298","","spEffectID15","5261","-1"
"NpcParam","52800000","","spEffectID15","5262","-1"
"NpcParam","52800001","","spEffectID15","5262","-1"
"NpcParam","52800086","","spEffectID15","5262","-1"
"NpcParam","53100900","","spEffectID15","5261","-1"
"NpcParam","53100901","","spEffectID15","5261","-1"
"NpcParam","53100986","","spEffectID15","5261","-1"
"NpcParam","53110000","","spEffectID15","5262","-1"
"NpcParam","53110080","","spEffectID15","5262","-1"
"NpcParam","53110086","","spEffectID15","5262","-1"
"NpcParam","53110089","","spEffectID15","5262","-1"
"NpcParam","53110090","","spEffectID15","5262","-1"
"NpcParam","53110094","","spEffectID15","5262","-1"
"NpcParam","53110100","","spEffectID15","5262","-1"
"NpcParam","53110180","","spEffectID15","5262","-1"
"NpcParam","53110186","","spEffectID15","5262","-1"
"NpcParam","53110189","","spEffectID15","5262","-1"
"NpcParam","53110190","","spEffectID15","5262","-1"
"NpcParam","53110400","","spEffectID15","5262","-1"
"NpcParam","53110486","","spEffectID15","5262","-1"
"NpcParam","53110500","","spEffectID15","5262","-1"
"NpcParam","53110586","","spEffectID15","5262","-1"
"NpcParam","53111000","","spEffectID15","5262","-1"
"NpcParam","53111080","","spEffectID15","5262","-1"
"NpcParam","53111086","","spEffectID15","5262","-1"
"NpcParam","53111089","","spEffectID15","5262","-1"
"NpcParam","53111090","","spEffectID15","5262","-1"
"NpcParam","53111200","","spEffectID15","5262","-1"
"NpcParam","53111286","","spEffectID15","5262","-1"
"NpcParam","53120100","","spEffectID15","5262","-1"
"NpcParam","53120189","","spEffectID15","5262","-1"
"NpcParam","53200000","","spEffectID15","5261","-1"
"NpcParam","53200086","","spEffectID15","5261","-1"
"NpcParam","53200089","","spEffectID15","5261","-1"
"NpcParam","53207000","","spEffectID15","5261","-1"
"NpcParam","53207086","","spEffectID15","5261","-1"
"NpcParam","53207089","","spEffectID15","5261","-1"
"NpcParam","53600000","","spEffectID15","5261","-1"
"NpcParam","53600083","","spEffectID15","5261","-1"
"NpcParam","53600084","","spEffectID15","5261","-1"
"NpcParam","53600100","","spEffectID15","5261","-1"
"NpcParam","53600181","","spEffectID15","5261","-1"
"NpcParam","53600184","","spEffectID15","5261","-1"
"NpcParam","53600300","","spEffectID15","5261","-1"
"NpcParam","53600400","","spEffectID15","5261","-1"
"NpcParam","53600500","","spEffectID15","5261","-1"
"NpcParam","53600700","","spEffectID15","5261","-1"
"NpcParam","53600790","","spEffectID15","5261","-1"
"NpcParam","53601000","","spEffectID15","5261","-1"
"NpcParam","53601083","","spEffectID15","5261","-1"
"NpcParam","53601084","","spEffectID15","5261","-1"
"NpcParam","53601100","","spEffectID15","5261","-1"
"NpcParam","53601181","","spEffectID15","5261","-1"
"NpcParam","53601184","","spEffectID15","5261","-1"
"NpcParam","53601700","","spEffectID15","5261","-1"
"NpcParam","53601790","","spEffectID15","5261","-1"
"NpcParam","53602000","","spEffectID15","5261","-1"
"NpcParam","53602083","","spEffectID15","5261","-1"
"NpcParam","53602084","","spEffectID15","5261","-1"
"NpcParam","53602100","","spEffectID15","5261","-1"
"NpcParam","53602181","","spEffectID15","5261","-1"
"NpcParam","53602184","","spEffectID15","5261","-1"
"NpcParam","53602700","","spEffectID15","5261","-1"
"NpcParam","53602790","","spEffectID15","5261","-1"
"NpcParam","53603000","","spEffectID15","5261","-1"
"NpcParam","53603083","","spEffectID15","5261","-1"
"NpcParam","53603084","","spEffectID15","5261","-1"
"NpcParam","53603100","","spEffectID15","5261","-1"
"NpcParam","53603181","","spEffectID15","5261","-1"
"NpcParam","53603184","","spEffectID15","5261","-1"
"NpcParam","53603700","","spEffectID15","5261","-1"
"NpcParam","53603790","","spEffectID15","5261","-1"
"NpcParam","53604000","","spEffectID15","5261","-1"
"NpcParam","53604083","","spEffectID15","5261","-1"
"NpcParam","53604084","","spEffectID15","5261","-1"
"NpcParam","53604100","","spEffectID15","5261","-1"
"NpcParam","53604181","","spEffectID15","5261","-1"
"NpcParam","53604184","","spEffectID15","5261","-1"
"NpcParam","53604700","","spEffectID15","5261","-1"
"NpcParam","53604790","","spEffectID15","5261","-1"
"NpcParam","53800000","","spEffectID15","5262","-1"
"NpcParam","53800081","","spEffectID15","5262","-1"
"NpcParam","53800084","","spEffectID15","5262","-1"
"NpcParam","53800090","","spEffectID15","5262","-1"
"NpcParam","53800091","","spEffectID15","5262","-1"
"NpcParam","53800094","","spEffectID15","5262","-1"
"NpcParam","53800200","","spEffectID15","5262","-1"
"NpcParam","53800284","","spEffectID15","5262","-1"
"NpcParam","53800300","","spEffectID15","5262","-1"
"NpcParam","53800390","","spEffectID15","5262","-1"
"NpcParam","53810000","","spEffectID15","5261","-1"
"NpcParam","53810081","","spEffectID15","5261","-1"
"NpcParam","53810084","","spEffectID15","5261","-1"
"NpcParam","53810090","","spEffectID15","5261","-1"
"NpcParam","53810091","","spEffectID15","5261","-1"
"NpcParam","53810094","","getSoul","1091","0"
"NpcParam","53810094","","spEffectID15","5261","-1"
"NpcParam","53810200","","spEffectID15","5261","-1"
"NpcParam","53810284","","spEffectID15","5261","-1"
"NpcParam","53810300","","spEffectID15","5261","-1"
"NpcParam","53810390","","spEffectID15","5261","-1"
"NpcParam","53811000","","spEffectID15","5261","-1"
"NpcParam","53811081","","spEffectID15","5261","-1"
"NpcParam","53811200","","spEffectID15","5261","-1"
"NpcParam","53811300","","spEffectID15","5261","-1"
"NpcParam","53811390","","spEffectID15","5261","-1"
"NpcParam","53900000","","spEffectID15","5262","-1"
"NpcParam","53900001","","spEffectID15","5262","-1"
"NpcParam","53900083","","spEffectID15","5262","-1"
"NpcParam","53900090","","spEffectID15","5262","-1"
"NpcParam","53900100","","spEffectID15","5262","-1"
"NpcParam","53901000","","spEffectID15","5262","-1"
"NpcParam","53903000","","spEffectID15","5262","-1"
"NpcParam","53904000","","spEffectID15","5262","-1"
"NpcParam","53904100","","spEffectID15","5262","-1"
"NpcParam","53910000","","spEffectID15","5262","-1"
"NpcParam","53910082","","spEffectID15","5262","-1"
"NpcParam","53910100","","spEffectID15","5262","-1"
"NpcParam","53910190","","spEffectID15","5262","-1"
"NpcParam","53910200","","spEffectID15","5262","-1"
"NpcParam","53918000","","spEffectID15","5262","-1"
"NpcParam","53920000","","spEffectID15","5262","-1"
"NpcParam","55000000","","spEffectID15","5261","-1"
"NpcParam","55000081","","spEffectID15","5261","-1"
"NpcParam","55000090","","spEffectID15","5261","-1"
"NpcParam","55000093","","spEffectID15","5261","-1"
"NpcParam","55000095","","spEffectID15","5261","-1"
"NpcParam","55000100","","spEffectID15","5261","-1"
"NpcParam","55000181","","spEffectID15","5261","-1"
"NpcParam","55000190","","spEffectID15","5261","-1"
"NpcParam","55000193","","spEffectID15","5261","-1"
"NpcParam","55000195","","spEffectID15","5261","-1"
"NpcParam","55000200","","spEffectID15","5261","-1"
"NpcParam","55000281","","spEffectID15","5261","-1"
"NpcParam","55000290","","spEffectID15","5261","-1"
"NpcParam","55000293","","spEffectID15","5261","-1"
"NpcParam","55000295","","spEffectID15","5261","-1"
"NpcParam","55000300","","spEffectID15","5261","-1"
"NpcParam","55000381","","spEffectID15","5261","-1"
"NpcParam","55000390","","spEffectID15","5261","-1"
"NpcParam","55000393","","spEffectID15","5261","-1"
"NpcParam","55000395","","spEffectID15","5261","-1"
"NpcParam","55000400","","spEffectID15","5261","-1"
"NpcParam","55000481","","spEffectID15","5261","-1"
"NpcParam","55000490","","spEffectID15","5261","-1"
"NpcParam","55000493","","spEffectID15","5261","-1"
"NpcParam","55000495","","spEffectID15","5261","-1"
"NpcParam","55000500","","spEffectID15","5261","-1"
"NpcParam","55000581","","spEffectID15","5261","-1"
"NpcParam","55000590","","spEffectID15","5261","-1"
"NpcParam","55000593","","spEffectID15","5261","-1"
"NpcParam","55000595","","spEffectID15","5261","-1"
"NpcParam","55000600","","spEffectID15","5261","-1"
"NpcParam","55000690","","spEffectID15","5261","-1"
"NpcParam","55000700","","spEffectID15","5261","-1"
"NpcParam","55000790","","spEffectID15","5261","-1"
"NpcParam","55000800","","spEffectID15","5261","-1"
"NpcParam","55000890","","spEffectID15","5261","-1"
"NpcParam","55010000","","spEffectID15","5261","-1"
"NpcParam","55010085","","spEffectID15","5261","-1"
"NpcParam","55010100","","spEffectID15","5261","-1"
"NpcParam","55010185","","spEffectID15","5261","-1"
"NpcParam","55010200","","spEffectID15","5261","-1"
"NpcParam","55010285","","spEffectID15","5261","-1"
"NpcParam","55010685","","spEffectID15","5261","-1"
"NpcParam","55010785","","spEffectID15","5261","-1"
"NpcParam","55010885","","spEffectID15","5261","-1"
"NpcParam","55130000","","spEffectID15","5262","-1"
"NpcParam","55130081","","spEffectID15","5262","-1"
"NpcParam","55130083","","spEffectID15","5262","-1"
"NpcParam","55130090","","spEffectID15","5262","-1"
"NpcParam","55200000","","spEffectID15","5261","-1"
"NpcParam","55200081","","spEffectID15","5261","-1"
"NpcParam","55200090","","spEffectID15","5261","-1"
"NpcParam","55200095","","spEffectID15","5261","-1"
"NpcParam","55210000","","spEffectID15","5261","-1"
"NpcParam","55210080","","spEffectID15","5261","-1"
"NpcParam","55210081","","spEffectID15","5261","-1"
"NpcParam","55210090","","spEffectID15","5261","-1"
"NpcParam","55220000","","spEffectID15","5261","-1"
"NpcParam","55220080","","spEffectID15","5261","-1"
"NpcParam","55220081","","spEffectID15","5261","-1"
"NpcParam","55220083","","spEffectID15","5261","-1"
"NpcParam","55220090","","spEffectID15","5261","-1"
"NpcParam","55220094","","spEffectID15","5261","-1"
"NpcParam","55220095","","spEffectID15","5261","-1"
"NpcParam","55230000","","spEffectID15","5261","-1"
"NpcParam","55230080","","spEffectID15","5261","-1"
"NpcParam","55230081","","spEffectID15","5261","-1"
"NpcParam","55230083","","spEffectID15","5261","-1"
"NpcParam","55230090","","spEffectID15","5261","-1"
"NpcParam","55230094","","spEffectID15","5261","-1"
"NpcParam","55230095","","spEffectID15","5261","-1"
"NpcParam","55240000","","spEffectID15","5261","-1"
"NpcParam","55240082","","spEffectID15","5261","-1"
"NpcParam","55240090","","spEffectID15","5261","-1"
"NpcParam","55240094","","spEffectID15","5261","-1"
"NpcParam","55250000","","spEffectID15","5261","-1"
"NpcParam","55250082","","spEffectID15","5261","-1"
"NpcParam","55250090","","spEffectID15","5261","-1"
"NpcParam","55250094","","spEffectID15","5261","-1"
"NpcParam","55250095","","spEffectID15","5261","-1"
"NpcParam","55260000","","spEffectID15","5261","-1"
"NpcParam","55260080","","spEffectID15","5261","-1"
"NpcParam","55260090","","spEffectID15","5261","-1"
"NpcParam","55260094","","spEffectID15","5261","-1"
"NpcParam","55270000","","spEffectID15","5261","-1"
"NpcParam","55270080","","spEffectID15","5261","-1"
"NpcParam","55270090","","spEffectID15","5261","-1"
"NpcParam","55270094","","spEffectID15","5261","-1"
"NpcParam","55270095","","spEffectID15","5261","-1"
"NpcParam","55300000","","spEffectID15","5261","-1"
"NpcParam","55300080","","spEffectID15","5261","-1"
"NpcParam","55300081","","spEffectID15","5261","-1"
"NpcParam","55300090","","spEffectID15","5261","-1"
"NpcParam","55300093","","spEffectID15","5261","-1"
"NpcParam","55300098","","spEffectID15","5261","-1"
"NpcParam","55300099","","spEffectID15","5261","-1"
"NpcParam","55300100","","spEffectID15","5261","-1"
"NpcParam","55300180","","spEffectID15","5261","-1"
"NpcParam","55300181","","spEffectID15","5261","-1"
"NpcParam","55300190","","spEffectID15","5261","-1"
"NpcParam","55300193","","spEffectID15","5261","-1"
"NpcParam","55300198","","spEffectID15","5261","-1"
"NpcParam","55300199","","spEffectID15","5261","-1"
"NpcParam","55300200","","spEffectID15","5261","-1"
"NpcParam","55300299","","spEffectID15","5261","-1"
"NpcParam","55301000","","spEffectID15","5261","-1"
"NpcParam","55301100","","spEffectID15","5261","-1"
"NpcParam","55301200","","spEffectID15","5261","-1"
"NpcParam","55400000","","spEffectID15","5261","-1"
"NpcParam","55400009","","spEffectID15","5261","-1"
"NpcParam","55400084","","spEffectID15","5261","-1"
"NpcParam","55400090","","spEffectID15","5261","-1"
"NpcParam","55400100","","spEffectID15","5261","-1"
"NpcParam","55400900","","spEffectID15","5261","-1"
"NpcParam","55401000","","spEffectID15","5261","-1"
"NpcParam","55402000","","spEffectID15","5261","-1"
"NpcParam","55409000","","spEffectID15","5261","-1"
"NpcParam","55410000","","spEffectID15","5261","-1"
"NpcParam","55410009","","spEffectID15","5261","-1"
"NpcParam","55410084","","spEffectID15","5261","-1"
"NpcParam","55410090","","spEffectID15","5261","-1"
"NpcParam","55500000","","spEffectID15","5261","-1"
"NpcParam","55500083","","spEffectID15","5261","-1"
"NpcParam","55500093","","spEffectID15","5261","-1"
"NpcParam","55500100","","spEffectID15","5261","-1"
"NpcParam","55500200","","spEffectID15","5261","-1"
"NpcParam","55505000","","spEffectID15","5261","-1"
"NpcParam","55505100","","spEffectID15","5261","-1"
"NpcParam","55505200","","spEffectID15","5261","-1"
"NpcParam","55505300","","spEffectID15","5261","-1"
"NpcParam","55505400","","spEffectID15","5261","-1"
"NpcParam","55505500","","spEffectID15","5261","-1"
"NpcParam","55505600","","spEffectID15","5261","-1"
"NpcParam","55505700","","spEffectID15","5261","-1"
"NpcParam","55505800","","spEffectID15","5261","-1"
"NpcParam","55506000","","spEffectID15","5261","-1"
"NpcParam","55506100","","spEffectID15","5261","-1"
"NpcParam","55506200","","spEffectID15","5261","-1"
"NpcParam","55506300","","spEffectID15","5261","-1"
"NpcParam","55506400","","spEffectID15","5261","-1"
"NpcParam","55507000","","spEffectID15","5261","-1"
"NpcParam","55507100","","spEffectID15","5261","-1"
"NpcParam","55507200","","spEffectID15","5261","-1"
"NpcParam","55507300","","spEffectID15","5261","-1"
"NpcParam","55507400","","spEffectID15","5261","-1"
"NpcParam","55507500","","spEffectID15","5261","-1"
"NpcParam","55507600","","spEffectID15","5261","-1"
"NpcParam","55507700","","spEffectID15","5261","-1"
"NpcParam","55507800","","spEffectID15","5261","-1"
"NpcParam","55508000","","spEffectID15","5261","-1"
"NpcParam","55508100","","spEffectID15","5261","-1"
"NpcParam","55508200","","spEffectID15","5261","-1"
"NpcParam","55508300","","spEffectID15","5261","-1"
"NpcParam","55508400","","spEffectID15","5261","-1"
"NpcParam","55508500","","spEffectID15","5261","-1"
"NpcParam","55508800","","spEffectID15","5261","-1"
"NpcParam","55510000","","spEffectID15","5262","-1"
"NpcParam","55510093","","spEffectID15","5262","-1"
"NpcParam","55510100","","spEffectID15","5262","-1"
"NpcParam","55600000","","spEffectID15","5261","-1"
"NpcParam","55600083","","spEffectID15","5261","-1"
"NpcParam","55600093","","spEffectID15","5261","-1"
"NpcParam","55600100","","spEffectID15","5261","-1"
"NpcParam","55600200","","spEffectID15","5261","-1"
"NpcParam","55600297","","spEffectID15","5261","-1"
"NpcParam","55600300","","spEffectID15","5261","-1"
"NpcParam","55600390","","spEffectID15","5261","-1"
"NpcParam","55700000","","spEffectID15","5261","-1"
"NpcParam","55700090","","spEffectID15","5261","-1"
"NpcParam","55701000","","spEffectID15","5261","-1"
"NpcParam","55701090","","spEffectID15","5261","-1"
"NpcParam","55701100","","spEffectID15","5261","-1"
"NpcParam","55701190","","spEffectID15","5261","-1"
"NpcParam","55701200","","spEffectID15","5261","-1"
"NpcParam","55701290","","spEffectID15","5261","-1"
"NpcParam","55702000","","spEffectID15","5261","-1"
"NpcParam","55702090","","spEffectID15","5261","-1"
"NpcParam","55900000","","spEffectID15","5261","-1"
"NpcParam","55900081","","spEffectID15","5261","-1"
"NpcParam","55900083","","spEffectID15","5261","-1"
"NpcParam","55900087","","spEffectID15","5261","-1"
"NpcParam","55900090","","spEffectID15","5261","-1"
"NpcParam","55900091","","spEffectID15","5261","-1"
"NpcParam","55900100","","spEffectID15","5261","-1"
"NpcParam","55900180","","spEffectID15","5261","-1"
"NpcParam","55900184","","spEffectID15","5261","-1"
"NpcParam","55900190","","spEffectID15","5261","-1"
"NpcParam","55900200","","spEffectID15","5261","-1"
"NpcParam","55900300","","spEffectID15","5261","-1"
"NpcParam","55900400","","spEffectID15","5261","-1"
"NpcParam","55900483","","spEffectID15","5261","-1"
"NpcParam","55900487","","spEffectID15","5261","-1"
"NpcParam","55900500","","spEffectID15","5261","-1"
"NpcParam","55900585","","spEffectID15","5261","-1"
"NpcParam","55910000","","spEffectID15","5261","-1"
"NpcParam","55910087","","spEffectID15","5261","-1"
"NpcParam","55910400","","spEffectID15","5261","-1"
"NpcParam","55910500","","spEffectID15","5261","-1"
"NpcParam","55910587","","spEffectID15","5261","-1"
"NpcParam","55917500","","spEffectID15","5261","-1"
"NpcParam","55917587","","spEffectID15","5261","-1"
"NpcParam","56000000","","spEffectID15","5261","-1"
"NpcParam","56000087","","spEffectID15","5261","-1"
"NpcParam","56000100","","spEffectID15","5261","-1"
"NpcParam","56000187","","spEffectID15","5261","-1"
"NpcParam","56000200","","spEffectID15","5261","-1"
"NpcParam","56000287","","spEffectID15","5261","-1"
"NpcParam","56001000","","spEffectID15","5261","-1"
"NpcParam","56001087","","spEffectID15","5261","-1"
"NpcParam","56001100","","spEffectID15","5261","-1"
"NpcParam","56001187","","spEffectID15","5261","-1"
"NpcParam","56002000","","spEffectID15","5261","-1"
"NpcParam","56002087","","spEffectID15","5261","-1"
"NpcParam","56002100","","spEffectID15","5261","-1"
"NpcParam","56002187","","spEffectID15","5261","-1"
"NpcParam","56003000","","spEffectID15","5261","-1"
"NpcParam","56003087","","spEffectID15","5261","-1"
"NpcParam","56003100","","spEffectID15","5261","-1"
"NpcParam","56003187","","spEffectID15","5261","-1"
"NpcParam","56003200","","spEffectID15","5261","-1"
"NpcParam","56003287","","spEffectID15","5261","-1"
"NpcParam","56003300","","spEffectID15","5261","-1"
"NpcParam","56004000","","spEffectID15","5261","-1"
"NpcParam","56004100","","spEffectID15","5261","-1"
"NpcParam","56200000","","spEffectID15","5262","-1"
"NpcParam","56200084","","spEffectID15","5262","-1"
"NpcParam","56300000","","spEffectID15","5262","-1"
"NpcParam","56300083","","spEffectID15","5262","-1"
"NpcParam","56300090","","spEffectID15","5262","-1"
"NpcParam","56301000","","spEffectID15","5262","-1"
"NpcParam","56302000","","spEffectID15","5262","-1"
"NpcParam","56302081","","spEffectID15","5262","-1"
"NpcParam","56307081","","spEffectID15","5262","-1"
"NpcParam","56400000","","spEffectID15","5262","-1"
"NpcParam","56400081","","spEffectID15","5262","-1"
"NpcParam","56400083","","spEffectID15","5262","-1"
"NpcParam","56400098","","spEffectID15","5262","-1"
"NpcParam","56400100","","spEffectID15","5262","-1"
"NpcParam","56400183","","spEffectID15","5262","-1"
"NpcParam","56400198","","spEffectID15","5262","-1"
"NpcParam","56410000","","spEffectID15","5261","-1"
"NpcParam","56410081","","spEffectID15","5261","-1"
"NpcParam","56410083","","spEffectID15","5261","-1"
"NpcParam","56410094","","spEffectID15","5261","-1"
"NpcParam","56410098","","spEffectID15","5261","-1"
"NpcParam","56510000","","spEffectID15","5261","-1"
"NpcParam","56510080","","spEffectID15","5261","-1"
"NpcParam","56510081","","spEffectID15","5261","-1"
"NpcParam","56510082","","spEffectID15","5261","-1"
"NpcParam","56510090","","spEffectID15","5261","-1"
"NpcParam","56510093","","spEffectID15","5261","-1"
"NpcParam","56510095","","spEffectID15","5261","-1"
"NpcParam","56510098","","spEffectID15","5261","-1"
"NpcParam","56510100","","spEffectID15","5261","-1"
"NpcParam","56510500","","spEffectID15","5261","-1"
"NpcParam","56510582","","spEffectID15","5261","-1"
"NpcParam","56510590","","spEffectID15","5261","-1"
"NpcParam","56510598","","spEffectID15","5261","-1"
"NpcParam","56510890","","spEffectID15","5261","-1"
"NpcParam","56511000","","spEffectID15","5261","-1"
"NpcParam","56511400","","spEffectID15","5261","-1"
"NpcParam","56511500","","spEffectID15","5261","-1"
"NpcParam","56511581","","spEffectID15","5261","-1"
"NpcParam","56511593","","spEffectID15","5261","-1"
"NpcParam","56511600","","spEffectID15","5261","-1"
"NpcParam","56511690","","spEffectID15","5261","-1"
"NpcParam","56511700","","spEffectID15","5261","-1"
"NpcParam","56511800","","spEffectID15","5261","-1"
"NpcParam","56511890","","spEffectID15","5261","-1"
"NpcParam","56511900","","spEffectID15","5261","-1"
"NpcParam","56512000","","spEffectID15","5261","-1"
"NpcParam","56512081","","spEffectID15","5261","-1"
"NpcParam","56512082","","spEffectID15","5261","-1"
"NpcParam","56512090","","spEffectID15","5261","-1"
"NpcParam","56512093","","spEffectID15","5261","-1"
"NpcParam","56512095","","spEffectID15","5261","-1"
"NpcParam","56512098","","spEffectID15","5261","-1"
"NpcParam","56512100","","spEffectID15","5261","-1"
"NpcParam","56512500","","spEffectID15","5261","-1"
"NpcParam","56512590","","spEffectID15","5261","-1"
"NpcParam","56512595","","spEffectID15","5261","-1"
"NpcParam","56513000","","spEffectID15","5261","-1"
"NpcParam","56514000","","spEffectID15","5261","-1"
"NpcParam","56514090","","spEffectID15","5261","-1"
"NpcParam","56514095","","spEffectID15","5261","-1"
"NpcParam","56514098","","spEffectID15","5261","-1"
"NpcParam","56516000","","spEffectID15","5261","-1"
"NpcParam","56516081","","spEffectID15","5261","-1"
"NpcParam","56516082","","spEffectID15","5261","-1"
"NpcParam","56516090","","spEffectID15","5261","-1"
"NpcParam","56516093","","spEffectID15","5261","-1"
"NpcParam","56516095","","spEffectID15","5261","-1"
"NpcParam","56516098","","spEffectID15","5261","-1"
"NpcParam","56517000","","spEffectID15","5261","-1"
"NpcParam","56517081","","spEffectID15","5261","-1"
"NpcParam","56517095","","spEffectID15","5261","-1"
"NpcParam","56519000","","spEffectID15","5261","-1"
"NpcParam","56610000","","spEffectID15","5261","-1"
"NpcParam","56610081","","spEffectID15","5261","-1"
"NpcParam","56610090","","spEffectID15","5261","-1"
"NpcParam","56610091","","spEffectID15","5261","-1"
"NpcParam","56610095","","spEffectID15","5261","-1"
"NpcParam","56610098","","spEffectID15","5261","-1"
"NpcParam","56610099","","spEffectID15","5261","-1"
"NpcParam","56610100","","spEffectID15","5261","-1"
"NpcParam","56611000","","spEffectID15","5261","-1"
"NpcParam","56611081","","spEffectID15","5261","-1"
"NpcParam","56611090","","spEffectID15","5261","-1"
"NpcParam","56611091","","spEffectID15","5261","-1"
"NpcParam","56611095","","spEffectID15","5261","-1"
"NpcParam","56611098","","spEffectID15","5261","-1"
"NpcParam","56611099","","spEffectID15","5261","-1"
"NpcParam","56611100","","spEffectID15","5261","-1"
"NpcParam","56612000","","spEffectID15","5261","-1"
"NpcParam","56612081","","spEffectID15","5261","-1"
"NpcParam","56612090","","spEffectID15","5261","-1"
"NpcParam","56612091","","spEffectID15","5261","-1"
"NpcParam","56612095","","spEffectID15","5261","-1"
"NpcParam","56612098","","spEffectID15","5261","-1"
"NpcParam","56612099","","spEffectID15","5261","-1"
"NpcParam","56612100","","spEffectID15","5261","-1"
"NpcParam","57000000","","spEffectID15","5261","-1"
"NpcParam","57000083","","spEffectID15","5261","-1"
"NpcParam","57000093","","spEffectID15","5261","-1"
"NpcParam","57000200","","spEffectID15","5261","-1"
"NpcParam","57001000","","spEffectID15","5261","-1"
"NpcParam","57001083","","spEffectID15","5261","-1"
"NpcParam","57001093","","spEffectID15","5261","-1"
"NpcParam","57001200","","spEffectID15","5261","-1"
"NpcParam","57002000","","spEffectID15","5261","-1"
"NpcParam","57002083","","spEffectID15","5261","-1"
"NpcParam","57002093","","spEffectID15","5261","-1"
"NpcParam","57002200","","spEffectID15","5261","-1"
"NpcParam","57009000","","spEffectID15","5261","-1"
"NpcParam","57009100","","spEffectID15","5261","-1"
"NpcParam","57009200","","spEffectID15","5261","-1"
"NpcParam","57010000","","spEffectID15","5261","-1"
"NpcParam","57010083","","spEffectID15","5261","-1"
"NpcParam","57010093","","spEffectID15","5261","-1"
"NpcParam","57100000","","spEffectID15","5261","-1"
"NpcParam","57100083","","spEffectID15","5261","-1"
"NpcParam","57100093","","spEffectID15","5261","-1"
"NpcParam","57200000","","spEffectID15","5261","-1"
"NpcParam","57200083","","spEffectID15","5261","-1"
"NpcParam","57200093","","spEffectID15","5261","-1"
"NpcParam","57200100","","spEffectID15","5261","-1"
"NpcParam","57300000","","spEffectID15","5262","-1"
"NpcParam","57301000","","spEffectID15","5262","-1"
"NpcParam","57301993","","spEffectID15","5262","-1"
"NpcParam","57400000","","spEffectID15","5262","-1"
"NpcParam","57400090","","spEffectID15","5262","-1"
"NpcParam","57400094","","spEffectID15","5262","-1"
"NpcParam","57400095","","spEffectID15","5262","-1"
"NpcParam","57401000","","spEffectID15","5262","-1"
"NpcParam","57401090","","spEffectID15","5262","-1"
"NpcParam","57401094","","spEffectID15","5262","-1"
"NpcParam","57401095","","spEffectID15","5262","-1"
"NpcParam","57402000","","spEffectID15","5262","-1"
"NpcParam","57402090","","spEffectID15","5262","-1"
"NpcParam","57402094","","spEffectID15","5262","-1"
"NpcParam","57402095","","spEffectID15","5262","-1"
"NpcParam","57403000","","spEffectID15","5262","-1"
"NpcParam","57403090","","spEffectID15","5262","-1"
"NpcParam","57403094","","spEffectID15","5262","-1"
"NpcParam","57403095","","spEffectID15","5262","-1"
"NpcParam","57404000","","spEffectID15","5262","-1"
"NpcParam","57404090","","spEffectID15","5262","-1"
"NpcParam","57404094","","spEffectID15","5262","-1"
"NpcParam","57404095","","spEffectID15","5262","-1"
"NpcParam","57405000","","spEffectID15","5262","-1"
"NpcParam","57405094","","spEffectID15","5262","-1"
"NpcParam","57405095","","spEffectID15","5262","-1"
"NpcParam","57406000","","spEffectID15","5262","-1"
"NpcParam","57406094","","spEffectID15","5262","-1"
"NpcParam","57406095","","spEffectID15","5262","-1"
"NpcParam","57407000","","spEffectID15","5262","-1"
"NpcParam","57407094","","spEffectID15","5262","-1"
"NpcParam","57407095","","spEffectID15","5262","-1"
"NpcParam","57500000","","spEffectID15","5261","-1"
"NpcParam","57500080","","spEffectID15","5261","-1"
"NpcParam","57500084","","spEffectID15","5261","-1"
"NpcParam","57500090","","spEffectID15","5261","-1"
"NpcParam","57500098","","spEffectID15","5261","-1"
"NpcParam","57500400","","spEffectID15","5261","-1"
"NpcParam","57500480","","spEffectID15","5261","-1"
"NpcParam","57500484","","spEffectID15","5261","-1"
"NpcParam","57500490","","spEffectID15","5261","-1"
"NpcParam","57500498","","spEffectID15","5261","-1"
"NpcParam","57507000","","spEffectID15","5261","-1"
"NpcParam","57508000","","spEffectID15","5261","-1"
"NpcParam","57508080","","spEffectID15","5261","-1"
"NpcParam","57508084","","spEffectID15","5261","-1"
"NpcParam","57508090","","spEffectID15","5261","-1"
"NpcParam","57508098","","spEffectID15","5261","-1"
"NpcParam","57508100","","spEffectID15","5261","-1"
"NpcParam","57508180","","spEffectID15","5261","-1"
"NpcParam","57508184","","spEffectID15","5261","-1"
"NpcParam","57508190","","spEffectID15","5261","-1"
"NpcParam","57508200","","spEffectID15","5261","-1"
"NpcParam","57508280","","spEffectID15","5261","-1"
"NpcParam","57508284","","spEffectID15","5261","-1"
"NpcParam","57508290","","spEffectID15","5261","-1"
"NpcParam","57508300","","spEffectID15","5261","-1"
"NpcParam","57508380","","spEffectID15","5261","-1"
"NpcParam","57508390","","spEffectID15","5261","-1"
"NpcParam","57508400","","spEffectID15","5261","-1"
"NpcParam","57508480","","spEffectID15","5261","-1"
"NpcParam","57508490","","spEffectID15","5261","-1"
"NpcParam","57508500","","spEffectID15","5261","-1"
"NpcParam","57508580","","spEffectID15","5261","-1"
"NpcParam","57510000","","spEffectID15","5261","-1"
"NpcParam","57510002","","spEffectID15","5261","-1"
"NpcParam","57510080","","spEffectID15","5261","-1"
"NpcParam","57510084","","spEffectID15","5261","-1"
"NpcParam","57510090","","spEffectID15","5261","-1"
"NpcParam","57510098","","spEffectID15","5261","-1"
"NpcParam","57510200","","spEffectID15","5261","-1"
"NpcParam","57510300","","spEffectID15","5261","-1"
"NpcParam","57510400","","spEffectID15","5261","-1"
"NpcParam","57510480","","getSoul","1091","0"
"NpcParam","57510480","","spEffectID15","5261","-1"
"NpcParam","57510484","","spEffectID15","5261","-1"
"NpcParam","57510490","","spEffectID15","5261","-1"
"NpcParam","57510498","","spEffectID15","5261","-1"
"NpcParam","57600000","","spEffectID15","5261","-1"
"NpcParam","57600080","","spEffectID15","5261","-1"
"NpcParam","57600081","","spEffectID15","5261","-1"
"NpcParam","57600084","","spEffectID15","5261","-1"
"NpcParam","57600090","","spEffectID15","5261","-1"
"NpcParam","57600100","","spEffectID15","5261","-1"
"NpcParam","57600300","","spEffectID15","5261","-1"
"NpcParam","57600386","","spEffectID15","5261","-1"
"NpcParam","57600390","","spEffectID15","5261","-1"
"NpcParam","57600886","","spEffectID15","5261","-1"
"NpcParam","57610000","","spEffectID15","5261","-1"
"NpcParam","57610080","","spEffectID15","5261","-1"
"NpcParam","57610081","","spEffectID15","5261","-1"
"NpcParam","57610084","","spEffectID15","5261","-1"
"NpcParam","57610090","","spEffectID15","5261","-1"
"NpcParam","57610300","","spEffectID15","5261","-1"
"NpcParam","57610386","","spEffectID15","5261","-1"
"NpcParam","57610390","","spEffectID15","5261","-1"
"NpcParam","57610886","","spEffectID15","5261","-1"
"NpcParam","57700000","","spEffectID15","5262","-1"
"NpcParam","57700084","","spEffectID15","5262","-1"
"NpcParam","57800000","","spEffectID15","5262","-1"
"NpcParam","57800090","","spEffectID15","5262","-1"
"NpcParam","57800095","","spEffectID15","5262","-1"
"NpcParam","57800100","","spEffectID15","5262","-1"
"NpcParam","57800200","","spEffectID15","5262","-1"
"NpcParam","57800700","","spEffectID15","5262","-1"
"NpcParam","57900000","","spEffectID15","5262","-1"
"NpcParam","57900090","","spEffectID15","5262","-1"
"NpcParam","57900095","","spEffectID15","5262","-1"
"NpcParam","57900100","","spEffectID15","5262","-1"
"NpcParam","57901000","","spEffectID15","5262","-1"
"NpcParam","57901090","","spEffectID15","5262","-1"
"NpcParam","57901094","","spEffectID15","5262","-1"
"NpcParam","57901095","","spEffectID15","5262","-1"
"NpcParam","57901100","","spEffectID15","5262","-1"
"NpcParam","57902000","","spEffectID15","5262","-1"
"NpcParam","57902100","","spEffectID15","5262","-1"
"NpcParam","57903000","","spEffectID15","5262","-1"
"NpcParam","57903100","","spEffectID15","5262","-1"
"NpcParam","57904000","","spEffectID15","5262","-1"
"NpcParam","57904100","","spEffectID15","5262","-1"
"NpcParam","57905000","","spEffectID15","5262","-1"
"NpcParam","57905100","","spEffectID15","5262","-1"
"NpcParam","57906000","","spEffectID15","5262","-1"
"NpcParam","57907000","","spEffectID15","5262","-1"
"NpcParam","57908000","","spEffectID15","5262","-1"
"NpcParam","57909000","","spEffectID15","5262","-1"
"NpcParam","58000000","","spEffectID15","5262","-1"
"NpcParam","58000001","","spEffectID15","5262","-1"
"NpcParam","58000094","","spEffectID15","5262","-1"
"NpcParam","58100000","","spEffectID15","5261","-1"
"NpcParam","58100001","","spEffectID15","5261","-1"
"NpcParam","58100083","","spEffectID15","5261","-1"
"NpcParam","58100093","","spEffectID15","5261","-1"
"NpcParam","58108083","","spEffectID15","5261","-1"
"NpcParam","58200000","","spEffectID15","5262","-1"
"NpcParam","58200001","","spEffectID15","5262","-1"
"NpcParam","58300000","","spEffectID15","5261","-1"
"NpcParam","58300001","","spEffectID15","5261","-1"
"NpcParam","58300080","","spEffectID15","5261","-1"
"NpcParam","58300081","","spEffectID15","5261","-1"
"NpcParam","58300082","","spEffectID15","5261","-1"
"NpcParam","58300090","","spEffectID15","5261","-1"
"NpcParam","58300093","","spEffectID15","5261","-1"
"NpcParam","58300095","","spEffectID15","5261","-1"
"NpcParam","58300098","","spEffectID15","5261","-1"
"NpcParam","58300100","","spEffectID15","5261","-1"
"NpcParam","58300101","","spEffectID15","5261","-1"
"NpcParam","58300180","","spEffectID15","5261","-1"
"NpcParam","58300181","","spEffectID15","5261","-1"
"NpcParam","58300182","","spEffectID15","5261","-1"
"NpcParam","58300190","","spEffectID15","5261","-1"
"NpcParam","58300193","","spEffectID15","5261","-1"
"NpcParam","58300200","","spEffectID15","5261","-1"
"NpcParam","58300201","","spEffectID15","5261","-1"
"NpcParam","58300280","","spEffectID15","5261","-1"
"NpcParam","58300281","","spEffectID15","5261","-1"
"NpcParam","58300282","","spEffectID15","5261","-1"
"NpcParam","58300290","","spEffectID15","5261","-1"
"NpcParam","58300293","","spEffectID15","5261","-1"
"NpcParam","58300298","","spEffectID15","5261","-1"
"NpcParam","58300300","","spEffectID15","5261","-1"
"NpcParam","58300301","","spEffectID15","5261","-1"
"NpcParam","58300380","","spEffectID15","5261","-1"
"NpcParam","58300381","","spEffectID15","5261","-1"
"NpcParam","58300382","","spEffectID15","5261","-1"
"NpcParam","58300390","","spEffectID15","5261","-1"
"NpcParam","58300393","","spEffectID15","5261","-1"
"NpcParam","58300395","","spEffectID15","5261","-1"
"NpcParam","58300398","","spEffectID15","5261","-1"
"NpcParam","58300400","","spEffectID15","5261","-1"
"NpcParam","58300401","","spEffectID15","5261","-1"
"NpcParam","58300482","","spEffectID15","5261","-1"
"NpcParam","58300490","","spEffectID15","5261","-1"
"NpcParam","58300500","","spEffectID15","5261","-1"
"NpcParam","58300501","","spEffectID15","5261","-1"
"NpcParam","58300580","","spEffectID15","5261","-1"
"NpcParam","58300581","","spEffectID15","5261","-1"
"NpcParam","58300582","","spEffectID15","5261","-1"
"NpcParam","58300590","","spEffectID15","5261","-1"
"NpcParam","58300593","","spEffectID15","5261","-1"
"NpcParam","58300595","","spEffectID15","5261","-1"
"NpcParam","58300598","","spEffectID15","5261","-1"
"NpcParam","58300600","","spEffectID15","5261","-1"
"NpcParam","58300680","","spEffectID15","5261","-1"
"NpcParam","58300681","","spEffectID15","5261","-1"
"NpcParam","58300690","","spEffectID15","5261","-1"
"NpcParam","58300698","","spEffectID15","5261","-1"
"NpcParam","58301590","","spEffectID15","5261","-1"
"NpcParam","58400000","","spEffectID15","5262","-1"
"NpcParam","58400001","","spEffectID15","5262","-1"
"NpcParam","58400080","","spEffectID15","5262","-1"
"NpcParam","58400081","","spEffectID15","5262","-1"
"NpcParam","58400082","","spEffectID15","5262","-1"
"NpcParam","58400090","","spEffectID15","5262","-1"
"NpcParam","58400093","","spEffectID15","5262","-1"
"NpcParam","58400098","","spEffectID15","5262","-1"
"NpcParam","58400100","","spEffectID15","5262","-1"
"NpcParam","58400101","","spEffectID15","5262","-1"
"NpcParam","58400182","","spEffectID15","5262","-1"
"NpcParam","58400190","","spEffectID15","5262","-1"
"NpcParam","58400193","","spEffectID15","5262","-1"
"NpcParam","58400195","","spEffectID15","5262","-1"
"NpcParam","58400198","","spEffectID15","5262","-1"
"NpcParam","58400200","","spEffectID15","5262","-1"
"NpcParam","58400201","","spEffectID15","5262","-1"
"NpcParam","58400290","","spEffectID15","5262","-1"
"NpcParam","58400293","","spEffectID15","5262","-1"
"NpcParam","58400300","","spEffectID15","5262","-1"
"NpcParam","58400301","","spEffectID15","5262","-1"
"NpcParam","58400382","","spEffectID15","5262","-1"
"NpcParam","58400390","","spEffectID15","5262","-1"
"NpcParam","58400398","","spEffectID15","5262","-1"
"NpcParam","58400500","","spEffectID15","5262","-1"
"NpcParam","58400501","","spEffectID15","5262","-1"
"NpcParam","58400600","","spEffectID15","5262","-1"
"NpcParam","58400601","","spEffectID15","5262","-1"
"NpcParam","58401290","","spEffectID15","5262","-1"
"NpcParam","58401390","","spEffectID15","5262","-1"
"NpcParam","58700000","","spEffectID15","5261","-1"
"NpcParam","58700001","","spEffectID15","5261","-1"
"NpcParam","58700081","","spEffectID15","5261","-1"
"NpcParam","58700090","","spEffectID15","5261","-1"
"NpcParam","58700091","","spEffectID15","5261","-1"
"NpcParam","58700095","","spEffectID15","5261","-1"
"NpcParam","58700100","","spEffectID15","5261","-1"
"NpcParam","58700101","","spEffectID15","5261","-1"
"NpcParam","58700181","","spEffectID15","5261","-1"
"NpcParam","58700190","","spEffectID15","5261","-1"
"NpcParam","58700191","","spEffectID15","5261","-1"
"NpcParam","58700195","","spEffectID15","5261","-1"
"NpcParam","58700200","","spEffectID15","5261","-1"
"NpcParam","58700201","","spEffectID15","5261","-1"
"NpcParam","58700281","","spEffectID15","5261","-1"
"NpcParam","58700290","","spEffectID15","5261","-1"
"NpcParam","58700291","","spEffectID15","5261","-1"
"NpcParam","58700295","","spEffectID15","5261","-1"
"NpcParam","58700300","","spEffectID15","5261","-1"
"NpcParam","58700301","","spEffectID15","5261","-1"
"NpcParam","58700381","","spEffectID15","5261","-1"
"NpcParam","58700390","","spEffectID15","5261","-1"
"NpcParam","58700391","","spEffectID15","5261","-1"
"NpcParam","58700395","","spEffectID15","5261","-1"
"NpcParam","58700400","","spEffectID15","5261","-1"
"NpcParam","58700481","","spEffectID15","5261","-1"
"NpcParam","58700491","","spEffectID15","5261","-1"
"NpcParam","58700495","","spEffectID15","5261","-1"
"NpcParam","58710000","","spEffectID15","5261","-1"
"NpcParam","58710001","","spEffectID15","5261","-1"
"NpcParam","58710090","","spEffectID15","5261","-1"
"NpcParam","58710095","","spEffectID15","5261","-1"
"NpcParam","58720000","","spEffectID15","5261","-1"
"NpcParam","58720001","","spEffectID15","5261","-1"
"NpcParam","58720090","","spEffectID15","5261","-1"
"NpcParam","58720091","","spEffectID15","5261","-1"
"NpcParam","58727000","","spEffectID15","5261","-1"
"NpcParam","58727090","","spEffectID15","5261","-1"
"NpcParam","58727091","","spEffectID15","5261","-1"
"NpcParam","58800000","","spEffectID15","5261","-1"
"NpcParam","58800001","","spEffectID15","5261","-1"
"NpcParam","58800090","","spEffectID15","5261","-1"
"NpcParam","58800091","","spEffectID15","5261","-1"
"NpcParam","58800095","","spEffectID15","5261","-1"
"NpcParam","58800100","","spEffectID15","5261","-1"
"NpcParam","58800101","","spEffectID15","5261","-1"
"NpcParam","58800181","","spEffectID15","5261","-1"
"NpcParam","58800190","","spEffectID15","5261","-1"
"NpcParam","58800191","","spEffectID15","5261","-1"
"NpcParam","58800200","","spEffectID15","5261","-1"
"NpcParam","58800201","","spEffectID15","5261","-1"
"NpcParam","58800281","","spEffectID15","5261","-1"
"NpcParam","58800290","","spEffectID15","5261","-1"
"NpcParam","59000000","","spEffectID15","5262","-1"
"NpcParam","59000001","","spEffectID15","5262","-1"
"NpcParam","59000080","","spEffectID15","5262","-1"
"NpcParam","59000081","","spEffectID15","5262","-1"
"NpcParam","59000083","","spEffectID15","5262","-1"
"NpcParam","59000088","","spEffectID15","5262","-1"
"NpcParam","59000089","","spEffectID15","5262","-1"
"NpcParam","59000090","","spEffectID15","5262","-1"
"NpcParam","59000091","","spEffectID15","5262","-1"
"NpcParam","59000094","","spEffectID15","5262","-1"
"NpcParam","59000100","","spEffectID15","5262","-1"
"NpcParam","59000180","","spEffectID15","5262","-1"
"NpcParam","59000181","","spEffectID15","5262","-1"
"NpcParam","59000183","","spEffectID15","5262","-1"
"NpcParam","59000188","","spEffectID15","5262","-1"
"NpcParam","59000189","","spEffectID15","5262","-1"
"NpcParam","59000190","","spEffectID15","5262","-1"
"NpcParam","59000191","","spEffectID15","5262","-1"
"NpcParam","59000194","","spEffectID15","5262","-1"
"NpcParam","59000200","","spEffectID15","5262","-1"
"NpcParam","59200000","","spEffectID15","5262","-1"
"NpcParam","59200100","","spEffectID15","5262","-1"
"NpcParam","59200181","","spEffectID15","5262","-1"
"NpcParam","59300000","","spEffectID15","5261","-1"
"NpcParam","59300084","","spEffectID15","5261","-1"
"NpcParam","59301000","","spEffectID15","5261","-1"
"NpcParam","59301084","","spEffectID15","5261","-1"
"NpcParam","59310000","","spEffectID15","5261","-1"
"NpcParam","59310081","","spEffectID15","5261","-1"
"NpcParam","59310084","","spEffectID15","5261","-1"
"NpcParam","59311000","","spEffectID15","5261","-1"
"NpcParam","59311081","","spEffectID15","5261","-1"
"NpcParam","59311084","","spEffectID15","5261","-1"
"NpcParam","59400000","","spEffectID15","5261","-1"
"NpcParam","59400087","","spEffectID15","5261","-1"
"NpcParam","59400100","","spEffectID15","5261","-1"
"NpcParam","59400187","","spEffectID15","5261","-1"
"NpcParam","59400200","","spEffectID15","5261","-1"
"NpcParam","59400287","","spEffectID15","5261","-1"
"NpcParam","59400300","","spEffectID15","5261","-1"
"NpcParam","59400387","","spEffectID15","5261","-1"
"NpcParam","59400400","","spEffectID15","5261","-1"
"NpcParam","59400487","","spEffectID15","5261","-1"
"NpcParam","59401000","","spEffectID15","5261","-1"
"NpcParam","59401087","","spEffectID15","5261","-1"
"NpcParam","59500000","","spEffectID15","5261","-1"
"NpcParam","59500087","","spEffectID15","5261","-1"
"NpcParam","59501000","","spEffectID15","5261","-1"
"NpcParam","59501087","","spEffectID15","5261","-1"
"NpcParam","59600000","","spEffectID15","5262","-1"
"NpcParam","59600081","","spEffectID15","5262","-1"
"NpcParam","59600088","","spEffectID15","5262","-1"
"NpcParam","59600098","","spEffectID15","5262","-1"
"NpcParam","59600100","","spEffectID15","5262","-1"
"NpcParam","59600198","","spEffectID15","5262","-1"
"NpcParam","59700000","","spEffectID15","5262","-1"
"NpcParam","59700083","","spEffectID15","5262","-1"
"NpcParam","59700090","","spEffectID15","5262","-1"
"NpcParam","59700190","","spEffectID15","5262","-1"
"NpcParam","59701000","","spEffectID15","5262","-1"
"NpcParam","59701100","","spEffectID15","5262","-1"
"NpcParam","59701190","","spEffectID15","5262","-1"
"NpcParam","59701290","","spEffectID15","5262","-1"
"NpcParam","59702000","","spEffectID15","5262","-1"
"NpcParam","59702090","","spEffectID15","5262","-1"
"NpcParam","59800000","","spEffectID15","5262","-1"
"NpcParam","59800090","","spEffectID15","5262","-1"
"NpcParam","59800100","","spEffectID15","5262","-1"
"NpcParam","59808000","","spEffectID15","5262","-1"
"NpcParam","59808100","","spEffectID15","5262","-1"
"NpcParam","59809090","","spEffectID15","5262","-1"
"NpcParam","59809190","","spEffectID15","5262","-1"
"NpcParam","59809290","","spEffectID15","5262","-1"
"NpcParam","59900000","","spEffectID15","5261","-1"
"NpcParam","59900090","","spEffectID15","5261","-1"
"NpcParam","59900094","","spEffectID15","5261","-1"
"NpcParam","59900095","","spEffectID15","5261","-1"
"NpcParam","59900100","","spEffectID15","5261","-1"
"NpcParam","59900200","","spEffectID15","5261","-1"
"NpcParam","59900294","","spEffectID15","5261","-1"
"NpcParam","62100000","","spEffectID15","5262","-1"
"NpcParam","62100092","","spEffectID15","5262","-1"
"NpcParam","62210000","","spEffectID15","5262","-1"
"NpcParam","62211000","","spEffectID15","5262","-1"
"NpcParam","62310000","","spEffectID15","5262","-1"
"NpcParam","62310081","","spEffectID15","5262","-1"
"NpcParam","62310090","","spEffectID15","5262","-1"
"NpcParam","62310098","","spEffectID15","5262","-1"
"NpcParam","62310190","","spEffectID15","5262","-1"
"NpcParam","62311000","","spEffectID15","5262","-1"
"NpcParam","62311081","","spEffectID15","5262","-1"
"NpcParam","62311090","","spEffectID15","5262","-1"
"NpcParam","62311098","","spEffectID15","5262","-1"
"NpcParam","62322000","","spEffectID15","5261","-1"
"NpcParam","62322082","","spEffectID15","5261","-1"
"NpcParam","62330000","","spEffectID15","5261","-1"
"NpcParam","62330082","","spEffectID15","5261","-1"
"NpcParam","62331000","","spEffectID15","5261","-1"
"NpcParam","62600000","","spEffectID15","5262","-1"
"NpcParam","62601000","","spEffectID15","5262","-1"
"NpcParam","62700000","","spEffectID15","5262","-1"
"NpcParam","62700003","","spEffectID15","5262","-1"
"NpcParam","62700084","","spEffectID15","5262","-1"
"NpcParam","62700100","","spEffectID15","5262","-1"
"NpcParam","62708000","","spEffectID15","5262","-1"
"NpcParam","62708100","","spEffectID15","5262","-1"
"NpcParam","62708200","","spEffectID15","5262","-1"
"NpcParam","62708300","","spEffectID15","5262","-1"
"NpcParam","62708400","","spEffectID15","5262","-1"
"NpcParam","62900000","","spEffectID15","5261","-1"
"NpcParam","62900090","","spEffectID15","5261","-1"
"NpcParam","62900095","","spEffectID15","5261","-1"
"NpcParam","62900100","","spEffectID15","5261","-1"
"NpcParam","62900200","","spEffectID15","5261","-1"
"NpcParam","62900290","","spEffectID15","5261","-1"
"NpcParam","62901000","","spEffectID15","5261","-1"
"NpcParam","62901090","","spEffectID15","5261","-1"
"NpcParam","62901095","","spEffectID15","5261","-1"
"NpcParam","62901100","","spEffectID15","5261","-1"
"NpcParam","62902000","","spEffectID15","5261","-1"
"NpcParam","62902090","","spEffectID15","5261","-1"
"NpcParam","62902100","","spEffectID15","5261","-1"
"NpcParam","62910000","","spEffectID15","5261","-1"
"NpcParam","62910090","","spEffectID15","5261","-1"
"NpcParam","62910095","","spEffectID15","5261","-1"
"NpcParam","62910200","","spEffectID15","5261","-1"
"NpcParam","63000000","","spEffectID15","5261","-1"
"NpcParam","63000094","","spEffectID15","5261","-1"
"NpcParam","63001000","","spEffectID15","5261","-1"
"NpcParam","63002000","","spEffectID15","5261","-1"
"NpcParam","63002100","","spEffectID15","5261","-1"
"NpcParam","63003000","","spEffectID15","5261","-1"
"NpcParam","63004000","","spEffectID15","5261","-1"
"NpcParam","63009000","","spEffectID15","5261","-1"
"NpcParam","63202000","","spEffectID15","5261","-1"
"NpcParam","63202009","","spEffectID15","5261","-1"
"NpcParam","63202082","","spEffectID15","5261","-1"
"NpcParam","63202200","","spEffectID15","5261","-1"
"NpcParam","63202300","","spEffectID15","5261","-1"
"NpcParam","63202382","","spEffectID15","5261","-1"
"NpcParam","63202400","","spEffectID15","5261","-1"
"NpcParam","63202800","","spEffectID15","5261","-1"
"NpcParam","63202900","","spEffectID15","5261","-1"
"NpcParam","70000000","","spEffectID15","5261","-1"
"NpcParam","70000065","","spEffectID15","5261","-1"
"NpcParam","70000100","","spEffectID15","5261","-1"
"NpcParam","70001000","","spEffectID15","5261","-1"
"NpcParam","70001065","","spEffectID15","5261","-1"
"NpcParam","70002000","","spEffectID15","5261","-1"
"NpcParam","70002065","","spEffectID15","5261","-1"
"NpcParam","70003000","","spEffectID15","5261","-1"
"NpcParam","70003100","","spEffectID15","5261","-1"
"NpcParam","70003165","","spEffectID15","5261","-1"
"NpcParam","71000000","","spEffectID15","5262","-1"
"NpcParam","71000050","","spEffectID15","5262","-1"
"NpcParam","71000100","","spEffectID15","5262","-1"
"NpcParam","71000150","","spEffectID15","5262","-1"
"NpcParam","523260001","","(new row)","",""
"NpcParam","523260001","","behaviorVariationId","(default)","10000"
"NpcParam","523260001","","resistCorrectId_poison","(default)","100"
"NpcParam","523260001","","nameId","(default)","132603"
"NpcParam","523260001","","turnVellocity","(default)","110"
"NpcParam","523260001","","hitHeight","(default)","2.2"
"NpcParam","523260001","","hitRadius","(default)","0.5"
"NpcParam","523260001","","weight","(default)","130"
"NpcParam","523260001","","hp","(default)","1551"
"NpcParam","523260001","","getSoul","(default)","2000"
"NpcParam","523260001","","footIkErrorHeightLimit","(default)","0.5"
"NpcParam","523260001","","spEffectID0","(default)","5400"
"NpcParam","523260001","","spEffectID1","(default)","0"
"NpcParam","523260001","","spEffectID2","(default)","0"
"NpcParam","523260001","","spEffectID3","(default)","0"
"NpcParam","523260001","","spEffectID4","(default)","0"
"NpcParam","523260001","","spEffectID5","(default)","0"
"NpcParam","523260001","","spEffectID6","(default)","0"
"NpcParam","523260001","","spEffectID7","(default)","0"
"NpcParam","523260001","","GameClearSpEffectID","(default)","0"
"NpcParam","523260001","","physGuardCutRate","(default)","100"
"NpcParam","523260001","","networkWarpDist","(default)","16"
"NpcParam","523260001","","dbgBehaviorR1","(default)","3000"
"NpcParam","523260001","","dbgBehaviorL1","(default)","3001"
"NpcParam","523260001","","dbgBehaviorR2","(default)","3002"
"NpcParam","523260001","","dbgBehaviorL2","(default)","3003"
"NpcParam","523260001","","dbgBehaviorRL","(default)","3004"
"NpcParam","523260001","","dbgBehaviorRR","(default)","3005"
"NpcParam","523260001","","dbgBehaviorRD","(default)","3006"
"NpcParam","523260001","","dbgBehaviorRU","(default)","3007"
"NpcParam","523260001","","dbgBehaviorLL","(default)","3008"
"NpcParam","523260001","","dbgBehaviorLR","(default)","3009"
"NpcParam","523260001","","dbgBehaviorLD","(default)","6001"
"NpcParam","523260001","","dbgBehaviorLU","(default)","6000"
"NpcParam","523260001","","weakPartsDamageRate","(default)","1.5"
"NpcParam","523260001","","superArmorRecoverCorrection","(default)","0.53846157"
"NpcParam","523260001","","stamina","(default)","100"
"NpcParam","523260001","","staminaRecoverBaseVel","(default)","30"
"NpcParam","523260001","","def_phys","(default)","100"
"NpcParam","523260001","","def_mag","(default)","100"
"NpcParam","523260001","","def_fire","(default)","100"
"NpcParam","523260001","","def_thunder","(default)","100"
"NpcParam","523260001","","resist_poison","(default)","100"
"NpcParam","523260001","","resist_desease","(default)","100"
"NpcParam","523260001","","resist_blood","(default)","100"
"NpcParam","523260001","","resist_curse","(default)","999"
"NpcParam","523260001","","dropType","(default)","1"
"NpcParam","523260001","","resist_sleep","(default)","999"
"NpcParam","523260001","","mpRecoverBaseVel","(default)","10"
"NpcParam","523260001","","defaultLodParamId","(default)","9"
"NpcParam","523260001","","teamType","(default)","26"
"NpcParam","523260001","","moveType","(default)","3"
"NpcParam","523260001","","lockDist","(default)","40"
"NpcParam","523260001","","materialSe_Weak1","(default)","110"
"NpcParam","523260001","","materialSfx_Weak1","(default)","110"
"NpcParam","523260001","","guardLevel","(default)","2"
"NpcParam","523260001","","pushOutCamRegionRadius","(default)","0"
"NpcParam","523260001","","ladderEndChkOffsetTop","(default)","17"
"NpcParam","523260001","","ladderEndChkOffsetLow","(default)","7"
"NpcParam","523260001","","modelDispMask0","(default)","1"
"NpcParam","523260001","","modelDispMask10","(default)","1"
"NpcParam","523260001","","modelDispMask11","(default)","1"
"NpcParam","523260001","","isEnableNeckTurn","(default)","1"
"NpcParam","523260001","","modelDispMask20","(default)","1"
"NpcParam","523260001","","chrHitHeight","(default)","2.2"
"NpcParam","523260001","","chrHitRadius","(default)","0.5"
"NpcParam","523260001","","def_dark","(default)","100"
"NpcParam","523260001","","autoFootEffectSfxId","(default)","1"
"NpcParam","523260001","","materialSe1","(default)","109"
"NpcParam","523260001","","materialSfx1","(default)","109"
"NpcParam","523260001","","materialSe_Weak2","(default)","139"
"NpcParam","523260001","","materialSfx_Weak2","(default)","139"
"NpcParam","523260001","","materialSe2","(default)","106"
"NpcParam","523260001","","materialSfx2","(default)","106"
"NpcParam","523260001","","spEffectID8","(default)","0"
"NpcParam","523260001","","spEffectID9","(default)","9634"
"NpcParam","523260001","","spEffectID10","(default)","0"
"NpcParam","523260001","","spEffectID11","(default)","0"
"NpcParam","523260001","","spEffectID12","(default)","0"
"NpcParam","523260001","","spEffectID13","(default)","90100"
"NpcParam","523260001","","spEffectID14","(default)","0"
"NpcParam","523260001","","toughness","(default)","35"
"NpcParam","523260001","","toughnessRecoverCorrection","(default)","0.4"
"NpcParam","523260001","","thunderDamageCutRate","(default)","1.25"
"NpcParam","523260001","","npcPlayerWeightType","(default)","1"
"NpcParam","523260001","","resistCorrectId_disease","(default)","100"
"NpcParam","523260001","","multiPlayCorrectionParamId","(default)","200"
"NpcParam","523260001","","maxAnklePitchAngle","(default)","10"
"NpcParam","523260001","","resist_freeze","(default)","100"
"NpcParam","523260001","","hpBurnDamageRate","(default)","100"
"NpcParam","523260001","","spEffectID16","(default)","9642"
"NpcParam","523260001","","spEffectID18","(default)","5600"
"NpcParam","523260001","","spEffectID20","(default)","9845"
"NpcParam","523260001","","spEffectID21","(default)","18699"
"NpcParam","523260001","","spEffectID24","(default)","5020"
"NpcParam","523260001","","spEffectID27","(default)","440"
"NpcParam","523260001","","WanderGhostPhantomId","(default)","900"
"NpcParam","523260001","","deactiveMoveDist","(default)","180"
"NpcParam","523260001","","updateActivatePriolity","(default)","2.5"
"NpcParam","523260001","","superArmorDurability","(default)","100"
"NpcParam","523260001","","saRecoveryRate","(default)","0.29"
"NpcParam","523260001","","saGuardCutRate","(default)","100"
"NpcParam","523260001","","resistCorrectId_blood","(default)","100"
"NpcParam","523260001","","resistCorrectId_curse","(default)","100"
"NpcParam","523260001","","resistCorrectId_freeze","(default)","100"
"NpcParam","523260001","","resistCorrectId_sleep","(default)","100"
"NpcParam","523260001","","resistCorrectId_madness","(default)","100"
"NpcParam","523260001","","dlcGameClearSpEffectID","(default)","-1"
"NpcParam","523260002","","(new row)","",""
"NpcParam","523260002","","behaviorVariationId","(default)","10000"
"NpcParam","523260002","","resistCorrectId_poison","(default)","100"
"NpcParam","523260002","","nameId","(default)","132604"
"NpcParam","523260002","","turnVellocity","(default)","110"
"NpcParam","523260002","","hitHeight","(default)","2.2"
"NpcParam","523260002","","hitRadius","(default)","0.5"
"NpcParam","523260002","","weight","(default)","130"
"NpcParam","523260002","","hp","(default)","1551"
"NpcParam","523260002","","getSoul","(default)","2000"
"NpcParam","523260002","","footIkErrorHeightLimit","(default)","0.5"
"NpcParam","523260002","","spEffectID0","(default)","5400"
"NpcParam","523260002","","spEffectID1","(default)","0"
"NpcParam","523260002","","spEffectID2","(default)","0"
"NpcParam","523260002","","spEffectID3","(default)","0"
"NpcParam","523260002","","spEffectID4","(default)","0"
"NpcParam","523260002","","spEffectID5","(default)","0"
"NpcParam","523260002","","spEffectID6","(default)","0"
"NpcParam","523260002","","spEffectID7","(default)","0"
"NpcParam","523260002","","GameClearSpEffectID","(default)","0"
"NpcParam","523260002","","physGuardCutRate","(default)","100"
"NpcParam","523260002","","networkWarpDist","(default)","16"
"NpcParam","523260002","","dbgBehaviorR1","(default)","3000"
"NpcParam","523260002","","dbgBehaviorL1","(default)","3001"
"NpcParam","523260002","","dbgBehaviorR2","(default)","3002"
"NpcParam","523260002","","dbgBehaviorL2","(default)","3003"
"NpcParam","523260002","","dbgBehaviorRL","(default)","3004"
"NpcParam","523260002","","dbgBehaviorRR","(default)","3005"
"NpcParam","523260002","","dbgBehaviorRD","(default)","3006"
"NpcParam","523260002","","dbgBehaviorRU","(default)","3007"
"NpcParam","523260002","","dbgBehaviorLL","(default)","3008"
"NpcParam","523260002","","dbgBehaviorLR","(default)","3009"
"NpcParam","523260002","","dbgBehaviorLD","(default)","6001"
"NpcParam","523260002","","dbgBehaviorLU","(default)","6000"
"NpcParam","523260002","","weakPartsDamageRate","(default)","1.5"
"NpcParam","523260002","","superArmorRecoverCorrection","(default)","0.53846157"
"NpcParam","523260002","","stamina","(default)","100"
"NpcParam","523260002","","staminaRecoverBaseVel","(default)","30"
"NpcParam","523260002","","def_phys","(default)","100"
"NpcParam","523260002","","def_mag","(default)","100"
"NpcParam","523260002","","def_fire","(default)","100"
"NpcParam","523260002","","def_thunder","(default)","100"
"NpcParam","523260002","","resist_poison","(default)","100"
"NpcParam","523260002","","resist_desease","(default)","100"
"NpcParam","523260002","","resist_blood","(default)","100"
"NpcParam","523260002","","resist_curse","(default)","999"
"NpcParam","523260002","","dropType","(default)","1"
"NpcParam","523260002","","resist_sleep","(default)","999"
"NpcParam","523260002","","mpRecoverBaseVel","(default)","10"
"NpcParam","523260002","","defaultLodParamId","(default)","9"
"NpcParam","523260002","","teamType","(default)","26"
"NpcParam","523260002","","moveType","(default)","3"
"NpcParam","523260002","","lockDist","(default)","40"
"NpcParam","523260002","","materialSe_Weak1","(default)","110"
"NpcParam","523260002","","materialSfx_Weak1","(default)","110"
"NpcParam","523260002","","guardLevel","(default)","2"
"NpcParam","523260002","","pushOutCamRegionRadius","(default)","0"
"NpcParam","523260002","","ladderEndChkOffsetTop","(default)","17"
"NpcParam","523260002","","ladderEndChkOffsetLow","(default)","7"
"NpcParam","523260002","","modelDispMask0","(default)","1"
"NpcParam","523260002","","modelDispMask10","(default)","1"
"NpcParam","523260002","","modelDispMask11","(default)","1"
"NpcParam","523260002","","isEnableNeckTurn","(default)","1"
"NpcParam","523260002","","modelDispMask20","(default)","1"
"NpcParam","523260002","","chrHitHeight","(default)","2.2"
"NpcParam","523260002","","chrHitRadius","(default)","0.5"
"NpcParam","523260002","","def_dark","(default)","100"
"NpcParam","523260002","","autoFootEffectSfxId","(default)","1"
"NpcParam","523260002","","materialSe1","(default)","109"
"NpcParam","523260002","","materialSfx1","(default)","109"
"NpcParam","523260002","","materialSe_Weak2","(default)","139"
"NpcParam","523260002","","materialSfx_Weak2","(default)","139"
"NpcParam","523260002","","materialSe2","(default)","106"
"NpcParam","523260002","","materialSfx2","(default)","106"
"NpcParam","523260002","","spEffectID8","(default)","0"
"NpcParam","523260002","","spEffectID9","(default)","9634"
"NpcParam","523260002","","spEffectID10","(default)","0"
"NpcParam","523260002","","spEffectID11","(default)","0"
"NpcParam","523260002","","spEffectID12","(default)","0"
"NpcParam","523260002","","spEffectID13","(default)","90100"
"NpcParam","523260002","","spEffectID14","(default)","0"
"NpcParam","523260002","","toughness","(default)","35"
"NpcParam","523260002","","toughnessRecoverCorrection","(default)","0.4"
"NpcParam","523260002","","thunderDamageCutRate","(default)","1.25"
"NpcParam","523260002","","npcPlayerWeightType","(default)","1"
"NpcParam","523260002","","resistCorrectId_disease","(default)","100"
"NpcParam","523260002","","multiPlayCorrectionParamId","(default)","200"
"NpcParam","523260002","","maxAnklePitchAngle","(default)","10"
"NpcParam","523260002","","resist_freeze","(default)","100"
"NpcParam","523260002","","hpBurnDamageRate","(default)","100"
"NpcParam","523260002","","spEffectID16","(default)","9642"
"NpcParam","523260002","","spEffectID18","(default)","5600"
"NpcParam","523260002","","spEffectID20","(default)","9845"
"NpcParam","523260002","","spEffectID21","(default)","18699"
"NpcParam","523260002","","spEffectID24","(default)","5020"
"NpcParam","523260002","","spEffectID27","(default)","440"
"NpcParam","523260002","","WanderGhostPhantomId","(default)","900"
"NpcParam","523260002","","deactiveMoveDist","(default)","180"
"NpcParam","523260002","","updateActivatePriolity","(default)","2.5"
"NpcParam","523260002","","superArmorDurability","(default)","100"
"NpcParam","523260002","","saRecoveryRate","(default)","0.29"
"NpcParam","523260002","","saGuardCutRate","(default)","100"
"NpcParam","523260002","","resistCorrectId_blood","(default)","100"
"NpcParam","523260002","","resistCorrectId_curse","(default)","100"
"NpcParam","523260002","","resistCorrectId_freeze","(default)","100"
"NpcParam","523260002","","resistCorrectId_sleep","(default)","100"
"NpcParam","523260002","","resistCorrectId_madness","(default)","100"
"NpcParam","523260002","","dlcGameClearSpEffectID","(default)","-1"
"NpcParam","523260003","","(new row)","",""
"NpcParam","523260003","","behaviorVariationId","(default)","10000"
"NpcParam","523260003","","resistCorrectId_poison","(default)","100"
"NpcParam","523260003","","nameId","(default)","132605"
"NpcParam","523260003","","turnVellocity","(default)","110"
"NpcParam","523260003","","hitHeight","(default)","2.2"
"NpcParam","523260003","","hitRadius","(default)","0.5"
"NpcParam","523260003","","weight","(default)","130"
"NpcParam","523260003","","hp","(default)","1551"
"NpcParam","523260003","","getSoul","(default)","2000"
"NpcParam","523260003","","footIkErrorHeightLimit","(default)","0.5"
"NpcParam","523260003","","spEffectID0","(default)","5400"
"NpcParam","523260003","","spEffectID1","(default)","0"
"NpcParam","523260003","","spEffectID2","(default)","0"
"NpcParam","523260003","","spEffectID3","(default)","0"
"NpcParam","523260003","","spEffectID4","(default)","0"
"NpcParam","523260003","","spEffectID5","(default)","0"
"NpcParam","523260003","","spEffectID6","(default)","0"
"NpcParam","523260003","","spEffectID7","(default)","0"
"NpcParam","523260003","","GameClearSpEffectID","(default)","0"
"NpcParam","523260003","","physGuardCutRate","(default)","100"
"NpcParam","523260003","","networkWarpDist","(default)","16"
"NpcParam","523260003","","dbgBehaviorR1","(default)","3000"
"NpcParam","523260003","","dbgBehaviorL1","(default)","3001"
"NpcParam","523260003","","dbgBehaviorR2","(default)","3002"
"NpcParam","523260003","","dbgBehaviorL2","(default)","3003"
"NpcParam","523260003","","dbgBehaviorRL","(default)","3004"
"NpcParam","523260003","","dbgBehaviorRR","(default)","3005"
"NpcParam","523260003","","dbgBehaviorRD","(default)","3006"
"NpcParam","523260003","","dbgBehaviorRU","(default)","3007"
"NpcParam","523260003","","dbgBehaviorLL","(default)","3008"
"NpcParam","523260003","","dbgBehaviorLR","(default)","3009"
"NpcParam","523260003","","dbgBehaviorLD","(default)","6001"
"NpcParam","523260003","","dbgBehaviorLU","(default)","6000"
"NpcParam","523260003","","weakPartsDamageRate","(default)","1.5"
"NpcParam","523260003","","superArmorRecoverCorrection","(default)","0.53846157"
"NpcParam","523260003","","stamina","(default)","100"
"NpcParam","523260003","","staminaRecoverBaseVel","(default)","30"
"NpcParam","523260003","","def_phys","(default)","100"
"NpcParam","523260003","","def_mag","(default)","100"
"NpcParam","523260003","","def_fire","(default)","100"
"NpcParam","523260003","","def_thunder","(default)","100"
"NpcParam","523260003","","resist_poison","(default)","100"
"NpcParam","523260003","","resist_desease","(default)","100"
"NpcParam","523260003","","resist_blood","(default)","100"
"NpcParam","523260003","","resist_curse","(default)","999"
"NpcParam","523260003","","dropType","(default)","1"
"NpcParam","523260003","","resist_sleep","(default)","999"
"NpcParam","523260003","","mpRecoverBaseVel","(default)","10"
"NpcParam","523260003","","defaultLodParamId","(default)","9"
"NpcParam","523260003","","teamType","(default)","26"
"NpcParam","523260003","","moveType","(default)","3"
"NpcParam","523260003","","lockDist","(default)","40"
"NpcParam","523260003","","materialSe_Weak1","(default)","110"
"NpcParam","523260003","","materialSfx_Weak1","(default)","110"
"NpcParam","523260003","","guardLevel","(default)","2"
"NpcParam","523260003","","pushOutCamRegionRadius","(default)","0"
"NpcParam","523260003","","ladderEndChkOffsetTop","(default)","17"
"NpcParam","523260003","","ladderEndChkOffsetLow","(default)","7"
"NpcParam","523260003","","modelDispMask0","(default)","1"
"NpcParam","523260003","","modelDispMask10","(default)","1"
"NpcParam","523260003","","modelDispMask11","(default)","1"
"NpcParam","523260003","","isEnableNeckTurn","(default)","1"
"NpcParam","523260003","","modelDispMask20","(default)","1"
"NpcParam","523260003","","chrHitHeight","(default)","2.2"
"NpcParam","523260003","","chrHitRadius","(default)","0.5"
"NpcParam","523260003","","def_dark","(default)","100"
"NpcParam","523260003","","autoFootEffectSfxId","(default)","1"
"NpcParam","523260003","","materialSe1","(default)","109"
"NpcParam","523260003","","materialSfx1","(default)","109"
"NpcParam","523260003","","materialSe_Weak2","(default)","139"
"NpcParam","523260003","","materialSfx_Weak2","(default)","139"
"NpcParam","523260003","","materialSe2","(default)","106"
"NpcParam","523260003","","materialSfx2","(default)","106"
"NpcParam","523260003","","spEffectID8","(default)","0"
"NpcParam","523260003","","spEffectID9","(default)","9634"
"NpcParam","523260003","","spEffectID10","(default)","0"
"NpcParam","523260003","","spEffectID11","(default)","0"
"NpcParam","523260003","","spEffectID12","(default)","0"
"NpcParam","523260003","","spEffectID13","(default)","90100"
"NpcParam","523260003","","spEffectID14","(default)","0"
"NpcParam","523260003","","toughness","(default)","35"
"NpcParam","523260003","","toughnessRecoverCorrection","(default)","0.4"
"NpcParam","523260003","","thunderDamageCutRate","(default)","1.25"
"NpcParam","523260003","","npcPlayerWeightType","(default)","1"
"NpcParam","523260003","","resistCorrectId_disease","(default)","100"
"NpcParam","523260003","","multiPlayCorrectionParamId","(default)","200"
"NpcParam","523260003","","maxAnklePitchAngle","(default)","10"
"NpcParam","523260003","","resist_freeze","(default)","100"
"NpcParam","523260003","","hpBurnDamageRate","(default)","100"
"NpcParam","523260003","","spEffectID16","(default)","9642"
"NpcParam","523260003","","spEffectID18","(default)","5600"
"NpcParam","523260003","","spEffectID20","(default)","9845"
"NpcParam","523260003","","spEffectID21","(default)","18699"
"NpcParam","523260003","","spEffectID24","(default)","5020"
"NpcParam","523260003","","spEffectID27","(default)","440"
"NpcParam","523260003","","WanderGhostPhantomId","(default)","900"
"NpcParam","523260003","","deactiveMoveDist","(default)","180"
"NpcParam","523260003","","updateActivatePriolity","(default)","2.5"
"NpcParam","523260003","","superArmorDurability","(default)","100"
"NpcParam","523260003","","saRecoveryRate","(default)","0.29"
"NpcParam","523260003","","saGuardCutRate","(default)","100"
"NpcParam","523260003","","resistCorrectId_blood","(default)","100"
"NpcParam","523260003","","resistCorrectId_curse","(default)","100"
"NpcParam","523260003","","resistCorrectId_freeze","(default)","100"
"NpcParam","523260003","","resistCorrectId_sleep","(default)","100"
"NpcParam","523260003","","resistCorrectId_madness","(default)","100"
"NpcParam","523260003","","dlcGameClearSpEffectID","(default)","-1"
"NpcParam","523260004","","(new row)","",""
"NpcParam","523260004","","behaviorVariationId","(default)","10000"
"NpcParam","523260004","","resistCorrectId_poison","(default)","100"
"NpcParam","523260004","","nameId","(default)","132606"
"NpcParam","523260004","","turnVellocity","(default)","110"
"NpcParam","523260004","","hitHeight","(default)","2.2"
"NpcParam","523260004","","hitRadius","(default)","0.5"
"NpcParam","523260004","","weight","(default)","130"
"NpcParam","523260004","","hp","(default)","1551"
"NpcParam","523260004","","getSoul","(default)","2000"
"NpcParam","523260004","","footIkErrorHeightLimit","(default)","0.5"
"NpcParam","523260004","","spEffectID0","(default)","5400"
"NpcParam","523260004","","spEffectID1","(default)","0"
"NpcParam","523260004","","spEffectID2","(default)","0"
"NpcParam","523260004","","spEffectID3","(default)","0"
"NpcParam","523260004","","spEffectID4","(default)","0"
"NpcParam","523260004","","spEffectID5","(default)","0"
"NpcParam","523260004","","spEffectID6","(default)","0"
"NpcParam","523260004","","spEffectID7","(default)","0"
"NpcParam","523260004","","GameClearSpEffectID","(default)","0"
"NpcParam","523260004","","physGuardCutRate","(default)","100"
"NpcParam","523260004","","networkWarpDist","(default)","16"
"NpcParam","523260004","","dbgBehaviorR1","(default)","3000"
"NpcParam","523260004","","dbgBehaviorL1","(default)","3001"
"NpcParam","523260004","","dbgBehaviorR2","(default)","3002"
"NpcParam","523260004","","dbgBehaviorL2","(default)","3003"
"NpcParam","523260004","","dbgBehaviorRL","(default)","3004"
"NpcParam","523260004","","dbgBehaviorRR","(default)","3005"
"NpcParam","523260004","","dbgBehaviorRD","(default)","3006"
"NpcParam","523260004","","dbgBehaviorRU","(default)","3007"
"NpcParam","523260004","","dbgBehaviorLL","(default)","3008"
"NpcParam","523260004","","dbgBehaviorLR","(default)","3009"
"NpcParam","523260004","","dbgBehaviorLD","(default)","6001"
"NpcParam","523260004","","dbgBehaviorLU","(default)","6000"
"NpcParam","523260004","","weakPartsDamageRate","(default)","1.5"
"NpcParam","523260004","","superArmorRecoverCorrection","(default)","0.53846157"
"NpcParam","523260004","","stamina","(default)","100"
"NpcParam","523260004","","staminaRecoverBaseVel","(default)","30"
"NpcParam","523260004","","def_phys","(default)","100"
"NpcParam","523260004","","def_mag","(default)","100"
"NpcParam","523260004","","def_fire","(default)","100"
"NpcParam","523260004","","def_thunder","(default)","100"
"NpcParam","523260004","","resist_poison","(default)","100"
"NpcParam","523260004","","resist_desease","(default)","100"
"NpcParam","523260004","","resist_blood","(default)","100"
"NpcParam","523260004","","resist_curse","(default)","999"
"NpcParam","523260004","","dropType","(default)","1"
"NpcParam","523260004","","resist_sleep","(default)","999"
"NpcParam","523260004","","mpRecoverBaseVel","(default)","10"
"NpcParam","523260004","","defaultLodParamId","(default)","9"
"NpcParam","523260004","","teamType","(default)","26"
"NpcParam","523260004","","moveType","(default)","3"
"NpcParam","523260004","","lockDist","(default)","40"
"NpcParam","523260004","","materialSe_Weak1","(default)","110"
"NpcParam","523260004","","materialSfx_Weak1","(default)","110"
"NpcParam","523260004","","guardLevel","(default)","2"
"NpcParam","523260004","","pushOutCamRegionRadius","(default)","0"
"NpcParam","523260004","","ladderEndChkOffsetTop","(default)","17"
"NpcParam","523260004","","ladderEndChkOffsetLow","(default)","7"
"NpcParam","523260004","","modelDispMask0","(default)","1"
"NpcParam","523260004","","modelDispMask10","(default)","1"
"NpcParam","523260004","","modelDispMask11","(default)","1"
"NpcParam","523260004","","isEnableNeckTurn","(default)","1"
"NpcParam","523260004","","modelDispMask20","(default)","1"
"NpcParam","523260004","","chrHitHeight","(default)","2.2"
"NpcParam","523260004","","chrHitRadius","(default)","0.5"
"NpcParam","523260004","","def_dark","(default)","100"
"NpcParam","523260004","","autoFootEffectSfxId","(default)","1"
"NpcParam","523260004","","materialSe1","(default)","109"
"NpcParam","523260004","","materialSfx1","(default)","109"
"NpcParam","523260004","","materialSe_Weak2","(default)","139"
"NpcParam","523260004","","materialSfx_Weak2","(default)","139"
"NpcParam","523260004","","materialSe2","(default)","106"
"NpcParam","523260004","","materialSfx2","(default)","106"
"NpcParam","523260004","","spEffectID8","(default)","0"
"NpcParam","523260004","","spEffectID9","(default)","9634"
"NpcParam","523260004","","spEffectID10","(default)","0"
"NpcParam","523260004","","spEffectID11","(default)","0"
"NpcParam","523260004","","spEffectID12","(default)","0"
"NpcParam","523260004","","spEffectID13","(default)","90100"
"NpcParam","523260004","","spEffectID14","(default)","0"
"NpcParam","523260004","","toughness","(default)","35"
"NpcParam","523260004","","toughnessRecoverCorrection","(default)","0.4"
"NpcParam","523260004","","thunderDamageCutRate","(default)","1.25"
"NpcParam","523260004","","npcPlayerWeightType","(default)","1"
"NpcParam","523260004","","resistCorrectId_disease","(default)","100"
"NpcParam","523260004","","multiPlayCorrectionParamId","(default)","200"
"NpcParam","523260004","","maxAnklePitchAngle","(default)","10"
"NpcParam","523260004","","resist_freeze","(default)","100"
"NpcParam","523260004","","hpBurnDamageRate","(default)","100"
"NpcParam","523260004","","spEffectID16","(default)","9642"
"NpcParam","523260004","","spEffectID18","(default)","5600"
"NpcParam","523260004","","spEffectID20","(default)","9845"
"NpcParam","523260004","","spEffectID21","(default)","18699"
"NpcParam","523260004","","spEffectID24","(default)","5020"
"NpcParam","523260004","","spEffectID27","(default)","440"
"NpcParam","523260004","","WanderGhostPhantomId","(default)","900"
"NpcParam","523260004","","deactiveMoveDist","(default)","180"
"NpcParam","523260004","","updateActivatePriolity","(default)","2.5"
"NpcParam","523260004","","superArmorDurability","(default)","100"
"NpcParam","523260004","","saRecoveryRate","(default)","0.29"
"NpcParam","523260004","","saGuardCutRate","(default)","100"
"NpcParam","523260004","","resistCorrectId_blood","(default)","100"
"NpcParam","523260004","","resistCorrectId_curse","(default)","100"
"NpcParam","523260004","","resistCorrectId_freeze","(default)","100"
"NpcParam","523260004","","resistCorrectId_sleep","(default)","100"
"NpcParam","523260004","","resistCorrectId_madness","(default)","100"
"NpcParam","523260004","","dlcGameClearSpEffectID","(default)","-1"
"NpcParam","523260005","","(new row)","",""
"NpcParam","523260005","","behaviorVariationId","(default)","10000"
"NpcParam","523260005","","resistCorrectId_poison","(default)","100"
"NpcParam","523260005","","nameId","(default)","132607"
"NpcParam","523260005","","turnVellocity","(default)","110"
"NpcParam","523260005","","hitHeight","(default)","2.2"
"NpcParam","523260005","","hitRadius","(default)","0.5"
"NpcParam","523260005","","weight","(default)","130"
"NpcParam","523260005","","hp","(default)","1551"
"NpcParam","523260005","","getSoul","(default)","2000"
"NpcParam","523260005","","footIkErrorHeightLimit","(default)","0.5"
"NpcParam","523260005","","spEffectID0","(default)","5400"
"NpcParam","523260005","","spEffectID1","(default)","0"
"NpcParam","523260005","","spEffectID2","(default)","0"
"NpcParam","523260005","","spEffectID3","(default)","0"
"NpcParam","523260005","","spEffectID4","(default)","0"
"NpcParam","523260005","","spEffectID5","(default)","0"
"NpcParam","523260005","","spEffectID6","(default)","0"
"NpcParam","523260005","","spEffectID7","(default)","0"
"NpcParam","523260005","","GameClearSpEffectID","(default)","0"
"NpcParam","523260005","","physGuardCutRate","(default)","100"
"NpcParam","523260005","","networkWarpDist","(default)","16"
"NpcParam","523260005","","dbgBehaviorR1","(default)","3000"
"NpcParam","523260005","","dbgBehaviorL1","(default)","3001"
"NpcParam","523260005","","dbgBehaviorR2","(default)","3002"
"NpcParam","523260005","","dbgBehaviorL2","(default)","3003"
"NpcParam","523260005","","dbgBehaviorRL","(default)","3004"
"NpcParam","523260005","","dbgBehaviorRR","(default)","3005"
"NpcParam","523260005","","dbgBehaviorRD","(default)","3006"
"NpcParam","523260005","","dbgBehaviorRU","(default)","3007"
"NpcParam","523260005","","dbgBehaviorLL","(default)","3008"
"NpcParam","523260005","","dbgBehaviorLR","(default)","3009"
"NpcParam","523260005","","dbgBehaviorLD","(default)","6001"
"NpcParam","523260005","","dbgBehaviorLU","(default)","6000"
"NpcParam","523260005","","weakPartsDamageRate","(default)","1.5"
"NpcParam","523260005","","superArmorRecoverCorrection","(default)","0.53846157"
"NpcParam","523260005","","stamina","(default)","100"
"NpcParam","523260005","","staminaRecoverBaseVel","(default)","30"
"NpcParam","523260005","","def_phys","(default)","100"
"NpcParam","523260005","","def_mag","(default)","100"
"NpcParam","523260005","","def_fire","(default)","100"
"NpcParam","523260005","","def_thunder","(default)","100"
"NpcParam","523260005","","resist_poison","(default)","100"
"NpcParam","523260005","","resist_desease","(default)","100"
"NpcParam","523260005","","resist_blood","(default)","100"
"NpcParam","523260005","","resist_curse","(default)","999"
"NpcParam","523260005","","dropType","(default)","1"
"NpcParam","523260005","","resist_sleep","(default)","999"
"NpcParam","523260005","","mpRecoverBaseVel","(default)","10"
"NpcParam","523260005","","defaultLodParamId","(default)","9"
"NpcParam","523260005","","teamType","(default)","26"
"NpcParam","523260005","","moveType","(default)","3"
"NpcParam","523260005","","lockDist","(default)","40"
"NpcParam","523260005","","materialSe_Weak1","(default)","110"
"NpcParam","523260005","","materialSfx_Weak1","(default)","110"
"NpcParam","523260005","","guardLevel","(default)","2"
"NpcParam","523260005","","pushOutCamRegionRadius","(default)","0"
"NpcParam","523260005","","ladderEndChkOffsetTop","(default)","17"
"NpcParam","523260005","","ladderEndChkOffsetLow","(default)","7"
"NpcParam","523260005","","modelDispMask0","(default)","1"
"NpcParam","523260005","","modelDispMask10","(default)","1"
"NpcParam","523260005","","modelDispMask11","(default)","1"
"NpcParam","523260005","","isEnableNeckTurn","(default)","1"
"NpcParam","523260005","","modelDispMask20","(default)","1"
"NpcParam","523260005","","chrHitHeight","(default)","2.2"
"NpcParam","523260005","","chrHitRadius","(default)","0.5"
"NpcParam","523260005","","def_dark","(default)","100"
"NpcParam","523260005","","autoFootEffectSfxId","(default)","1"
"NpcParam","523260005","","materialSe1","(default)","109"
"NpcParam","523260005","","materialSfx1","(default)","109"
"NpcParam","523260005","","materialSe_Weak2","(default)","139"
"NpcParam","523260005","","materialSfx_Weak2","(default)","139"
"NpcParam","523260005","","materialSe2","(default)","106"
"NpcParam","523260005","","materialSfx2","(default)","106"
"NpcParam","523260005","","spEffectID8","(default)","0"
"NpcParam","523260005","","spEffectID9","(default)","9634"
"NpcParam","523260005","","spEffectID10","(default)","0"
"NpcParam","523260005","","spEffectID11","(default)","0"
"NpcParam","523260005","","spEffectID12","(default)","0"
"NpcParam","523260005","","spEffectID13","(default)","90100"
"NpcParam","523260005","","spEffectID14","(default)","0"
"NpcParam","523260005","","toughness","(default)","35"
"NpcParam","523260005","","toughnessRecoverCorrection","(default)","0.4"
"NpcParam","523260005","","thunderDamageCutRate","(default)","1.25"
"NpcParam","523260005","","npcPlayerWeightType","(default)","1"
"NpcParam","523260005","","resistCorrectId_disease","(default)","100"
"NpcParam","523260005","","multiPlayCorrectionParamId","(default)","200"
"NpcParam","523260005","","maxAnklePitchAngle","(default)","10"
"NpcParam","523260005","","resist_freeze","(default)","100"
"NpcParam","523260005","","hpBurnDamageRate","(default)","100"
"NpcParam","523260005","","spEffectID16","(default)","9642"
"NpcParam","523260005","","spEffectID18","(default)","5600"
"NpcParam","523260005","","spEffectID20","(default)","9845"
"NpcParam","523260005","","spEffectID21","(default)","18699"
"NpcParam","523260005","","spEffectID24","(default)","5020"
"NpcParam","523260005","","spEffectID27","(default)","440"
"NpcParam","523260005","","WanderGhostPhantomId","(default)","900"
"NpcParam","523260005","","deactiveMoveDist","(default)","180"
"NpcParam","523260005","","updateActivatePriolity","(default)","2.5"
"NpcParam","523260005","","superArmorDurability","(default)","100"
"NpcParam","523260005","","saRecoveryRate","(default)","0.29"
"NpcParam","523260005","","saGuardCutRate","(default)","100"
"NpcParam","523260005","","resistCorrectId_blood","(default)","100"
"NpcParam","523260005","","resistCorrectId_curse","(default)","100"
"NpcParam","523260005","","resistCorrectId_freeze","(default)","100"
"NpcParam","523260005","","resistCorrectId_sleep","(default)","100"
"NpcParam","523260005","","resistCorrectId_madness","(default)","100"
"NpcParam","523260005","","dlcGameClearSpEffectID","(default)","-1"
"NpcParam","523260006","","(new row)","",""
"NpcParam","523260006","","behaviorVariationId","(default)","10000"
"NpcParam","523260006","","resistCorrectId_poison","(default)","100"
"NpcParam","523260006","","nameId","(default)","132608"
"NpcParam","523260006","","turnVellocity","(default)","110"
"NpcParam","523260006","","hitHeight","(default)","2.2"
"NpcParam","523260006","","hitRadius","(default)","0.5"
"NpcParam","523260006","","weight","(default)","130"
"NpcParam","523260006","","hp","(default)","1551"
"NpcParam","523260006","","getSoul","(default)","2000"
"NpcParam","523260006","","footIkErrorHeightLimit","(default)","0.5"
"NpcParam","523260006","","spEffectID0","(default)","5400"
"NpcParam","523260006","","spEffectID1","(default)","0"
"NpcParam","523260006","","spEffectID2","(default)","0"
"NpcParam","523260006","","spEffectID3","(default)","0"
"NpcParam","523260006","","spEffectID4","(default)","0"
"NpcParam","523260006","","spEffectID5","(default)","0"
"NpcParam","523260006","","spEffectID6","(default)","0"
"NpcParam","523260006","","spEffectID7","(default)","0"
"NpcParam","523260006","","GameClearSpEffectID","(default)","0"
"NpcParam","523260006","","physGuardCutRate","(default)","100"
"NpcParam","523260006","","networkWarpDist","(default)","16"
"NpcParam","523260006","","dbgBehaviorR1","(default)","3000"
"NpcParam","523260006","","dbgBehaviorL1","(default)","3001"
"NpcParam","523260006","","dbgBehaviorR2","(default)","3002"
"NpcParam","523260006","","dbgBehaviorL2","(default)","3003"
"NpcParam","523260006","","dbgBehaviorRL","(default)","3004"
"NpcParam","523260006","","dbgBehaviorRR","(default)","3005"
"NpcParam","523260006","","dbgBehaviorRD","(default)","3006"
"NpcParam","523260006","","dbgBehaviorRU","(default)","3007"
"NpcParam","523260006","","dbgBehaviorLL","(default)","3008"
"NpcParam","523260006","","dbgBehaviorLR","(default)","3009"
"NpcParam","523260006","","dbgBehaviorLD","(default)","6001"
"NpcParam","523260006","","dbgBehaviorLU","(default)","6000"
"NpcParam","523260006","","weakPartsDamageRate","(default)","1.5"
"NpcParam","523260006","","superArmorRecoverCorrection","(default)","0.53846157"
"NpcParam","523260006","","stamina","(default)","100"
"NpcParam","523260006","","staminaRecoverBaseVel","(default)","30"
"NpcParam","523260006","","def_phys","(default)","100"
"NpcParam","523260006","","def_mag","(default)","100"
"NpcParam","523260006","","def_fire","(default)","100"
"NpcParam","523260006","","def_thunder","(default)","100"
"NpcParam","523260006","","resist_poison","(default)","100"
"NpcParam","523260006","","resist_desease","(default)","100"
"NpcParam","523260006","","resist_blood","(default)","100"
"NpcParam","523260006","","resist_curse","(default)","999"
"NpcParam","523260006","","dropType","(default)","1"
"NpcParam","523260006","","resist_sleep","(default)","999"
"NpcParam","523260006","","mpRecoverBaseVel","(default)","10"
"NpcParam","523260006","","defaultLodParamId","(default)","9"
"NpcParam","523260006","","teamType","(default)","26"
"NpcParam","523260006","","moveType","(default)","3"
"NpcParam","523260006","","lockDist","(default)","40"
"NpcParam","523260006","","materialSe_Weak1","(default)","110"
"NpcParam","523260006","","materialSfx_Weak1","(default)","110"
"NpcParam","523260006","","guardLevel","(default)","2"
"NpcParam","523260006","","pushOutCamRegionRadius","(default)","0"
"NpcParam","523260006","","ladderEndChkOffsetTop","(default)","17"
"NpcParam","523260006","","ladderEndChkOffsetLow","(default)","7"
"NpcParam","523260006","","modelDispMask0","(default)","1"
"NpcParam","523260006","","modelDispMask10","(default)","1"
"NpcParam","523260006","","modelDispMask11","(default)","1"
"NpcParam","523260006","","isEnableNeckTurn","(default)","1"
"NpcParam","523260006","","modelDispMask20","(default)","1"
"NpcParam","523260006","","chrHitHeight","(default)","2.2"
"NpcParam","523260006","","chrHitRadius","(default)","0.5"
"NpcParam","523260006","","def_dark","(default)","100"
"NpcParam","523260006","","autoFootEffectSfxId","(default)","1"
"NpcParam","523260006","","materialSe1","(default)","109"
"NpcParam","523260006","","materialSfx1","(default)","109"
"NpcParam","523260006","","materialSe_Weak2","(default)","139"
"NpcParam","523260006","","materialSfx_Weak2","(default)","139"
"NpcParam","523260006","","materialSe2","(default)","106"
"NpcParam","523260006","","materialSfx2","(default)","106"
"NpcParam","523260006","","spEffectID8","(default)","0"
"NpcParam","523260006","","spEffectID9","(default)","9634"
"NpcParam","523260006","","spEffectID10","(default)","0"
"NpcParam","523260006","","spEffectID11","(default)","0"
"NpcParam","523260006","","spEffectID12","(default)","0"
"NpcParam","523260006","","spEffectID13","(default)","90100"
"NpcParam","523260006","","spEffectID14","(default)","0"
"NpcParam","523260006","","toughness","(default)","35"
"NpcParam","523260006","","toughnessRecoverCorrection","(default)","0.4"
"NpcParam","523260006","","thunderDamageCutRate","(default)","1.25"
"NpcParam","523260006","","npcPlayerWeightType","(default)","1"
"NpcParam","523260006","","resistCorrectId_disease","(default)","100"
"NpcParam","523260006","","multiPlayCorrectionParamId","(default)","200"
"NpcParam","523260006","","maxAnklePitchAngle","(default)","10"
"NpcParam","523260006","","resist_freeze","(default)","100"
"NpcParam","523260006","","hpBurnDamageRate","(default)","100"
"NpcParam","523260006","","spEffectID16","(default)","9642"
"NpcParam","523260006","","spEffectID18","(default)","5600"
"NpcParam","523260006","","spEffectID20","(default)","9845"
"NpcParam","523260006","","spEffectID21","(default)","18699"
"NpcParam","523260006","","spEffectID24","(default)","5020"
"NpcParam","523260006","","spEffectID27","(default)","440"
"NpcParam","523260006","","WanderGhostPhantomId","(default)","900"
"NpcParam","523260006","","deactiveMoveDist","(default)","180"
"NpcParam","523260006","","updateActivatePriolity","(default)","2.5"
"NpcParam","523260006","","superArmorDurability","(default)","100"
"NpcParam","523260006","","saRecoveryRate","(default)","0.29"
"NpcParam","523260006","","saGuardCutRate","(default)","100"
"NpcParam","523260006","","resistCorrectId_blood","(default)","100"
"NpcParam","523260006","","resistCorrectId_curse","(default)","100"
"NpcParam","523260006","","resistCorrectId_freeze","(default)","100"
"NpcParam","523260006","","resistCorrectId_sleep","(default)","100"
"NpcParam","523260006","","resistCorrectId_madness","(default)","100"
"NpcParam","523260006","","dlcGameClearSpEffectID","(default)","-1"
"RandomAppearParam","1202020","","slot0","1","0"
"RandomAppearParam","1202020","","slot1","0","1"
"RandomAppearParam","1202020","","slot4","0","1"
"RandomAppearParam","1202020","","slot5","1","0"
"RandomAppearParam","1202020","","slot8","1","0"
"RandomAppearParam","1202020","","slot10","0","1"
"RandomAppearParam","1202020","","slot15","1","0"
"RandomAppearParam","1202020","","slot19","1","0"
"RandomAppearParam","1202020","","slot20","0","1"
"RandomAppearParam","1202020","","slot22","1","0"
"RandomAppearParam","1202020","","slot23","0","1"
"RandomAppearParam","1202020","","slot26","0","1"
"RandomAppearParam","1202020","","slot30","1","0"
"RandomAppearParam","1202020","","slot31","0","1"
"RandomAppearParam","1202020","","slot33","0","1"
"RandomAppearParam","1202020","","slot35","0","1"
"RandomAppearParam","1202020","","slot38","0","1"
"RandomAppearParam","1202020","","slot40","1","0"
"RandomAppearParam","1202020","","slot44","1","0"
"RandomAppearParam","1202020","","slot45","0","1"
"RandomAppearParam","1202020","","slot47","0","1"
"RandomAppearParam","1202020","","slot50","0","1"
"RandomAppearParam","1202020","","slot51","0","1"
"RandomAppearParam","1202020","","slot52","0","1"
"RandomAppearParam","1202020","","slot54","1","0"
"RandomAppearParam","1202020","","slot55","0","1"
"RandomAppearParam","1202020","","slot56","1","0"
"RandomAppearParam","1202020","","slot59","1","0"
"RandomAppearParam","1202020","","slot60","1","0"
"RandomAppearParam","1202020","","slot61","1","0"
"RandomAppearParam","1202020","","slot62","0","1"
"RandomAppearParam","1202020","","slot64","0","1"
"RandomAppearParam","1202020","","slot65","1","0"
"RandomAppearParam","1202020","","slot66","0","1"
"RandomAppearParam","1202020","","slot67","0","1"
"RandomAppearParam","1202020","","slot69","1","0"
"RandomAppearParam","1202020","","slot75","1","0"
"RandomAppearParam","1202020","","slot77","1","0"
"RandomAppearParam","1202020","","slot79","0","1"
"RandomAppearParam","1202020","","slot80","0","1"
"RandomAppearParam","1202020","","slot81","0","1"
"RandomAppearParam","1202020","","slot82","1","0"
"RandomAppearParam","1202020","","slot83","0","1"
"RandomAppearParam","1202020","","slot89","1","0"
"RandomAppearParam","1202020","","slot92","0","1"
"RandomAppearParam","1202020","","slot94","0","1"
"RandomAppearParam","1202020","","slot96","0","1"
"RandomAppearParam","1202020","","slot98","0","1"
"RandomAppearParam","1202020","","slot99","1","0"
"RandomAppearParam","603542037","","slot3","1","0"
"RandomAppearParam","603542037","","slot5","0","1"
"RandomAppearParam","603542037","","slot6","1","0"
"RandomAppearParam","603542037","","slot7","1","0"
"RandomAppearParam","603542037","","slot14","1","0"
"RandomAppearParam","603542037","","slot16","0","1"
"RandomAppearParam","603542037","","slot17","0","1"
"RandomAppearParam","603542037","","slot19","1","0"
"RandomAppearParam","603542037","","slot21","1","0"
"RandomAppearParam","603542037","","slot23","0","1"
"RandomAppearParam","603542037","","slot27","0","1"
"RandomAppearParam","603542037","","slot35","0","1"
"RandomAppearParam","603542037","","slot36","1","0"
"RandomAppearParam","603542037","","slot37","0","1"
"RandomAppearParam","603542037","","slot41","1","0"
"RandomAppearParam","603542037","","slot43","0","1"
"RandomAppearParam","603542037","","slot45","1","0"
"RandomAppearParam","603542037","","slot48","0","1"
"RandomAppearParam","603542037","","slot50","1","0"
"RandomAppearParam","603542037","","slot51","1","0"
"RandomAppearParam","603542037","","slot53","1","0"
"RandomAppearParam","603542037","","slot54","0","1"
"RandomAppearParam","603542037","","slot57","1","0"
"RandomAppearParam","603542037","","slot66","0","1"
"RandomAppearParam","603542037","","slot69","0","1"
"RandomAppearParam","603542037","","slot70","0","1"
"RandomAppearParam","603542037","","slot71","0","1"
"RandomAppearParam","603542037","","slot72","1","0"
"RandomAppearParam","603542037","","slot74","0","1"
"RandomAppearParam","603542037","","slot75","0","1"
"RandomAppearParam","603542037","","slot76","0","1"
"RandomAppearParam","603542037","","slot78","1","0"
"RandomAppearParam","603542037","","slot80","0","1"
"RandomAppearParam","603542037","","slot81","1","0"
"RandomAppearParam","603542037","","slot82","1","0"
"RandomAppearParam","603542037","","slot85","0","1"
"RandomAppearParam","603542037","","slot88","0","1"
"RandomAppearParam","603542037","","slot92","0","1"
"RandomAppearParam","603542037","","slot93","1","0"
"RandomAppearParam","603542037","","slot98","1","0"
"RandomAppearParam","603542038","","slot7","0","1"
"RandomAppearParam","603542038","","slot8","1","0"
"RandomAppearParam","603542038","","slot11","0","1"
"RandomAppearParam","603542038","","slot12","0","1"
"RandomAppearParam","603542038","","slot15","0","1"
"RandomAppearParam","603542038","","slot17","1","0"
"RandomAppearParam","603542038","","slot20","0","1"
"RandomAppearParam","603542038","","slot21","0","1"
"RandomAppearParam","603542038","","slot22","1","0"
"RandomAppearParam","603542038","","slot23","1","0"
"RandomAppearParam","603542038","","slot26","1","0"
"RandomAppearParam","603542038","","slot27","0","1"
"RandomAppearParam","603542038","","slot28","0","1"
"RandomAppearParam","603542038","","slot29","0","1"
"RandomAppearParam","603542038","","slot31","1","0"
"RandomAppearParam","603542038","","slot33","1","0"
"RandomAppearParam","603542038","","slot37","1","0"
"RandomAppearParam","603542038","","slot41","0","1"
"RandomAppearParam","603542038","","slot42","1","0"
"RandomAppearParam","603542038","","slot44","1","0"
"RandomAppearParam","603542038","","slot46","0","1"
"RandomAppearParam","603542038","","slot47","0","1"
"RandomAppearParam","603542038","","slot49","0","1"
"RandomAppearParam","603542038","","slot50","0","1"
"RandomAppearParam","603542038","","slot51","0","1"
"RandomAppearParam","603542038","","slot54","1","0"
"RandomAppearParam","603542038","","slot55","1","0"
"RandomAppearParam","603542038","","slot56","0","1"
"RandomAppearParam","603542038","","slot60","1","0"
"RandomAppearParam","603542038","","slot61","0","1"
"RandomAppearParam","603542038","","slot62","0","1"
"RandomAppearParam","603542038","","slot63","1","0"
"RandomAppearParam","603542038","","slot64","1","0"
"RandomAppearParam","603542038","","slot65","1","0"
"RandomAppearParam","603542038","","slot66","1","0"
"RandomAppearParam","603542038","","slot67","1","0"
"RandomAppearParam","603542038","","slot68","1","0"
"RandomAppearParam","603542038","","slot76","1","0"
"RandomAppearParam","603542038","","slot77","1","0"
"RandomAppearParam","603542038","","slot78","0","1"
"RandomAppearParam","603542038","","slot80","0","1"
"RandomAppearParam","603542038","","slot83","0","1"
"RandomAppearParam","603542038","","slot87","0","1"
"RandomAppearParam","603542038","","slot94","0","1"
"RandomAppearParam","603542038","","slot99","0","1"
"RandomAppearParam","603542039","","slot0","0","1"
"RandomAppearParam","603542039","","slot1","1","0"
"RandomAppearParam","603542039","","slot5","1","0"
"RandomAppearParam","603542039","","slot6","0","1"
"RandomAppearParam","603542039","","slot8","0","1"
"RandomAppearParam","603542039","","slot12","1","0"
"RandomAppearParam","603542039","","slot15","1","0"
"RandomAppearParam","603542039","","slot20","1","0"
"RandomAppearParam","603542039","","slot22","0","1"
"RandomAppearParam","603542039","","slot24","0","1"
"RandomAppearParam","603542039","","slot27","1","0"
"RandomAppearParam","603542039","","slot28","1","0"
"RandomAppearParam","603542039","","slot29","1","0"
"RandomAppearParam","603542039","","slot30","1","0"
"RandomAppearParam","603542039","","slot31","0","1"
"RandomAppearParam","603542039","","slot32","1","0"
"RandomAppearParam","603542039","","slot35","1","0"
"RandomAppearParam","603542039","","slot37","0","1"
"RandomAppearParam","603542039","","slot38","1","0"
"RandomAppearParam","603542039","","slot39","0","1"
"RandomAppearParam","603542039","","slot41","0","1"
"RandomAppearParam","603542039","","slot42","0","1"
"RandomAppearParam","603542039","","slot43","1","0"
"RandomAppearParam","603542039","","slot45","0","1"
"RandomAppearParam","603542039","","slot49","1","0"
"RandomAppearParam","603542039","","slot55","0","1"
"RandomAppearParam","603542039","","slot57","0","1"
"RandomAppearParam","603542039","","slot58","0","1"
"RandomAppearParam","603542039","","slot60","0","1"
"RandomAppearParam","603542039","","slot61","1","0"
"RandomAppearParam","603542039","","slot62","1","0"
"RandomAppearParam","603542039","","slot63","0","1"
"RandomAppearParam","603542039","","slot67","0","1"
"RandomAppearParam","603542039","","slot70","1","0"
"RandomAppearParam","603542039","","slot71","1","0"
"RandomAppearParam","603542039","","slot73","1","0"
"RandomAppearParam","603542039","","slot75","1","0"
"RandomAppearParam","603542039","","slot76","0","1"
"RandomAppearParam","603542039","","slot77","0","1"
"RandomAppearParam","603542039","","slot79","0","1"
"RandomAppearParam","603542039","","slot80","1","0"
"RandomAppearParam","603542039","","slot82","0","1"
"RandomAppearParam","603542039","","slot85","1","0"
"RandomAppearParam","603542039","","slot87","1","0"
"RandomAppearParam","603542039","","slot88","1","0"
"RandomAppearParam","603542039","","slot90","0","1"
"RandomAppearParam","603542039","","slot91","1","0"
"RandomAppearParam","603542039","","slot92","1","0"
"RandomAppearParam","603542039","","slot93","0","1"
"RandomAppearParam","603542039","","slot94","1","0"
"RandomAppearParam","603542039","","slot98","0","1"
"RandomAppearParam","603542040","","slot2","1","0"
"RandomAppearParam","603542040","","slot3","0","1"
"RandomAppearParam","603542040","","slot4","0","1"
"RandomAppearParam","603542040","","slot5","1","0"
"RandomAppearParam","603542040","","slot7","1","0"
"RandomAppearParam","603542040","","slot8","0","1"
"RandomAppearParam","603542040","","slot9","1","0"
"RandomAppearParam","603542040","","slot17","0","1"
"RandomAppearParam","603542040","","slot22","0","1"
"RandomAppearParam","603542040","","slot26","0","1"
"RandomAppearParam","603542040","","slot27","1","0"
"RandomAppearParam","603542040","","slot28","1","0"
"RandomAppearParam","603542040","","slot30","1","0"
"RandomAppearParam","603542040","","slot33","1","0"
"RandomAppearParam","603542040","","slot35","1","0"
"RandomAppearParam","603542040","","slot42","1","0"
"RandomAppearParam","603542040","","slot43","0","1"
"RandomAppearParam","603542040","","slot45","1","0"
"RandomAppearParam","603542040","","slot47","1","0"
"RandomAppearParam","603542040","","slot48","1","0"
"RandomAppearParam","603542040","","slot51","0","1"
"RandomAppearParam","603542040","","slot53","0","1"
"RandomAppearParam","603542040","","slot54","0","1"
"RandomAppearParam","603542040","","slot56","1","0"
"RandomAppearParam","603542040","","slot62","1","0"
"RandomAppearParam","603542040","","slot63","1","0"
"RandomAppearParam","603542040","","slot67","0","1"
"RandomAppearParam","603542040","","slot68","0","1"
"RandomAppearParam","603542040","","slot69","1","0"
"RandomAppearParam","603542040","","slot70","1","0"
"RandomAppearParam","603542040","","slot71","1","0"
"RandomAppearParam","603542040","","slot77","1","0"
"RandomAppearParam","603542040","","slot80","1","0"
"RandomAppearParam","603542040","","slot81","1","0"
"RandomAppearParam","603542040","","slot83","1","0"
"RandomAppearParam","603542040","","slot85","1","0"
"RandomAppearParam","603542040","","slot87","1","0"
"RandomAppearParam","603542040","","slot88","1","0"
"RandomAppearParam","603542040","","slot91","1","0"
"RandomAppearParam","603542040","","slot93","0","1"
"RandomAppearParam","603542040","","slot97","0","1"
"RandomAppearParam","603542040","","slot98","0","1"
"RandomAppearParam","603542041","","slot0","1","0"
"RandomAppearParam","603542041","","slot2","0","1"
"RandomAppearParam","603542041","","slot4","1","0"
"RandomAppearParam","603542041","","slot7","0","1"
"RandomAppearParam","603542041","","slot8","1","0"
"RandomAppearParam","603542041","","slot11","1","0"
"RandomAppearParam","603542041","","slot12","1","0"
"RandomAppearParam","603542041","","slot13","1","0"
"RandomAppearParam","603542041","","slot16","1","0"
"RandomAppearParam","603542041","","slot17","1","0"
"RandomAppearParam","603542041","","slot19","0","1"
"RandomAppearParam","603542041","","slot21","1","0"
"RandomAppearParam","603542041","","slot22","1","0"
"RandomAppearParam","603542041","","slot24","1","0"
"RandomAppearParam","603542041","","slot25","1","0"
"RandomAppearParam","603542041","","slot28","0","1"
"RandomAppearParam","603542041","","slot30","0","1"
"RandomAppearParam","603542041","","slot33","0","1"
"RandomAppearParam","603542041","","slot35","0","1"
"RandomAppearParam","603542041","","slot36","0","1"
"RandomAppearParam","603542041","","slot37","1","0"
"RandomAppearParam","603542041","","slot39","1","0"
"RandomAppearParam","603542041","","slot41","1","0"
"RandomAppearParam","603542041","","slot43","1","0"
"RandomAppearParam","603542041","","slot44","0","1"
"RandomAppearParam","603542041","","slot45","0","1"
"RandomAppearParam","603542041","","slot46","1","0"
"RandomAppearParam","603542041","","slot50","1","0"
"RandomAppearParam","603542041","","slot51","1","0"
"RandomAppearParam","603542041","","slot53","1","0"
"RandomAppearParam","603542041","","slot54","1","0"
"RandomAppearParam","603542041","","slot58","1","0"
"RandomAppearParam","603542041","","slot59","1","0"
"RandomAppearParam","603542041","","slot60","1","0"
"RandomAppearParam","603542041","","slot67","1","0"
"RandomAppearParam","603542041","","slot68","1","0"
"RandomAppearParam","603542041","","slot70","0","1"
"RandomAppearParam","603542041","","slot72","0","1"
"RandomAppearParam","603542041","","slot74","1","0"
"RandomAppearParam","603542041","","slot76","1","0"
"RandomAppearParam","603542041","","slot78","1","0"
"RandomAppearParam","603542041","","slot79","1","0"
"RandomAppearParam","603542041","","slot81","0","1"
"RandomAppearParam","603542041","","slot82","1","0"
"RandomAppearParam","603542041","","slot85","0","1"
"RandomAppearParam","603542041","","slot87","0","1"
"RandomAppearParam","603542041","","slot88","0","1"
"RandomAppearParam","603542041","","slot90","1","0"
"RandomAppearParam","603542041","","slot91","0","1"
"RandomAppearParam","603542041","","slot93","1","0"
"RandomAppearParam","603542041","","slot97","1","0"
"RandomAppearParam","603542041","","slot98","1","0"
"RandomAppearParam","603542041","","slot99","1","0"
"RandomAppearParam","603542042","","slot4","1","0"
"RandomAppearParam","603542042","","slot5","0","1"
"RandomAppearParam","603542042","","slot6","1","0"
"RandomAppearParam","603542042","","slot9","0","1"
"RandomAppearParam","603542042","","slot13","0","1"
"RandomAppearParam","603542042","","slot14","0","1"
"RandomAppearParam","603542042","","slot15","1","0"
"RandomAppearParam","603542042","","slot17","1","0"
"RandomAppearParam","603542042","","slot19","1","0"
"RandomAppearParam","603542042","","slot23","1","0"
"RandomAppearParam","603542042","","slot32","0","1"
"RandomAppearParam","603542042","","slot33","0","1"
"RandomAppearParam","603542042","","slot34","1","0"
"RandomAppearParam","603542042","","slot35","1","0"
"RandomAppearParam","603542042","","slot39","1","0"
"RandomAppearParam","603542042","","slot40","1","0"
"RandomAppearParam","603542042","","slot42","0","1"
"RandomAppearParam","603542042","","slot47","1","0"
"RandomAppearParam","603542042","","slot48","1","0"
"RandomAppearParam","603542042","","slot50","0","1"
"RandomAppearParam","603542042","","slot52","1","0"
"RandomAppearParam","603542042","","slot53","0","1"
"RandomAppearParam","603542042","","slot56","1","0"
"RandomAppearParam","603542042","","slot59","0","1"
"RandomAppearParam","603542042","","slot62","0","1"
"RandomAppearParam","603542042","","slot63","0","1"
"RandomAppearParam","603542042","","slot65","0","1"
"RandomAppearParam","603542042","","slot66","1","0"
"RandomAppearParam","603542042","","slot70","1","0"
"RandomAppearParam","603542042","","slot73","0","1"
"RandomAppearParam","603542042","","slot74","1","0"
"RandomAppearParam","603542042","","slot75","1","0"
"RandomAppearParam","603542042","","slot78","0","1"
"RandomAppearParam","603542042","","slot81","0","1"
"RandomAppearParam","603542042","","slot83","1","0"
"RandomAppearParam","603542042","","slot84","1","0"
"RandomAppearParam","603542042","","slot87","1","0"
"RandomAppearParam","603542042","","slot88","1","0"
"RandomAppearParam","603542042","","slot93","1","0"
"RandomAppearParam","603542042","","slot96","1","0"
"RandomAppearParam","603542042","","slot99","1","0"
"RandomAppearParam","603542043","","slot5","1","0"
"RandomAppearParam","603542043","","slot6","0","1"
"RandomAppearParam","603542043","","slot7","0","1"
"RandomAppearParam","603542043","","slot9","1","0"
"RandomAppearParam","603542043","","slot10","1","0"
"RandomAppearParam","603542043","","slot11","1","0"
"RandomAppearParam","603542043","","slot13","0","1"
"RandomAppearParam","603542043","","slot14","0","1"
"RandomAppearParam","603542043","","slot15","0","1"
"RandomAppearParam","603542043","","slot18","1","0"
"RandomAppearParam","603542043","","slot20","1","0"
"RandomAppearParam","603542043","","slot24","0","1"
"RandomAppearParam","603542043","","slot26","1","0"
"RandomAppearParam","603542043","","slot28","0","1"
"RandomAppearParam","603542043","","slot33","0","1"
"RandomAppearParam","603542043","","slot40","0","1"
"RandomAppearParam","603542043","","slot43","1","0"
"RandomAppearParam","603542043","","slot46","1","0"
"RandomAppearParam","603542043","","slot49","1","0"
"RandomAppearParam","603542043","","slot50","0","1"
"RandomAppearParam","603542043","","slot51","1","0"
"RandomAppearParam","603542043","","slot52","0","1"
"RandomAppearParam","603542043","","slot56","0","1"
"RandomAppearParam","603542043","","slot58","1","0"
"RandomAppearParam","603542043","","slot59","1","0"
"RandomAppearParam","603542043","","slot61","1","0"
"RandomAppearParam","603542043","","slot63","0","1"
"RandomAppearParam","603542043","","slot67","0","1"
"RandomAppearParam","603542043","","slot68","0","1"
"RandomAppearParam","603542043","","slot72","0","1"
"RandomAppearParam","603542043","","slot73","1","0"
"RandomAppearParam","603542043","","slot76","1","0"
"RandomAppearParam","603542043","","slot78","0","1"
"RandomAppearParam","603542043","","slot83","0","1"
"RandomAppearParam","603542043","","slot84","0","1"
"RandomAppearParam","603542043","","slot88","0","1"
"RandomAppearParam","603542043","","slot90","0","1"
"RandomAppearParam","603542043","","slot91","0","1"
"RandomAppearParam","603542043","","slot94","1","0"
"RandomAppearParam","603542043","","slot96","0","1"
"RandomAppearParam","603542043","","slot97","1","0"
"RandomAppearParam","603542044","","slot3","1","0"
"RandomAppearParam","603542044","","slot4","0","1"
"RandomAppearParam","603542044","","slot7","1","0"
"RandomAppearParam","603542044","","slot9","0","1"
"RandomAppearParam","603542044","","slot10","0","1"
"RandomAppearParam","603542044","","slot12","0","1"
"RandomAppearParam","603542044","","slot13","1","0"
"RandomAppearParam","603542044","","slot14","1","0"
"RandomAppearParam","603542044","","slot19","0","1"
"RandomAppearParam","603542044","","slot24","1","0"
"RandomAppearParam","603542044","","slot25","0","1"
"RandomAppearParam","603542044","","slot28","1","0"
"RandomAppearParam","603542044","","slot30","0","1"
"RandomAppearParam","603542044","","slot31","1","0"
"RandomAppearParam","603542044","","slot33","1","0"
"RandomAppearParam","603542044","","slot34","0","1"
"RandomAppearParam","603542044","","slot39","0","1"
"RandomAppearParam","603542044","","slot41","1","0"
"RandomAppearParam","603542044","","slot43","0","1"
"RandomAppearParam","603542044","","slot45","1","0"
"RandomAppearParam","603542044","","slot49","0","1"
"RandomAppearParam","603542044","","slot50","1","0"
"RandomAppearParam","603542044","","slot51","0","1"
"RandomAppearParam","603542044","","slot57","1","0"
"RandomAppearParam","603542044","","slot60","0","1"
"RandomAppearParam","603542044","","slot61","0","1"
"RandomAppearParam","603542044","","slot63","1","0"
"RandomAppearParam","603542044","","slot65","1","0"
"RandomAppearParam","603542044","","slot67","1","0"
"RandomAppearParam","603542044","","slot70","0","1"
"RandomAppearParam","603542044","","slot72","1","0"
"RandomAppearParam","603542044","","slot73","0","1"
"RandomAppearParam","603542044","","slot74","0","1"
"RandomAppearParam","603542044","","slot75","0","1"
"RandomAppearParam","603542044","","slot77","0","1"
"RandomAppearParam","603542044","","slot78","1","0"
"RandomAppearParam","603542044","","slot82","0","1"
"RandomAppearParam","603542044","","slot85","1","0"
"RandomAppearParam","603542044","","slot86","1","0"
"RandomAppearParam","603542044","","slot90","1","0"
"RandomAppearParam","603542044","","slot99","0","1"
"RandomAppearParam","603542045","","slot3","0","1"
"RandomAppearParam","603542045","","slot5","0","1"
"RandomAppearParam","603542045","","slot8","1","0"
"RandomAppearParam","603542045","","slot11","0","1"
"RandomAppearParam","603542045","","slot16","1","0"
"RandomAppearParam","603542045","","slot17","0","1"
"RandomAppearParam","603542045","","slot18","0","1"
"RandomAppearParam","603542045","","slot20","0","1"
"RandomAppearParam","603542045","","slot21","0","1"
"RandomAppearParam","603542045","","slot23","0","1"
"RandomAppearParam","603542045","","slot26","0","1"
"RandomAppearParam","603542045","","slot35","0","1"
"RandomAppearParam","603542045","","slot38","0","1"
"RandomAppearParam","603542045","","slot41","0","1"
"RandomAppearParam","603542045","","slot43","1","0"
"RandomAppearParam","603542045","","slot45","0","1"
"RandomAppearParam","603542045","","slot47","0","1"
"RandomAppearParam","603542045","","slot48","0","1"
"RandomAppearParam","603542045","","slot57","0","1"
"RandomAppearParam","603542045","","slot58","0","1"
"RandomAppearParam","603542045","","slot59","0","1"
"RandomAppearParam","603542045","","slot64","0","1"
"RandomAppearParam","603542045","","slot65","0","1"
"RandomAppearParam","603542045","","slot66","0","1"
"RandomAppearParam","603542045","","slot71","0","1"
"RandomAppearParam","603542045","","slot72","1","0"
"RandomAppearParam","603542045","","slot76","0","1"
"RandomAppearParam","603542045","","slot85","0","1"
"RandomAppearParam","603542045","","slot86","0","1"
"RandomAppearParam","603542045","","slot87","0","1"
"RandomAppearParam","603542045","","slot92","1","0"
"RandomAppearParam","603542045","","slot93","0","1"
"RandomAppearParam","603542045","","slot94","0","1"
"RandomAppearParam","603542045","","slot95","1","0"
"RandomAppearParam","603542045","","slot97","0","1"
"RandomAppearParam","603848012","","slot0","0","1"
"RandomAppearParam","603848012","","slot6","1","0"
"RandomAppearParam","603848012","","slot7","0","1"
"RandomAppearParam","603848012","","slot8","0","1"
"RandomAppearParam","603848012","","slot10","0","1"
"RandomAppearParam","603848012","","slot12","1","0"
"RandomAppearParam","603848012","","slot13","0","1"
"RandomAppearParam","603848012","","slot15","1","0"
"RandomAppearParam","603848012","","slot17","0","1"
"RandomAppearParam","603848012","","slot18","0","1"
"RandomAppearParam","603848012","","slot26","0","1"
"RandomAppearParam","603848012","","slot28","1","0"
"RandomAppearParam","603848012","","slot32","0","1"
"RandomAppearParam","603848012","","slot36","1","0"
"RandomAppearParam","603848012","","slot38","0","1"
"RandomAppearParam","603848012","","slot40","0","1"
"RandomAppearParam","603848012","","slot45","0","1"
"RandomAppearParam","603848012","","slot47","0","1"
"RandomAppearParam","603848012","","slot48","0","1"
"RandomAppearParam","603848012","","slot49","1","0"
"RandomAppearParam","603848012","","slot51","0","1"
"RandomAppearParam","603848012","","slot54","0","1"
"RandomAppearParam","603848012","","slot55","0","1"
"RandomAppearParam","603848012","","slot56","1","0"
"RandomAppearParam","603848012","","slot58","1","0"
"RandomAppearParam","603848012","","slot59","0","1"
"RandomAppearParam","603848012","","slot61","0","1"
"RandomAppearParam","603848012","","slot62","1","0"
"RandomAppearParam","603848012","","slot67","1","0"
"RandomAppearParam","603848012","","slot69","1","0"
"RandomAppearParam","603848012","","slot71","0","1"
"RandomAppearParam","603848012","","slot72","0","1"
"RandomAppearParam","603848012","","slot78","0","1"
"RandomAppearParam","603848012","","slot81","0","1"
"RandomAppearParam","603848012","","slot82","1","0"
"RandomAppearParam","603848012","","slot84","0","1"
"RandomAppearParam","603848012","","slot88","0","1"
"RandomAppearParam","603848012","","slot89","0","1"
"RandomAppearParam","603848012","","slot93","0","1"
"RandomAppearParam","603848012","","slot94","0","1"
"RandomAppearParam","603848012","","slot95","0","1"
"RandomAppearParam","603848012","","slot96","0","1"
"RandomAppearParam","603848012","","slot98","1","0"
"RandomAppearParam","603848012","","slot99","1","0"
"RandomAppearParam","603849013","","slot2","0","1"
"RandomAppearParam","603849013","","slot5","1","0"
"RandomAppearParam","603849013","","slot7","1","0"
"RandomAppearParam","603849013","","slot10","0","1"
"RandomAppearParam","603849013","","slot16","1","0"
"RandomAppearParam","603849013","","slot20","0","1"
"RandomAppearParam","603849013","","slot23","1","0"
"RandomAppearParam","603849013","","slot24","0","1"
"RandomAppearParam","603849013","","slot25","0","1"
"RandomAppearParam","603849013","","slot27","1","0"
"RandomAppearParam","603849013","","slot28","1","0"
"RandomAppearParam","603849013","","slot29","1","0"
"RandomAppearParam","603849013","","slot35","0","1"
"RandomAppearParam","603849013","","slot37","1","0"
"RandomAppearParam","603849013","","slot40","0","1"
"RandomAppearParam","603849013","","slot41","1","0"
"RandomAppearParam","603849013","","slot43","0","1"
"RandomAppearParam","603849013","","slot44","1","0"
"RandomAppearParam","603849013","","slot46","0","1"
"RandomAppearParam","603849013","","slot48","0","1"
"RandomAppearParam","603849013","","slot49","0","1"
"RandomAppearParam","603849013","","slot50","1","0"
"RandomAppearParam","603849013","","slot51","1","0"
"RandomAppearParam","603849013","","slot52","0","1"
"RandomAppearParam","603849013","","slot53","1","0"
"RandomAppearParam","603849013","","slot55","1","0"
"RandomAppearParam","603849013","","slot56","0","1"
"RandomAppearParam","603849013","","slot57","1","0"
"RandomAppearParam","603849013","","slot58","1","0"
"RandomAppearParam","603849013","","slot60","1","0"
"RandomAppearParam","603849013","","slot63","0","1"
"RandomAppearParam","603849013","","slot64","0","1"
"RandomAppearParam","603849013","","slot69","0","1"
"RandomAppearParam","603849013","","slot70","1","0"
"RandomAppearParam","603849013","","slot71","1","0"
"RandomAppearParam","603849013","","slot73","1","0"
"RandomAppearParam","603849013","","slot74","0","1"
"RandomAppearParam","603849013","","slot75","1","0"
"RandomAppearParam","603849013","","slot76","0","1"
"RandomAppearParam","603849013","","slot77","1","0"
"RandomAppearParam","603849013","","slot80","0","1"
"RandomAppearParam","603849013","","slot84","1","0"
"RandomAppearParam","603849013","","slot85","0","1"
"RandomAppearParam","603849013","","slot86","0","1"
"RandomAppearParam","603849013","","slot87","0","1"
"RandomAppearParam","603849013","","slot89","0","1"
"RandomAppearParam","603849013","","slot91","1","0"
"RandomAppearParam","603849013","","slot95","0","1"
"RandomAppearParam","603849013","","slot96","0","1"
"RandomAppearParam","603849013","","slot97","0","1"
"RandomAppearParam","603849013","","slot98","1","0"
"RandomAppearParam","603849013","","slot99","1","0"
"RandomAppearParam","603940047","","slot1","1","0"
"RandomAppearParam","603940047","","slot5","1","0"
"RandomAppearParam","603940047","","slot7","0","1"
"RandomAppearParam","603940047","","slot8","0","1"
"RandomAppearParam","603940047","","slot11","0","1"
"RandomAppearParam","603940047","","slot12","0","1"
"RandomAppearParam","603940047","","slot13","1","0"
"RandomAppearParam","603940047","","slot16","0","1"
"RandomAppearParam","603940047","","slot17","1","0"
"RandomAppearParam","603940047","","slot19","1","0"
"RandomAppearParam","603940047","","slot21","1","0"
"RandomAppearParam","603940047","","slot23","1","0"
"RandomAppearParam","603940047","","slot28","0","1"
"RandomAppearParam","603940047","","slot29","0","1"
"RandomAppearParam","603940047","","slot30","0","1"
"RandomAppearParam","603940047","","slot32","1","0"
"RandomAppearParam","603940047","","slot35","0","1"
"RandomAppearParam","603940047","","slot38","0","1"
"RandomAppearParam","603940047","","slot39","0","1"
"RandomAppearParam","603940047","","slot40","0","1"
"RandomAppearParam","603940047","","slot42","0","1"
"RandomAppearParam","603940047","","slot44","1","0"
"RandomAppearParam","603940047","","slot48","1","0"
"RandomAppearParam","603940047","","slot51","0","1"
"RandomAppearParam","603940047","","slot53","0","1"
"RandomAppearParam","603940047","","slot57","1","0"
"RandomAppearParam","603940047","","slot62","1","0"
"RandomAppearParam","603940047","","slot63","1","0"
"RandomAppearParam","603940047","","slot66","1","0"
"RandomAppearParam","603940047","","slot68","0","1"
"RandomAppearParam","603940047","","slot69","1","0"
"RandomAppearParam","603940047","","slot73","1","0"
"RandomAppearParam","603940047","","slot74","0","1"
"RandomAppearParam","603940047","","slot84","1","0"
"RandomAppearParam","603940047","","slot86","0","1"
"RandomAppearParam","603940047","","slot87","0","1"
"RandomAppearParam","603940047","","slot89","0","1"
"RandomAppearParam","603940047","","slot90","1","0"
"RandomAppearParam","603940047","","slot91","0","1"
"RandomAppearParam","603940047","","slot97","0","1"
"RandomAppearParam","603940047","","slot98","1","0"
"RandomAppearParam","604331000","","slot0","1","0"
"RandomAppearParam","604331000","","slot3","1","0"
"RandomAppearParam","604331000","","slot4","1","0"
"RandomAppearParam","604331000","","slot5","1","0"
"RandomAppearParam","604331000","","slot9","1","0"
"RandomAppearParam","604331000","","slot10","1","0"
"RandomAppearParam","604331000","","slot11","1","0"
"RandomAppearParam","604331000","","slot12","1","0"
"RandomAppearParam","604331000","","slot15","1","0"
"RandomAppearParam","604331000","","slot17","0","1"
"RandomAppearParam","604331000","","slot18","1","0"
"RandomAppearParam","604331000","","slot19","0","1"
"RandomAppearParam","604331000","","slot24","1","0"
"RandomAppearParam","604331000","","slot25","1","0"
"RandomAppearParam","604331000","","slot26","1","0"
"RandomAppearParam","604331000","","slot27","1","0"
"RandomAppearParam","604331000","","slot29","1","0"
"RandomAppearParam","604331000","","slot30","1","0"
"RandomAppearParam","604331000","","slot31","1","0"
"RandomAppearParam","604331000","","slot32","1","0"
"RandomAppearParam","604331000","","slot35","1","0"
"RandomAppearParam","604331000","","slot36","1","0"
"RandomAppearParam","604331000","","slot38","1","0"
"RandomAppearParam","604331000","","slot39","1","0"
"RandomAppearParam","604331000","","slot43","1","0"
"RandomAppearParam","604331000","","slot44","1","0"
"RandomAppearParam","604331000","","slot45","1","0"
"RandomAppearParam","604331000","","slot46","1","0"
"RandomAppearParam","604331000","","slot47","1","0"
"RandomAppearParam","604331000","","slot49","1","0"
"RandomAppearParam","604331000","","slot50","1","0"
"RandomAppearParam","604331000","","slot51","0","1"
"RandomAppearParam","604331000","","slot52","1","0"
"RandomAppearParam","604331000","","slot53","0","1"
"RandomAppearParam","604331000","","slot55","1","0"
"RandomAppearParam","604331000","","slot59","1","0"
"RandomAppearParam","604331000","","slot60","1","0"
"RandomAppearParam","604331000","","slot61","0","1"
"RandomAppearParam","604331000","","slot62","1","0"
"RandomAppearParam","604331000","","slot63","1","0"
"RandomAppearParam","604331000","","slot64","1","0"
"RandomAppearParam","604331000","","slot67","1","0"
"RandomAppearParam","604331000","","slot68","1","0"
"RandomAppearParam","604331000","","slot69","1","0"
"RandomAppearParam","604331000","","slot70","1","0"
"RandomAppearParam","604331000","","slot71","1","0"
"RandomAppearParam","604331000","","slot73","1","0"
"RandomAppearParam","604331000","","slot75","1","0"
"RandomAppearParam","604331000","","slot76","1","0"
"RandomAppearParam","604331000","","slot77","1","0"
"RandomAppearParam","604331000","","slot78","1","0"
"RandomAppearParam","604331000","","slot79","1","0"
"RandomAppearParam","604331000","","slot80","1","0"
"RandomAppearParam","604331000","","slot81","1","0"
"RandomAppearParam","604331000","","slot82","1","0"
"RandomAppearParam","604331000","","slot83","1","0"
"RandomAppearParam","604331000","","slot91","1","0"
"RandomAppearParam","604331000","","slot92","1","0"
"RandomAppearParam","604331000","","slot94","1","0"
"RandomAppearParam","604331000","","slot95","1","0"
"RandomAppearParam","604331000","","slot98","1","0"
"RandomAppearParam","604331001","","slot0","1","0"
"RandomAppearParam","604331001","","slot2","1","0"
"RandomAppearParam","604331001","","slot3","0","1"
"RandomAppearParam","604331001","","slot4","1","0"
"RandomAppearParam","604331001","","slot5","1","0"
"RandomAppearParam","604331001","","slot6","1","0"
"RandomAppearParam","604331001","","slot7","1","0"
"RandomAppearParam","604331001","","slot8","1","0"
"RandomAppearParam","604331001","","slot9","1","0"
"RandomAppearParam","604331001","","slot10","1","0"
"RandomAppearParam","604331001","","slot12","1","0"
"RandomAppearParam","604331001","","slot13","1","0"
"RandomAppearParam","604331001","","slot14","1","0"
"RandomAppearParam","604331001","","slot16","1","0"
"RandomAppearParam","604331001","","slot17","1","0"
"RandomAppearParam","604331001","","slot18","0","1"
"RandomAppearParam","604331001","","slot19","1","0"
"RandomAppearParam","604331001","","slot21","1","0"
"RandomAppearParam","604331001","","slot22","1","0"
"RandomAppearParam","604331001","","slot23","1","0"
"RandomAppearParam","604331001","","slot26","1","0"
"RandomAppearParam","604331001","","slot28","1","0"
"RandomAppearParam","604331001","","slot29","1","0"
"RandomAppearParam","604331001","","slot32","1","0"
"RandomAppearParam","604331001","","slot34","1","0"
"RandomAppearParam","604331001","","slot35","1","0"
"RandomAppearParam","604331001","","slot36","1","0"
"RandomAppearParam","604331001","","slot37","1","0"
"RandomAppearParam","604331001","","slot38","1","0"
"RandomAppearParam","604331001","","slot41","1","0"
"RandomAppearParam","604331001","","slot45","1","0"
"RandomAppearParam","604331001","","slot47","0","1"
"RandomAppearParam","604331001","","slot49","1","0"
"RandomAppearParam","604331001","","slot51","1","0"
"RandomAppearParam","604331001","","slot53","1","0"
"RandomAppearParam","604331001","","slot54","1","0"
"RandomAppearParam","604331001","","slot56","1","0"
"RandomAppearParam","604331001","","slot57","1","0"
"RandomAppearParam","604331001","","slot58","1","0"
"RandomAppearParam","604331001","","slot59","1","0"
"RandomAppearParam","604331001","","slot60","1","0"
"RandomAppearParam","604331001","","slot61","1","0"
"RandomAppearParam","604331001","","slot63","1","0"
"RandomAppearParam","604331001","","slot65","1","0"
"RandomAppearParam","604331001","","slot73","1","0"
"RandomAppearParam","604331001","","slot74","1","0"
"RandomAppearParam","604331001","","slot75","1","0"
"RandomAppearParam","604331001","","slot76","1","0"
"RandomAppearParam","604331001","","slot80","1","0"
"RandomAppearParam","604331001","","slot82","1","0"
"RandomAppearParam","604331001","","slot84","1","0"
"RandomAppearParam","604331001","","slot85","0","1"
"RandomAppearParam","604331001","","slot86","1","0"
"RandomAppearParam","604331001","","slot87","1","0"
"RandomAppearParam","604331001","","slot88","1","0"
"RandomAppearParam","604331001","","slot90","1","0"
"RandomAppearParam","604331001","","slot93","1","0"
"RandomAppearParam","604331001","","slot97","1","0"
"RandomAppearParam","604331002","","slot0","1","0"
"RandomAppearParam","604331002","","slot3","1","0"
"RandomAppearParam","604331002","","slot4","1","0"
"RandomAppearParam","604331002","","slot5","1","0"
"RandomAppearParam","604331002","","slot6","1","0"
"RandomAppearParam","604331002","","slot15","1","0"
"RandomAppearParam","604331002","","slot16","1","0"
"RandomAppearParam","604331002","","slot18","1","0"
"RandomAppearParam","604331002","","slot21","1","0"
"RandomAppearParam","604331002","","slot24","1","0"
"RandomAppearParam","604331002","","slot27","0","1"
"RandomAppearParam","604331002","","slot30","1","0"
"RandomAppearParam","604331002","","slot31","1","0"
"RandomAppearParam","604331002","","slot33","1","0"
"RandomAppearParam","604331002","","slot34","1","0"
"RandomAppearParam","604331002","","slot35","0","1"
"RandomAppearParam","604331002","","slot37","1","0"
"RandomAppearParam","604331002","","slot40","1","0"
"RandomAppearParam","604331002","","slot41","1","0"
"RandomAppearParam","604331002","","slot44","1","0"
"RandomAppearParam","604331002","","slot46","1","0"
"RandomAppearParam","604331002","","slot48","1","0"
"RandomAppearParam","604331002","","slot49","0","1"
"RandomAppearParam","604331002","","slot51","1","0"
"RandomAppearParam","604331002","","slot52","1","0"
"RandomAppearParam","604331002","","slot54","1","0"
"RandomAppearParam","604331002","","slot55","1","0"
"RandomAppearParam","604331002","","slot56","1","0"
"RandomAppearParam","604331002","","slot57","1","0"
"RandomAppearParam","604331002","","slot59","1","0"
"RandomAppearParam","604331002","","slot61","1","0"
"RandomAppearParam","604331002","","slot63","1","0"
"RandomAppearParam","604331002","","slot64","1","0"
"RandomAppearParam","604331002","","slot65","1","0"
"RandomAppearParam","604331002","","slot67","1","0"
"RandomAppearParam","604331002","","slot68","1","0"
"RandomAppearParam","604331002","","slot70","1","0"
"RandomAppearParam","604331002","","slot71","1","0"
"RandomAppearParam","604331002","","slot73","0","1"
"RandomAppearParam","604331002","","slot74","1","0"
"RandomAppearParam","604331002","","slot75","1","0"
"RandomAppearParam","604331002","","slot76","1","0"
"RandomAppearParam","604331002","","slot79","1","0"
"RandomAppearParam","604331002","","slot81","1","0"
"RandomAppearParam","604331002","","slot82","1","0"
"RandomAppearParam","604331002","","slot83","1","0"
"RandomAppearParam","604331002","","slot85","1","0"
"RandomAppearParam","604331002","","slot88","1","0"
"RandomAppearParam","604331002","","slot89","1","0"
"RandomAppearParam","604331002","","slot90","1","0"
"RandomAppearParam","604331002","","slot92","1","0"
"RandomAppearParam","604331002","","slot93","1","0"
"RandomAppearParam","604331002","","slot96","1","0"
"RandomAppearParam","604331002","","slot97","1","0"
"RandomAppearParam","604331003","","slot1","1","0"
"RandomAppearParam","604331003","","slot3","1","0"
"RandomAppearParam","604331003","","slot6","1","0"
"RandomAppearParam","604331003","","slot7","1","0"
"RandomAppearParam","604331003","","slot8","1","0"
"RandomAppearParam","604331003","","slot9","1","0"
"RandomAppearParam","604331003","","slot10","1","0"
"RandomAppearParam","604331003","","slot11","1","0"
"RandomAppearParam","604331003","","slot12","1","0"
"RandomAppearParam","604331003","","slot13","1","0"
"RandomAppearParam","604331003","","slot17","1","0"
"RandomAppearParam","604331003","","slot18","1","0"
"RandomAppearParam","604331003","","slot19","1","0"
"RandomAppearParam","604331003","","slot20","1","0"
"RandomAppearParam","604331003","","slot21","1","0"
"RandomAppearParam","604331003","","slot22","1","0"
"RandomAppearParam","604331003","","slot23","1","0"
"RandomAppearParam","604331003","","slot26","1","0"
"RandomAppearParam","604331003","","slot27","1","0"
"RandomAppearParam","604331003","","slot33","1","0"
"RandomAppearParam","604331003","","slot35","1","0"
"RandomAppearParam","604331003","","slot36","0","1"
"RandomAppearParam","604331003","","slot39","1","0"
"RandomAppearParam","604331003","","slot40","1","0"
"RandomAppearParam","604331003","","slot42","1","0"
"RandomAppearParam","604331003","","slot45","1","0"
"RandomAppearParam","604331003","","slot47","1","0"
"RandomAppearParam","604331003","","slot49","1","0"
"RandomAppearParam","604331003","","slot51","1","0"
"RandomAppearParam","604331003","","slot53","1","0"
"RandomAppearParam","604331003","","slot55","1","0"
"RandomAppearParam","604331003","","slot56","1","0"
"RandomAppearParam","604331003","","slot57","1","0"
"RandomAppearParam","604331003","","slot61","1","0"
"RandomAppearParam","604331003","","slot62","1","0"
"RandomAppearParam","604331003","","slot65","0","1"
"RandomAppearParam","604331003","","slot66","1","0"
"RandomAppearParam","604331003","","slot67","1","0"
"RandomAppearParam","604331003","","slot71","1","0"
"RandomAppearParam","604331003","","slot72","1","0"
"RandomAppearParam","604331003","","slot73","1","0"
"RandomAppearParam","604331003","","slot75","1","0"
"RandomAppearParam","604331003","","slot76","1","0"
"RandomAppearParam","604331003","","slot77","1","0"
"RandomAppearParam","604331003","","slot78","1","0"
"RandomAppearParam","604331003","","slot79","1","0"
"RandomAppearParam","604331003","","slot80","1","0"
"RandomAppearParam","604331003","","slot81","1","0"
"RandomAppearParam","604331003","","slot84","1","0"
"RandomAppearParam","604331003","","slot85","1","0"
"RandomAppearParam","604331003","","slot90","1","0"
"RandomAppearParam","604331003","","slot93","1","0"
"RandomAppearParam","604331003","","slot96","1","0"
"RandomAppearParam","604331003","","slot98","1","0"
"RandomAppearParam","604331003","","slot99","1","0"
"RandomAppearParam","604331004","","slot1","1","0"
"RandomAppearParam","604331004","","slot2","1","0"
"RandomAppearParam","604331004","","slot3","1","0"
"RandomAppearParam","604331004","","slot4","1","0"
"RandomAppearParam","604331004","","slot5","1","0"
"RandomAppearParam","604331004","","slot6","0","1"
"RandomAppearParam","604331004","","slot7","1","0"
"RandomAppearParam","604331004","","slot13","1","0"
"RandomAppearParam","604331004","","slot14","1","0"
"RandomAppearParam","604331004","","slot17","1","0"
"RandomAppearParam","604331004","","slot19","1","0"
"RandomAppearParam","604331004","","slot20","1","0"
"RandomAppearParam","604331004","","slot23","1","0"
"RandomAppearParam","604331004","","slot25","1","0"
"RandomAppearParam","604331004","","slot26","1","0"
"RandomAppearParam","604331004","","slot27","1","0"
"RandomAppearParam","604331004","","slot28","1","0"
"RandomAppearParam","604331004","","slot29","1","0"
"RandomAppearParam","604331004","","slot30","1","0"
"RandomAppearParam","604331004","","slot31","1","0"
"RandomAppearParam","604331004","","slot36","1","0"
"RandomAppearParam","604331004","","slot37","1","0"
"RandomAppearParam","604331004","","slot38","1","0"
"RandomAppearParam","604331004","","slot39","1","0"
"RandomAppearParam","604331004","","slot42","1","0"
"RandomAppearParam","604331004","","slot43","1","0"
"RandomAppearParam","604331004","","slot44","1","0"
"RandomAppearParam","604331004","","slot47","1","0"
"RandomAppearParam","604331004","","slot48","1","0"
"RandomAppearParam","604331004","","slot50","1","0"
"RandomAppearParam","604331004","","slot52","1","0"
"RandomAppearParam","604331004","","slot53","1","0"
"RandomAppearParam","604331004","","slot54","1","0"
"RandomAppearParam","604331004","","slot58","1","0"
"RandomAppearParam","604331004","","slot59","0","1"
"RandomAppearParam","604331004","","slot64","1","0"
"RandomAppearParam","604331004","","slot65","1","0"
"RandomAppearParam","604331004","","slot66","1","0"
"RandomAppearParam","604331004","","slot67","1","0"
"RandomAppearParam","604331004","","slot68","1","0"
"RandomAppearParam","604331004","","slot69","1","0"
"RandomAppearParam","604331004","","slot70","1","0"
"RandomAppearParam","604331004","","slot71","0","1"
"RandomAppearParam","604331004","","slot72","1","0"
"RandomAppearParam","604331004","","slot75","0","1"
"RandomAppearParam","604331004","","slot78","1","0"
"RandomAppearParam","604331004","","slot79","1","0"
"RandomAppearParam","604331004","","slot80","0","1"
"RandomAppearParam","604331004","","slot82","1","0"
"RandomAppearParam","604331004","","slot85","1","0"
"RandomAppearParam","604331004","","slot86","1","0"
"RandomAppearParam","604331004","","slot87","1","0"
"RandomAppearParam","604331004","","slot88","1","0"
"RandomAppearParam","604331004","","slot89","1","0"
"RandomAppearParam","604331004","","slot90","1","0"
"RandomAppearParam","604331004","","slot91","1","0"
"RandomAppearParam","604331004","","slot92","1","0"
"RandomAppearParam","604331004","","slot94","1","0"
"RandomAppearParam","604331004","","slot95","1","0"
"RandomAppearParam","604331004","","slot96","1","0"
"RandomAppearParam","604331004","","slot98","1","0"
"RandomAppearParam","604331004","","slot99","1","0"
"RandomAppearParam","604331005","","slot1","1","0"
"RandomAppearParam","604331005","","slot2","1","0"
"RandomAppearParam","604331005","","slot4","0","1"
"RandomAppearParam","604331005","","slot5","0","1"
"RandomAppearParam","604331005","","slot6","1","0"
"RandomAppearParam","604331005","","slot8","1","0"
"RandomAppearParam","604331005","","slot11","1","0"
"RandomAppearParam","604331005","","slot14","1","0"
"RandomAppearParam","604331005","","slot15","1","0"
"RandomAppearParam","604331005","","slot16","1","0"
"RandomAppearParam","604331005","","slot17","1","0"
"RandomAppearParam","604331005","","slot18","1","0"
"RandomAppearParam","604331005","","slot19","1","0"
"RandomAppearParam","604331005","","slot20","1","0"
"RandomAppearParam","604331005","","slot22","1","0"
"RandomAppearParam","604331005","","slot24","1","0"
"RandomAppearParam","604331005","","slot25","1","0"
"RandomAppearParam","604331005","","slot26","0","1"
"RandomAppearParam","604331005","","slot27","1","0"
"RandomAppearParam","604331005","","slot28","1","0"
"RandomAppearParam","604331005","","slot32","1","0"
"RandomAppearParam","604331005","","slot33","1","0"
"RandomAppearParam","604331005","","slot34","1","0"
"RandomAppearParam","604331005","","slot35","1","0"
"RandomAppearParam","604331005","","slot36","1","0"
"RandomAppearParam","604331005","","slot40","1","0"
"RandomAppearParam","604331005","","slot41","1","0"
"RandomAppearParam","604331005","","slot42","1","0"
"RandomAppearParam","604331005","","slot43","1","0"
"RandomAppearParam","604331005","","slot46","1","0"
"RandomAppearParam","604331005","","slot47","1","0"
"RandomAppearParam","604331005","","slot48","1","0"
"RandomAppearParam","604331005","","slot49","1","0"
"RandomAppearParam","604331005","","slot50","1","0"
"RandomAppearParam","604331005","","slot51","1","0"
"RandomAppearParam","604331005","","slot53","1","0"
"RandomAppearParam","604331005","","slot58","1","0"
"RandomAppearParam","604331005","","slot59","1","0"
"RandomAppearParam","604331005","","slot60","1","0"
"RandomAppearParam","604331005","","slot61","1","0"
"RandomAppearParam","604331005","","slot62","1","0"
"RandomAppearParam","604331005","","slot65","1","0"
"RandomAppearParam","604331005","","slot66","1","0"
"RandomAppearParam","604331005","","slot67","0","1"
"RandomAppearParam","604331005","","slot69","1","0"
"RandomAppearParam","604331005","","slot71","1","0"
"RandomAppearParam","604331005","","slot72","1","0"
"RandomAppearParam","604331005","","slot73","1","0"
"RandomAppearParam","604331005","","slot74","1","0"
"RandomAppearParam","604331005","","slot76","0","1"
"RandomAppearParam","604331005","","slot77","1","0"
"RandomAppearParam","604331005","","slot79","0","1"
"RandomAppearParam","604331005","","slot80","1","0"
"RandomAppearParam","604331005","","slot82","0","1"
"RandomAppearParam","604331005","","slot83","1","0"
"RandomAppearParam","604331005","","slot84","1","0"
"RandomAppearParam","604331005","","slot85","1","0"
"RandomAppearParam","604331005","","slot86","1","0"
"RandomAppearParam","604331005","","slot87","1","0"
"RandomAppearParam","604331005","","slot89","1","0"
"RandomAppearParam","604331005","","slot90","0","1"
"RandomAppearParam","604331005","","slot91","1","0"
"RandomAppearParam","604331005","","slot94","1","0"
"RandomAppearParam","604331005","","slot95","1","0"
"RandomAppearParam","604331005","","slot97","1","0"
"RandomAppearParam","604331005","","slot99","1","0"
"RandomAppearParam","605156011","","slot2","1","0"
"RandomAppearParam","605156011","","slot4","1","0"
"RandomAppearParam","605156011","","slot7","1","0"
"RandomAppearParam","605156011","","slot8","0","1"
"RandomAppearParam","605156011","","slot9","1","0"
"RandomAppearParam","605156011","","slot12","1","0"
"RandomAppearParam","605156011","","slot14","1","0"
"RandomAppearParam","605156011","","slot18","1","0"
"RandomAppearParam","605156011","","slot21","1","0"
"RandomAppearParam","605156011","","slot22","1","0"
"RandomAppearParam","605156011","","slot26","1","0"
"RandomAppearParam","605156011","","slot28","1","0"
"RandomAppearParam","605156011","","slot29","1","0"
"RandomAppearParam","605156011","","slot32","1","0"
"RandomAppearParam","605156011","","slot34","1","0"
"RandomAppearParam","605156011","","slot36","1","0"
"RandomAppearParam","605156011","","slot37","0","1"
"RandomAppearParam","605156011","","slot42","1","0"
"RandomAppearParam","605156011","","slot43","1","0"
"RandomAppearParam","605156011","","slot44","1","0"
"RandomAppearParam","605156011","","slot45","1","0"
"RandomAppearParam","605156011","","slot51","1","0"
"RandomAppearParam","605156011","","slot53","1","0"
"RandomAppearParam","605156011","","slot54","1","0"
"RandomAppearParam","605156011","","slot55","1","0"
"RandomAppearParam","605156011","","slot57","1","0"
"RandomAppearParam","605156011","","slot61","0","1"
"RandomAppearParam","605156011","","slot62","1","0"
"RandomAppearParam","605156011","","slot63","1","0"
"RandomAppearParam","605156011","","slot64","1","0"
"RandomAppearParam","605156011","","slot66","0","1"
"RandomAppearParam","605156011","","slot67","1","0"
"RandomAppearParam","605156011","","slot69","1","0"
"RandomAppearParam","605156011","","slot70","1","0"
"RandomAppearParam","605156011","","slot74","1","0"
"RandomAppearParam","605156011","","slot76","1","0"
"RandomAppearParam","605156011","","slot77","1","0"
"RandomAppearParam","605156011","","slot78","1","0"
"RandomAppearParam","605156011","","slot80","1","0"
"RandomAppearParam","605156011","","slot81","1","0"
"RandomAppearParam","605156011","","slot82","1","0"
"RandomAppearParam","605156011","","slot84","1","0"
"RandomAppearParam","605156011","","slot85","1","0"
"RandomAppearParam","605156011","","slot86","1","0"
"RandomAppearParam","605156011","","slot88","1","0"
"RandomAppearParam","605156011","","slot91","1","0"
"RandomAppearParam","605156011","","slot95","1","0"
"RandomAppearParam","605156011","","slot96","1","0"
"RandomAppearParam","605156011","","slot97","1","0"
"RandomAppearParam","605156011","","slot99","1","0"
"SpEffectParam","20000121","","(new row)","",""
"SpEffectParam","20000121","","effectEndurance","(default)","-1"
"SpEffectParam","20000121","","slashDamageCutRate","(default)","0.740741"
"SpEffectParam","20000121","","blowDamageCutRate","(default)","0.740741"
"SpEffectParam","20000121","","thrustDamageCutRate","(default)","0.740741"
"SpEffectParam","20000121","","neutralDamageCutRate","(default)","0.740741"
"SpEffectParam","20000121","","magicDamageCutRate","(default)","0.740741"
"SpEffectParam","20000121","","fireDamageCutRate","(default)","0.740741"
"SpEffectParam","20000121","","thunderDamageCutRate","(default)","0.740741"
"SpEffectParam","20000121","","fallDamageRate","(default)","1"
"SpEffectParam","20000121","","soulRate","(default)","1"
"SpEffectParam","20000121","","equipWeightChangeRate","(default)","1"
"SpEffectParam","20000121","","allItemWeightChangeRate","(default)","1"
"SpEffectParam","20000121","","soulStealRate","(default)","1"
"SpEffectParam","20000121","","lifeReductionRate","(default)","1"
"SpEffectParam","20000121","","hpRecoverRate","(default)","1"
"SpEffectParam","20000121","","spCategory","(default)","20"
"SpEffectParam","20000121","","stateInfo","(default)","472"
"SpEffectParam","20000121","","effectTargetSelf","(default)","1"
"SpEffectParam","20000121","","effectTargetFriend","(default)","1"
"SpEffectParam","20000121","","effectTargetEnemy","(default)","1"
"SpEffectParam","20000121","","effectTargetPlayer","(default)","1"
"SpEffectParam","20000121","","effectTargetAI","(default)","1"
"SpEffectParam","20000121","","effectTargetLive","(default)","1"
"SpEffectParam","20000121","","effectTargetGhost","(default)","1"
"SpEffectParam","20000121","","magParamChange","(default)","1"
"SpEffectParam","20000121","","miracleParamChange","(default)","1"
"SpEffectParam","20000121","","vowType0","(default)","1"
"SpEffectParam","20000121","","vowType1","(default)","1"
"SpEffectParam","20000121","","vowType2","(default)","1"
"SpEffectParam","20000121","","vowType3","(default)","1"
"SpEffectParam","20000121","","vowType4","(default)","1"
"SpEffectParam","20000121","","vowType5","(default)","1"
"SpEffectParam","20000121","","vowType6","(default)","1"
"SpEffectParam","20000121","","vowType7","(default)","1"
"SpEffectParam","20000121","","vowType8","(default)","1"
"SpEffectParam","20000121","","vowType9","(default)","1"
"SpEffectParam","20000121","","vowType10","(default)","1"
"SpEffectParam","20000121","","vowType11","(default)","1"
"SpEffectParam","20000121","","vowType12","(default)","1"
"SpEffectParam","20000121","","vowType13","(default)","1"
"SpEffectParam","20000121","","vowType14","(default)","1"
"SpEffectParam","20000121","","vowType15","(default)","1"
"SpEffectParam","20000121","","effectTargetSelfTarget","(default)","1"
"SpEffectParam","20000121","","darkDamageCutRate","(default)","0.740741"
"SpEffectParam","20000121","","shamanParamChange","(default)","1"
"SpEffectParam","20000121","","atkPlayerDmgCorrectRate_Physics","(default)","1.35"
"SpEffectParam","20000121","","atkPlayerDmgCorrectRate_Magic","(default)","1.35"
"SpEffectParam","20000121","","atkPlayerDmgCorrectRate_Fire","(default)","1.35"
"SpEffectParam","20000121","","atkPlayerDmgCorrectRate_Thunder","(default)","1.35"
"SpEffectParam","20000121","","atkPlayerDmgCorrectRate_Dark","(default)","1.35"
"SpEffectParam","20000121","","atkEnemyDmgCorrectRate_Physics","(default)","1.35"
"SpEffectParam","20000121","","atkEnemyDmgCorrectRate_Magic","(default)","1.35"
"SpEffectParam","20000121","","atkEnemyDmgCorrectRate_Fire","(default)","1.35"
"SpEffectParam","20000121","","atkEnemyDmgCorrectRate_Thunder","(default)","1.35"
"SpEffectParam","20000121","","atkEnemyDmgCorrectRate_Dark","(default)","1.35"
"WeatherParam","20","","SfxId","806100","-1"
"WeatherParam","20","","GroundHitSfxId","1004010","-1"
"WeatherParam","20","","SoundId","806100","-1"
"WeatherParam","20","","WetTime","20","-1"
"WeatherParam","20","","GparamId","20","10"
"WeatherParam","20","","WetSpEffectId00","4650","-1"
"WeatherParam","20","","WetSpEffectId01","4600","-1"
"WeatherParam","20","","DistViewWeatherGparamOverrideWeight","0.3","-1"
"WeatherParam","21","","SfxId","806100","-1"
"WeatherParam","21","","GroundHitSfxId","1004010","-1"
"WeatherParam","21","","SoundId","806100","-1"
"WeatherParam","21","","WetTime","20","-1"
"WeatherParam","21","","GparamId","20","10"
"WeatherParam","21","","WetSpEffectId00","4651","-1"
"WeatherParam","21","","WetSpEffectId01","4601","-1"
"WeatherParam","21","","aiSightRate","0.9","1"
"WeatherParam","21","","DistViewWeatherGparamOverrideWeight","0.3","-1"
"WeatherParam","30","","SfxId","806130","-1"
"WeatherParam","30","","WindSfxId","808004","808006"
"WeatherParam","30","","GroundHitSfxId","1004010","-1"
"WeatherParam","30","","SoundId","806130","-1"
"WeatherParam","30","","WetTime","20","-1"
"WeatherParam","30","","GparamId","30","10"
"WeatherParam","30","","WetSpEffectId00","4652","-1"
"WeatherParam","30","","WetSpEffectId01","4602","-1"
"WeatherParam","30","","SfxIdOutdoor","806132","-1"
"WeatherParam","30","","aiSightRate","0.8","1"
"WeatherParam","30","","DistViewWeatherGparamOverrideWeight","0.3","-1"
"WeatherParam","52","","SfxId","806100","-1"
"WeatherParam","52","","GroundHitSfxId","1004010","-1"
"WeatherParam","52","","SoundId","806100","-1"
"WeatherParam","52","","WetTime","20","-1"
"WeatherParam","52","","GparamId","51","10"
"WeatherParam","52","","WetSpEffectId00","4650","-1"
"WeatherParam","52","","WetSpEffectId01","4600","-1"
"WeatherParam","52","","aiSightRate","0.8","1"
"WeatherParam","52","","DistViewWeatherGparamOverrideWeight","0.3","-1"
"WeatherParam","82","","SfxId","806130","-1"
"WeatherParam","82","","GroundHitSfxId","1004010","-1"
"WeatherParam","82","","SoundId","806120","-1"
"WeatherParam","82","","WetTime","20","-1"
"WeatherParam","82","","GparamId","82","10"
"WeatherParam","82","","SfxIdOutdoor","806132","-1"
"WeatherParam","82","","DistViewWeatherGparamOverrideWeight","0.3","-1"
"WeatherParam","1020","","SfxId","806100","-1"
"WeatherParam","1020","","GroundHitSfxId","1004010","-1"
"WeatherParam","1020","","SoundId","806100","-1"
"WeatherParam","1020","","WetTime","20","-1"
"WeatherParam","1020","","GparamId","623","10"
"WeatherParam","1020","","WetSpEffectId00","4650","-1"
"WeatherParam","1020","","WetSpEffectId01","4600","-1"
"WeatherParam","1020","","DistViewWeatherGparamOverrideWeight","0.3","-1"
"WeatherParam","1021","","SfxId","806100","-1"
"WeatherParam","1021","","GroundHitSfxId","1004010","-1"
"WeatherParam","1021","","SoundId","806100","-1"
"WeatherParam","1021","","WetTime","20","-1"
"WeatherParam","1021","","GparamId","623","10"
"WeatherParam","1021","","WetSpEffectId00","4651","-1"
"WeatherParam","1021","","WetSpEffectId01","4601","-1"
"WeatherParam","1021","","aiSightRate","0.9","1"
"WeatherParam","1021","","DistViewWeatherGparamOverrideWeight","0.3","-1"
"WeatherParam","1052","","SfxId","806100","-1"
"WeatherParam","1052","","GroundHitSfxId","1004010","-1"
"WeatherParam","1052","","SoundId","806100","-1"
"WeatherParam","1052","","WetTime","20","-1"
"WeatherParam","1052","","GparamId","626","10"
"WeatherParam","1052","","WetSpEffectId00","4650","-1"
"WeatherParam","1052","","WetSpEffectId01","4600","-1"
"WeatherParam","1052","","aiSightRate","0.8","1"
"WeatherParam","1052","","DistViewWeatherGparamOverrideWeight","0.3","-1"
"WeatherParam","2020","","SfxId","806100","-1"
"WeatherParam","2020","","GroundHitSfxId","1004010","-1"
"WeatherParam","2020","","SoundId","806100","-1"
"WeatherParam","2020","","WetTime","20","-1"
"WeatherParam","2020","","GparamId","642","10"
"WeatherParam","2020","","WetSpEffectId00","4650","-1"
"WeatherParam","2020","","WetSpEffectId01","4600","-1"
"WeatherParam","2020","","DistViewWeatherGparamOverrideWeight","0.3","-1"
"WeatherParam","2021","","SfxId","806100","-1"
"WeatherParam","2021","","GroundHitSfxId","1004010","-1"
"WeatherParam","2021","","SoundId","806100","-1"
"WeatherParam","2021","","WetTime","20","-1"
"WeatherParam","2021","","GparamId","642","10"
"WeatherParam","2021","","WetSpEffectId00","4651","-1"
"WeatherParam","2021","","WetSpEffectId01","4601","-1"
"WeatherParam","2021","","aiSightRate","0.9","1"
"WeatherParam","2021","","DistViewWeatherGparamOverrideWeight","0.3","-1"
"WeatherParam","3120","","SfxId","806102","-1"
"WeatherParam","3120","","GroundHitSfxId","1004010","-1"
"WeatherParam","3120","","SoundId","806100","-1"
"WeatherParam","3120","","WetTime","20","-1"
"WeatherParam","3120","","GparamId","672","10"
"WeatherParam","3120","","WetSpEffectId00","4650","-1"
"WeatherParam","3120","","WetSpEffectId01","4600","-1"
"WeatherParam","4220","","SfxId","806100","-1"
"WeatherParam","4220","","GroundHitSfxId","1004010","-1"
"WeatherParam","4220","","SoundId","806100","-1"
"WeatherParam","4220","","WetTime","20","-1"
"WeatherParam","4220","","GparamId","0","10"
"WeatherParam","4220","","WetSpEffectId00","4650","-1"
"WeatherParam","4220","","WetSpEffectId01","4600","-1"
"WeatherParam","4220","","DistViewWeatherGparamOverrideWeight","0.3","-1"
"WeatherParam","4221","","SfxId","806100","-1"
"WeatherParam","4221","","GroundHitSfxId","1004010","-1"
"WeatherParam","4221","","SoundId","806100","-1"
"WeatherParam","4221","","WetTime","20","-1"
"WeatherParam","4221","","GparamId","0","10"
"WeatherParam","4221","","WetSpEffectId00","4651","-1"
"WeatherParam","4221","","WetSpEffectId01","4601","-1"
"WeatherParam","4221","","aiSightRate","0.9","1"
"WeatherParam","4221","","DistViewWeatherGparamOverrideWeight","0.3","-1"
"WeatherParam","4230","","SfxId","806130","-1"
"WeatherParam","4230","","WindSfxId","808004","808006"
"WeatherParam","4230","","GroundHitSfxId","1004010","-1"
"WeatherParam","4230","","SoundId","806130","-1"
"WeatherParam","4230","","WetTime","20","-1"
"WeatherParam","4230","","GparamId","0","10"
"WeatherParam","4230","","WetSpEffectId00","4652","-1"
"WeatherParam","4230","","WetSpEffectId01","4602","-1"
"WeatherParam","4230","","SfxIdOutdoor","806132","-1"
"WeatherParam","4230","","aiSightRate","0.8","1"
"WeatherParam","4230","","DistViewWeatherGparamOverrideWeight","0.3","-1"
"WeatherParam","4252","","SfxId","806100","-1"
"WeatherParam","4252","","GroundHitSfxId","1004010","-1"
"WeatherParam","4252","","SoundId","806100","-1"
"WeatherParam","4252","","WetTime","20","-1"
"WeatherParam","4252","","GparamId","0","10"
"WeatherParam","4252","","WetSpEffectId00","4650","-1"
"WeatherParam","4252","","WetSpEffectId01","4600","-1"
"WeatherParam","4252","","aiSightRate","0.8","1"
"WeatherParam","4252","","DistViewWeatherGparamOverrideWeight","0.3","-1"
"WeatherParam","5020","","SfxId","806100","-1"
"WeatherParam","5020","","GroundHitSfxId","1004010","-1"
"WeatherParam","5020","","SoundId","806100","-1"
"WeatherParam","5020","","WetTime","20","-1"
"WeatherParam","5020","","GparamId","704","10"
"WeatherParam","5020","","WetSpEffectId00","4650","-1"
"WeatherParam","5020","","WetSpEffectId01","4600","-1"
"WeatherParam","5020","","DistViewWeatherGparamOverrideWeight","0.3","-1"
"WeatherParam","5021","","SfxId","806100","-1"
"WeatherParam","5021","","GroundHitSfxId","1004010","-1"
"WeatherParam","5021","","SoundId","806100","-1"
"WeatherParam","5021","","WetTime","20","-1"
"WeatherParam","5021","","GparamId","704","10"
"WeatherParam","5021","","WetSpEffectId00","4651","-1"
"WeatherParam","5021","","WetSpEffectId01","4601","-1"
"WeatherParam","5021","","aiSightRate","0.9","1"
"WeatherParam","5021","","DistViewWeatherGparamOverrideWeight","0.3","-1"
"WeatherParam","5030","","SfxId","806130","-1"
"WeatherParam","5030","","WindSfxId","808004","808006"
"WeatherParam","5030","","GroundHitSfxId","1004010","-1"
"WeatherParam","5030","","SoundId","806130","-1"
"WeatherParam","5030","","WetTime","20","-1"
"WeatherParam","5030","","GparamId","706","10"
"WeatherParam","5030","","WetSpEffectId00","4652","-1"
"WeatherParam","5030","","WetSpEffectId01","4602","-1"
"WeatherParam","5030","","SfxIdOutdoor","806132","-1"
"WeatherParam","5030","","aiSightRate","0.8","1"
"WeatherParam","5030","","DistViewWeatherGparamOverrideWeight","0.3","-1"
"WeatherParam","5520","","SfxId","806100","-1"
"WeatherParam","5520","","GroundHitSfxId","1004010","-1"
"WeatherParam","5520","","SoundId","806100","-1"
"WeatherParam","5520","","WetTime","20","-1"
"WeatherParam","5520","","GparamId","724","10"
"WeatherParam","5520","","WetSpEffectId00","4650","-1"
"WeatherParam","5520","","WetSpEffectId01","4600","-1"
"WeatherParam","5520","","DistViewWeatherGparamOverrideWeight","0.3","-1"
"WeatherParam","5521","","SfxId","806100","-1"
"WeatherParam","5521","","GroundHitSfxId","1004010","-1"
"WeatherParam","5521","","SoundId","806100","-1"
"WeatherParam","5521","","WetTime","20","-1"
"WeatherParam","5521","","GparamId","724","10"
"WeatherParam","5521","","WetSpEffectId00","4651","-1"
"WeatherParam","5521","","WetSpEffectId01","4601","-1"
"WeatherParam","5521","","aiSightRate","0.9","1"
"WeatherParam","5521","","DistViewWeatherGparamOverrideWeight","0.3","-1"
"WeatherParam","5530","","SfxId","806130","-1"
"WeatherParam","5530","","WindSfxId","808004","808006"
"WeatherParam","5530","","GroundHitSfxId","1004010","-1"
"WeatherParam","5530","","SoundId","806130","-1"
"WeatherParam","5530","","WetTime","20","-1"
"WeatherParam","5530","","GparamId","722","10"
"WeatherParam","5530","","WetSpEffectId00","4652","-1"
"WeatherParam","5530","","WetSpEffectId01","4602","-1"
"WeatherParam","5530","","SfxIdOutdoor","806132","-1"
"WeatherParam","5530","","aiSightRate","0.8","1"
"WeatherParam","5530","","DistViewWeatherGparamOverrideWeight","0.3","-1"
"WeatherParam","5582","","SfxId","806130","-1"
"WeatherParam","5582","","GroundHitSfxId","1004010","-1"
"WeatherParam","5582","","SoundId","806120","-1"
"WeatherParam","5582","","WetTime","20","-1"
"WeatherParam","5582","","GparamId","722","10"
"WeatherParam","5582","","SfxIdOutdoor","806132","-1"
"WeatherParam","5582","","DistViewWeatherGparamOverrideWeight","0.3","-1"
"WeatherParam","6020","","SfxId","806100","-1"
"WeatherParam","6020","","GroundHitSfxId","1004010","-1"
"WeatherParam","6020","","SoundId","806100","-1"
"WeatherParam","6020","","WetTime","20","-1"
"WeatherParam","6020","","GparamId","744","10"
"WeatherParam","6020","","WetSpEffectId00","4650","-1"
"WeatherParam","6020","","WetSpEffectId01","4600","-1"
"WeatherParam","6020","","DistViewWeatherGparamOverrideWeight","0.3","-1"
"WeatherParam","6021","","SfxId","806100","-1"
"WeatherParam","6021","","GroundHitSfxId","1004010","-1"
"WeatherParam","6021","","SoundId","806100","-1"
"WeatherParam","6021","","WetTime","20","-1"
"WeatherParam","6021","","GparamId","744","10"
"WeatherParam","6021","","WetSpEffectId00","4651","-1"
"WeatherParam","6021","","WetSpEffectId01","4601","-1"
"WeatherParam","6021","","aiSightRate","0.9","1"
"WeatherParam","6021","","DistViewWeatherGparamOverrideWeight","0.3","-1"
"WeatherParam","6030","","SfxId","806130","-1"
"WeatherParam","6030","","WindSfxId","808004","808006"
"WeatherParam","6030","","GroundHitSfxId","1004010","-1"
"WeatherParam","6030","","SoundId","806130","-1"
"WeatherParam","6030","","WetTime","20","-1"
"WeatherParam","6030","","GparamId","746","10"
"WeatherParam","6030","","WetSpEffectId00","4652","-1"
"WeatherParam","6030","","WetSpEffectId01","4602","-1"
"WeatherParam","6030","","SfxIdOutdoor","806132","-1"
"WeatherParam","6030","","aiSightRate","0.8","1"
"WeatherParam","6030","","DistViewWeatherGparamOverrideWeight","0.3","-1"
"WeatherParam","6084","","GroundHitSfxId","1004010","-1"
"WeatherParam","6084","","SoundId","806100","-1"
"WeatherParam","6084","","WetTime","20","-1"
"WeatherParam","6084","","GparamId","0","10"
"WeatherParam","6084","","WetSpEffectId00","4650","-1"
"WeatherParam","6084","","WetSpEffectId01","4600","-1"
"WeatherParam","6084","","SfxIdOutdoor","822010","-1"
"WeatherParam","6084","","DistViewWeatherGparamOverrideWeight","0.3","-1"
"WeatherParam","7030","","SfxId","861124","-1"
"WeatherParam","7030","","WindSfxId","808004","808006"
"WeatherParam","7030","","SfxIdOutdoor","861126","-1"
"WeatherParam","7031","","SfxId","861124","-1"
"WeatherParam","7031","","WindSfxId","808004","808006"
"WeatherParam","7031","","SfxIdOutdoor","861126","-1"
"WeatherParam","7060","","WindSfxId","808004","808006"
"WeatherParam","7060","","SoundId","806130","-1"
"WeatherParam","7060","","GparamId","785","10"
"WeatherParam","7060","","WetSpEffectId00","4652","-1"
"WeatherParam","7060","","WetSpEffectId01","4602","-1"
"WeatherParam","7060","","SfxIdOutdoor","806132","-1"
"WeatherParam","7060","","aiSightRate","0.8","1"
"WeatherParam","7060","","DistViewWeatherGparamOverrideWeight","0.3","-1"
"WeatherParam","7084","","SfxId","806100","-1"
"WeatherParam","7084","","GroundHitSfxId","1004010","-1"
"WeatherParam","7084","","SoundId","806100","-1"
"WeatherParam","7084","","WetTime","20","-1"
"WeatherParam","7084","","GparamId","0","10"
"WeatherParam","7084","","WetSpEffectId00","4650","-1"
"WeatherParam","7084","","WetSpEffectId01","4600","-1"
"WeatherParam","7084","","DistViewWeatherGparamOverrideWeight","0.3","-1"
"WeatherParam","7585","","SfxId","821000","-1"
"WeatherParam","7820","","SfxId","806100","-1"
"WeatherParam","7820","","GroundHitSfxId","1004010","-1"
"WeatherParam","7820","","SoundId","806100","-1"
"WeatherParam","7820","","WetTime","20","-1"
"WeatherParam","7820","","GparamId","815","10"
"WeatherParam","7820","","WetSpEffectId00","4650","-1"
"WeatherParam","7820","","WetSpEffectId01","4600","-1"
"WeatherParam","7820","","DistViewWeatherGparamOverrideWeight","0.3","-1"
"WeatherParam","7821","","SfxId","806100","-1"
"WeatherParam","7821","","GroundHitSfxId","1004010","-1"
"WeatherParam","7821","","SoundId","806100","-1"
"WeatherParam","7821","","WetTime","20","-1"
"WeatherParam","7821","","GparamId","815","10"
"WeatherParam","7821","","WetSpEffectId00","4651","-1"
"WeatherParam","7821","","WetSpEffectId01","4601","-1"
"WeatherParam","7821","","aiSightRate","0.9","1"
"WeatherParam","7821","","DistViewWeatherGparamOverrideWeight","0.3","-1"
"WeatherParam","7830","","SfxId","806130","-1"
"WeatherParam","7830","","WindSfxId","808004","808006"
"WeatherParam","7830","","GroundHitSfxId","1004010","-1"
"WeatherParam","7830","","SoundId","806130","-1"
"WeatherParam","7830","","WetTime","20","-1"
"WeatherParam","7830","","GparamId","814","10"
"WeatherParam","7830","","WetSpEffectId00","4652","-1"
"WeatherParam","7830","","WetSpEffectId01","4602","-1"
"WeatherParam","7830","","SfxIdOutdoor","806132","-1"
"WeatherParam","7830","","aiSightRate","0.8","1"
"WeatherParam","7830","","DistViewWeatherGparamOverrideWeight","0.3","-1"
"WeatherParam","100030","","SfxId","806130","-1"
"WeatherParam","100030","","WindSfxId","808004","808006"
"WeatherParam","100030","","GroundHitSfxId","1004010","-1"
"WeatherParam","100030","","SoundId","806130","-1"
"WeatherParam","100030","","WetTime","20","-1"
"WeatherParam","100030","","GparamId","0","10"
"WeatherParam","100030","","WetSpEffectId00","4652","-1"
"WeatherParam","100030","","WetSpEffectId01","4602","-1"
"WeatherParam","100030","","SfxIdOutdoor","806132","-1"
"WeatherParam","100030","","aiSightRate","0.8","1"
"WeatherParam","110020","","SfxId","806100","-1"
"WeatherParam","110020","","GroundHitSfxId","1004010","-1"
"WeatherParam","110020","","SoundId","806100","-1"
"WeatherParam","110020","","WetTime","20","-1"
"WeatherParam","110020","","GparamId","115","10"
"WeatherParam","110020","","WetSpEffectId00","4650","-1"
"WeatherParam","110020","","WetSpEffectId01","4600","-1"
"WeatherParam","110020","","DistViewWeatherGparamOverrideWeight","0.3","-1"
"WeatherParam","110021","","SfxId","806100","-1"
"WeatherParam","110021","","GroundHitSfxId","1004010","-1"
"WeatherParam","110021","","SoundId","806100","-1"
"WeatherParam","110021","","WetTime","20","-1"
"WeatherParam","110021","","GparamId","116","10"
"WeatherParam","110021","","WetSpEffectId00","4651","-1"
"WeatherParam","110021","","WetSpEffectId01","4601","-1"
"WeatherParam","110021","","aiSightRate","0.9","1"
"WeatherParam","110021","","DistViewWeatherGparamOverrideWeight","0.3","-1"
"WeatherParam","110521","","SfxId","806100","-1"
"WeatherParam","110521","","GroundHitSfxId","1004010","-1"
"WeatherParam","110521","","SoundId","806100","-1"
"WeatherParam","110521","","WetTime","20","-1"
"WeatherParam","110521","","GparamId","116","10"
"WeatherParam","110521","","WetSpEffectId00","4651","-1"
"WeatherParam","110521","","WetSpEffectId01","4601","-1"
"WeatherParam","110521","","aiSightRate","0.9","1"
"WeatherParam","110521","","DistViewWeatherGparamOverrideWeight","0.3","-1"
"WeatherParam","130030","","SfxId","806130","-1"
"WeatherParam","130030","","WindSfxId","808004","808006"
"WeatherParam","130030","","GroundHitSfxId","1004010","-1"
"WeatherParam","130030","","SoundId","806130","-1"
"WeatherParam","130030","","WetTime","20","-1"
"WeatherParam","130030","","GparamId","131","10"
"WeatherParam","130030","","WetSpEffectId00","4652","-1"
"WeatherParam","130030","","WetSpEffectId01","4602","-1"
"WeatherParam","130030","","SfxIdOutdoor","806132","-1"
"WeatherParam","130030","","aiSightRate","0.8","1"
"WeatherParam","130030","","DistViewWeatherGparamOverrideWeight","0.3","-1"
"WeatherParam","140020","","SfxId","806100","-1"
"WeatherParam","140020","","GroundHitSfxId","1004010","-1"
"WeatherParam","140020","","SoundId","806100","-1"
"WeatherParam","140020","","WetTime","20","-1"
"WeatherParam","140020","","GparamId","80","10"
"WeatherParam","140020","","WetSpEffectId00","4650","-1"
"WeatherParam","140020","","WetSpEffectId01","4600","-1"
"WeatherParam","200082","","SfxId","806130","-1"
"WeatherParam","200082","","GroundHitSfxId","1004010","-1"
"WeatherParam","200082","","SoundId","806120","-1"
"WeatherParam","200082","","WetTime","20","-1"
"WeatherParam","200082","","GparamId","822","10"
"WeatherParam","200082","","SfxIdOutdoor","806132","-1"
"WeatherParam","200082","","DistViewWeatherGparamOverrideWeight","0.3","-1"
"WeatherParam","200182","","SfxId","806130","-1"
"WeatherParam","200182","","GroundHitSfxId","1004010","-1"
"WeatherParam","200182","","SoundId","806120","-1"
"WeatherParam","200182","","WetTime","20","-1"
"WeatherParam","200182","","GparamId","832","10"
"WeatherParam","200182","","SfxIdOutdoor","806132","-1"
"WeatherParam","200182","","DistViewWeatherGparamOverrideWeight","0.3","-1"
"WeatherParam","341021","","SfxId","806100","-1"
"WeatherParam","341021","","GroundHitSfxId","1004010","-1"
"WeatherParam","341021","","SoundId","806100","-1"
"WeatherParam","341021","","WetTime","20","-1"
"WeatherParam","341021","","GparamId","148","10"
"WeatherParam","341021","","WetSpEffectId00","4651","-1"
"WeatherParam","341021","","WetSpEffectId01","4601","-1"
"WeatherParam","341021","","aiSightRate","0.9","1"
"WeatherParam","341021","","DistViewWeatherGparamOverrideWeight","0.3","-1"
"WeatherParam","341121","","SfxId","806100","-1"
"WeatherParam","341121","","GroundHitSfxId","1004010","-1"
"WeatherParam","341121","","SoundId","806100","-1"
"WeatherParam","341121","","WetTime","20","-1"
"WeatherParam","341121","","GparamId","148","10"
"WeatherParam","341121","","WetSpEffectId00","4651","-1"
"WeatherParam","341121","","WetSpEffectId01","4601","-1"
"WeatherParam","341121","","aiSightRate","0.9","1"
"WeatherParam","341121","","DistViewWeatherGparamOverrideWeight","0.3","-1"
"WeatherParam","341421","","SfxId","806100","-1"
"WeatherParam","341421","","GroundHitSfxId","1004010","-1"
"WeatherParam","341421","","SoundId","806100","-1"
"WeatherParam","341421","","WetTime","20","-1"
"WeatherParam","341421","","GparamId","116","10"
"WeatherParam","341421","","WetSpEffectId00","4651","-1"
"WeatherParam","341421","","WetSpEffectId01","4601","-1"
"WeatherParam","341421","","aiSightRate","0.9","1"
"WeatherParam","341421","","DistViewWeatherGparamOverrideWeight","0.3","-1"
"WeatherParam","341520","","SfxId","806100","-1"
"WeatherParam","341520","","GroundHitSfxId","1004010","-1"
"WeatherParam","341520","","SoundId","806100","-1"
"WeatherParam","341520","","WetTime","20","-1"
"WeatherParam","341520","","GparamId","0","10"
"WeatherParam","341520","","WetSpEffectId00","4650","-1"
"WeatherParam","341520","","WetSpEffectId01","4600","-1"
"WeatherParam","341520","","DistViewWeatherGparamOverrideWeight","0.3","-1"
"WeatherParam","341521","","SfxId","806100","-1"
"WeatherParam","341521","","GroundHitSfxId","1004010","-1"
"WeatherParam","341521","","SoundId","806100","-1"
"WeatherParam","341521","","WetTime","20","-1"
"WeatherParam","341521","","GparamId","0","10"
"WeatherParam","341521","","WetSpEffectId00","4651","-1"
"WeatherParam","341521","","WetSpEffectId01","4601","-1"
"WeatherParam","341521","","aiSightRate","0.9","1"
"WeatherParam","341521","","DistViewWeatherGparamOverrideWeight","0.3","-1"
"WeatherParam","392020","","SfxId","806100","-1"
"WeatherParam","392020","","GroundHitSfxId","1004010","-1"
"WeatherParam","392020","","SoundId","806100","-1"
"WeatherParam","392020","","WetTime","20","-1"
"WeatherParam","392020","","GparamId","0","10"
"WeatherParam","392020","","WetSpEffectId00","4650","-1"
"WeatherParam","392020","","WetSpEffectId01","4600","-1"
"WeatherParam","392021","","SfxId","806100","-1"
"WeatherParam","392021","","GroundHitSfxId","1004010","-1"
"WeatherParam","392021","","SoundId","806100","-1"
"WeatherParam","392021","","WetTime","20","-1"
"WeatherParam","392030","","SfxId","806130","-1"
"WeatherParam","392030","","WindSfxId","808004","808006"
"WeatherParam","392030","","GroundHitSfxId","1004010","-1"
"WeatherParam","392030","","SoundId","806130","-1"
"WeatherParam","392030","","WetTime","20","-1"
"WeatherParam","392030","","GparamId","0","10"
"WeatherParam","392030","","WetSpEffectId00","4652","-1"
"WeatherParam","392030","","WetSpEffectId01","4602","-1"
"WeatherParam","392030","","SfxIdOutdoor","806132","-1"
"WeatherParam","392030","","aiSightRate","0.8","1"
